Meningitis,Alzheimer's Disease and Other Dementias,Parkinson's Disease,Nutritional Deficiencies,Malaria,Drowning,Interpersonal Violence,Maternal Disorders,HIV/AIDS,Tuberculosis,Cardiovascular Diseases,Lower Respiratory Infections,Neonatal Disorders,Self-harm,Diarrheal Diseases,Neoplasms,Diabetes Mellitus,Chronic Kidney Disease,Protein-Energy Malnutrition,Road Injuries,Chronic Respiratory Diseases,Cirrhosis and Other Chronic Liver Diseases,Digestive Diseases,Drug Use Disorders,Alcohol Use Disorders,Exposure to Forces of Nature,Environmental Heat and Cold Exposure,Conflict and Terrorism,Poisonings,"Fire, Heat, and Hot Substances",Acute Hepatitis
0,21,6,0,0,2,2,0,7,0,161,14,2,3,0,142,20,14,0,7,14,7,16,1,1,0,0,0,0,0,0
595,29984,5811,210,0,934,1040,108,1680,1950,451910,19090,2670,14918,557,202621,21676,9348,108,12388,39888,22263,42169,1139,5468,64,205,67,147,908,240
2084,859,208,5285,5920,437,517,2348,2530,12268,35397,13674,12504,1522,18314,11011,2848,1938,5104,2931,6030,4524,7189,49,159,0,140,139,379,405,249
932,258,74,357,5894,178,437,695,8830,2315,6189,4626,5491,469,8202,2618,741,750,336,1351,1061,1141,1883,11,40,0,37,2,102,141,116
55,610,156,26,0,441,279,11,41,139,19368,383,205,812,9,5626,186,79,11,934,750,248,798,37,325,0,220,0,87,257,24
10,923,297,6,0,57,90,1,2,138,17705,373,92,392,8,9128,2266,614,2,224,1230,597,1210,12,93,28,14,0,13,53,4
478,11811,2966,1303,0,572,2917,378,1817,761,100391,38173,3614,4926,803,81304,10194,15219,1224,6406,19026,8408,17598,83,742,10,44,1,275,678,35
293,782,208,3105,8,429,5547,720,729,576,8503,10864,5147,1203,4605,8438,3188,2236,2992,1376,1383,3608,5964,36,1555,6,25,27,152,189,6
119,2322,667,700,1,575,1947,262,1187,718,19221,5176,2449,1539,476,15717,4491,6349,585,4551,3399,3508,6275,54,318,45,14,0,69,180,12
63,53,9,50,0,17,48,16,63,103,598,217,170,38,256,277,29,44,42,27,125,66,116,0,2,0,1,0,1,11,9
1,22,5,3,0,4,7,1,8,4,245,33,12,4,2,156,60,35,2,14,21,11,25,1,3,2,0,0,1,2,0
13,52,8,18,47,22,35,7,83,11,761,101,211,85,64,300,97,87,18,74,64,77,150,2,8,0,0,0,3,10,1
58,1334,228,295,1,230,3192,69,766,90,7525,1987,797,481,338,4670,1671,3269,294,1169,1210,1170,1925,8,754,22,3,0,9,67,6
1,3,2,2,0,4,4,1,0,1,80,11,11,3,3,38,24,12,2,6,19,6,10,0,1,0,1,0,0,0,0
23,10,10,34,91,71,33,49,10,40,1174,490,159,87,295,269,157,88,34,96,213,80,123,2,5,0,2,0,8,14,14
36,1977,370,17,0,77,45,4,17,66,18866,2422,111,604,113,11119,678,505,10,363,2085,368,1456,286,263,3,30,1,14,72,2
0,0,0,1,0,2,1,1,0,1,27,6,5,3,1,8,6,3,1,4,4,2,3,0,0,0,0,0,0,0,0
671,13224,2412,541,5,614,1737,312,76,1246,133256,8291,13861,2302,1151,68123,16534,12667,417,5685,25156,6007,11448,142,163,16,58,485,348,418,259
3305,725,226,2823,13334,502,601,1954,4290,4700,11925,14994,11833,567,9676,6684,1634,1596,2754,1775,2479,2252,3671,9,62,0,82,0,245,344,512
48,587,107,174,9,135,363,36,484,196,3734,540,399,192,183,2479,656,632,161,500,615,304,596,14,21,13,1,0,15,17,2
208,127,37,209,0,113,720,184,13576,3049,4151,2104,1293,749,1646,2155,1235,543,202,929,1198,388,867,7,33,0,27,1,48,126,26
257,1402,311,2013,1,416,5555,716,579,411,12837,9317,3371,820,3161,10712,5465,5032,1864,2367,1950,4559,7159,161,1519,11,42,4,256,161,18
128,134,43,24,0,160,315,77,4,551,7965,1469,973,530,188,3510,86,417,2,435,515,1022,1521,11,121,16,254,0,171,77,58
156,708,108,28,1,570,486,48,124,747,16042,2350,1437,680,518,3704,319,534,23,656,2933,1562,1947,68,503,1,109,0,160,213,54
211,746,159,62,0,305,84,185,11,219,16841,2271,5142,292,218,4311,561,1101,58,2396,1470,765,1249,41,21,0,8,4,123,277,135
32,1047,227,4,0,403,379,1,63,379,23327,701,72,1534,5,8640,270,268,2,818,1041,1313,2262,86,558,2,416,0,194,162,2
442,199,55,395,2108,120,211,573,6685,2208,5320,2135,2645,337,3790,2295,819,517,377,1449,875,903,1487,15,39,0,19,1,64,80,38
154,100,29,199,13,90,467,82,8944,1042,2776,1412,998,376,750,1449,735,298,195,562,590,355,685,6,22,0,20,0,38,96,10
3702,36563,6544,9090,386,7822,62508,2373,15281,6506,334995,67124,50683,12315,9901,208607,48937,29944,8424,47828,60515,33323,64434,553,8972,165,72,14,221,1742,295
325,83,25,214,876,48,13,317,1043,684,1605,1278,1626,86,1058,660,198,200,206,207,289,277,513,2,9,2,10,1,30,40,22
24,904,230,15,0,63,43,4,12,46,11553,2177,136,541,13,7856,438,454,8,404,2185,310,1031,122,98,0,14,0,16,52,1
160,5910,1279,231,0,110,247,19,159,166,48550,7575,533,1870,190,40990,4075,2223,193,1328,8803,1880,6150,124,348,3,22,1,19,139,6
6,79,25,49,17,63,179,24,181,61,2430,262,192,250,61,780,567,285,43,156,119,251,393,2,27,0,4,0,2,16,2
50,89,60,7,0,166,109,12,145,109,6138,453,127,645,48,3853,873,1046,3,3593,1387,351,524,729,66,0,12,0,40,179,55
3450,5596,1219,4230,194,4897,16290,1988,2546,27934,95581,38980,30335,2902,14942,47488,14351,13445,3796,8100,22766,9249,20688,226,1080,747,138,2051,213,855,592
3,121,27,1,0,15,30,1,1,6,2371,55,84,108,1,961,83,74,1,70,53,36,106,1,7,0,5,0,5,12,0
53,447,87,24,1,193,212,24,173,105,4250,505,528,227,134,2967,349,382,20,644,665,482,889,11,50,0,1,0,9,24,10
4068,496,145,4075,5876,515,667,2386,6819,7326,10053,18151,12005,706,26817,3888,1189,1273,3981,1817,2134,2002,3708,7,60,0,103,176,282,365,704
5972,1279,302,5016,39357,763,1859,2155,61949,14624,21850,18040,34728,1794,12188,15613,3777,2555,4907,4745,4603,4093,7157,30,194,388,142,311,519,578,360
60,546,85,16,0,117,103,29,23,70,6643,606,1425,204,141,2591,343,631,14,1638,629,468,717,58,13,0,4,0,52,127,42
1,10,5,1,0,4,2,0,15,0,211,12,4,4,1,124,20,10,0,13,11,10,19,0,1,0,0,0,1,0,0
5,139,65,4,0,31,22,1,2,7,2791,159,42,50,9,1179,512,224,3,207,363,117,269,10,7,0,9,0,2,8,1
35,5071,1107,103,0,113,118,4,26,130,39392,2772,132,1392,383,23628,1995,1221,82,516,3684,993,3160,236,470,4,82,0,29,97,3
1367,101170,20907,4704,0,3772,18979,634,15477,1191,908753,75438,14839,35851,4932,610949,75715,59027,4237,49318,160322,46713,96726,19039,9418,249,1405,66,1224,4190,264
695,253,69,506,4029,111,112,898,2157,1111,3991,2373,2802,235,3774,1773,572,590,480,498,532,922,1454,5,28,0,19,0,65,87,77
586,8016,2182,1903,5,893,2691,473,1829,1001,93054,20952,6218,4600,759,69686,9917,12360,1810,5504,15645,6171,13140,46,896,21,62,0,286,715,49
2558,790,222,839,10601,325,257,1687,3624,3928,11813,8450,11098,825,8538,5421,1780,1823,801,1556,2163,1912,3443,12,64,0,64,5,224,287,100
1137,1941,442,363,4,1236,2252,726,45,1565,52634,6534,17390,1375,2668,12083,5353,4792,334,5699,2759,1957,2805,395,38,0,39,14835,148,1159,209
904,540,148,3567,597,1767,451,1589,342,9774,14777,23977,9088,617,7140,6598,1610,1229,3412,2570,2845,4968,8245,20,114,0,5,484,107,300,230
29,1045,154,2,0,212,283,8,171,288,22990,934,211,654,9,6221,269,233,1,470,1015,3026,3808,27,484,0,257,0,195,146,1
120,18,5,384,19,24,65,113,528,449,524,631,665,37,545,294,74,55,375,97,82,108,181,1,5,0,7,0,14,18,13
539,18884,4843,200,0,431,600,70,581,702,287057,38841,2859,6199,132,169624,7770,4785,84,5556,37799,4997,21190,912,452,52,235,218,286,753,22
213,134,36,233,0,110,695,204,13744,3090,3960,2222,1620,646,2012,1898,1051,469,226,845,1209,368,839,5,30,0,27,0,47,118,29
5,8,3,35,0,38,3,28,0,51,332,40,224,12,50,98,28,45,29,21,99,20,32,0,1,0,0,0,0,6,3
5633,1048,283,10060,32158,869,1609,3041,6079,5814,16849,13746,28986,767,13222,7745,2330,2286,9831,2277,3972,2806,5354,14,82,0,116,233,482,634,395
591,7516,2081,1779,6,920,2544,399,1753,1045,91977,17874,6168,4394,760,67318,9715,11362,1693,5439,14803,5971,12632,42,999,19,94,0,278,717,55
4959,1091,309,4242,35100,846,1736,1836,4522,7392,19870,23240,18147,1346,14535,8576,2583,2467,4031,4777,2444,2631,5636,46,134,8,126,25,573,654,278
480,94710,11188,1377,0,6689,911,61,225,4265,305525,92832,877,32804,2553,372831,7756,34421,1060,9235,41666,25359,49487,450,679,50,1635,0,463,1824,176
19,407,88,1,0,30,73,3,52,112,5519,1568,75,489,22,4068,330,263,0,278,818,196,412,6,7,0,2,0,6,11,1
2875,655,210,1684,16515,472,449,2313,14635,6334,13493,13875,13109,1039,23589,6103,2187,2422,1611,3481,2850,2885,4859,27,96,0,84,0,267,343,595
26,4216,827,69,0,52,56,4,43,40,22044,1589,164,1233,210,18152,1277,1787,53,370,2718,1039,2777,190,264,13,10,0,10,40,4
65,128,38,20,0,171,333,59,5,518,7753,1118,965,586,111,3633,91,338,1,548,435,1132,1593,13,275,0,256,0,112,97,39
2281,1581,491,1690,143,1777,4379,4623,200,4047,55274,22260,24234,1433,5986,18015,3827,4945,1651,8054,6859,3413,6476,316,126,155,58,11829,494,460,2204
6,25,7,7,0,24,48,3,156,11,468,66,55,8,8,272,85,40,6,60,26,41,74,1,8,0,1,5,2,11,1
1,6,3,1,0,4,6,0,3,3,112,11,5,41,1,142,5,6,1,3,28,9,22,2,10,0,2,0,1,2,0
18316,9809,2585,24409,3739,11381,2659,18251,74,125100,285751,87403,101675,6623,126918,98800,34236,22809,23110,49190,66641,59154,85907,268,407,173,111,450,965,2046,10994
32,1001,207,12,0,68,70,6,39,29,11425,821,144,567,12,7408,580,386,8,616,1849,216,774,39,32,3,5,0,9,35,2
275,1370,385,100,0,158,281,65,17,83,40295,2573,1616,311,131,8046,1610,2382,74,1824,2966,1876,2399,131,59,13,22,60942,81,185,12
922,155,48,1495,332,174,587,926,2414,5061,5153,4810,3669,470,5224,2792,792,513,1445,989,978,1304,2034,11,48,0,58,1,139,152,114
1122,536,112,1499,3331,245,422,952,4775,4329,9046,6309,6853,610,4348,5324,1398,948,1453,2206,2089,2074,3456,13,96,5,50,103,183,212,174
108,723,131,20,1,427,417,52,165,934,18616,1935,1477,698,384,3415,269,569,17,726,3118,1743,2121,79,452,7,119,1,125,161,36
1630,485,136,1180,11717,307,148,1390,2798,2509,9009,7460,6765,491,3744,3801,1095,1036,1143,1493,1479,1192,2324,10,49,7,50,0,178,234,144
35,1115,276,2,0,133,183,7,16,274,25152,1060,256,1187,14,11486,970,490,1,814,1263,1745,2676,30,242,1,40,225,40,59,2
2578,450,125,1539,8636,381,111,1322,395,4004,8122,8484,10031,565,14182,3438,925,1360,1494,1245,1944,1530,2740,9,47,0,55,21,200,248,144
60843,56488,27779,63747,62028,67494,44464,66685,155231,492343,1897232,521542,679052,194152,845116,625818,179626,168171,43721,199985,913387,238390,424444,6120,19487,1738,10714,2580,5573,24771,60371
0,2,1,0,0,2,2,0,1,1,55,17,1,3,1,29,18,10,0,3,15,3,5,0,0,0,0,0,0,1,0
21,352,82,61,0,328,247,20,1,137,12681,728,781,142,266,4487,903,114,24,439,1130,534,928,6,136,0,205,10,74,180,6
2310,28328,7796,607,0,17231,53512,435,10192,26556,1296499,47571,7078,70561,815,307228,10016,10851,315,42937,49698,49781,89239,10785,53800,86,26621,2175,12860,14888,130
874,8405,1918,282,3,1464,2423,355,509,873,138683,10137,20141,4753,1150,44685,8152,8905,248,27972,13147,5692,9141,3713,208,0,68,255,1195,2405,441
6,8,6,12,22,22,2,8,5,33,420,82,80,35,62,104,42,25,11,42,110,33,61,1,2,0,1,0,2,3,4
191,2179,633,475,0,580,775,66,518,625,21981,5000,959,1917,262,20025,2105,2381,457,2381,3671,3874,6073,19,508,16,43,1,52,364,7
11,61,13,17,52,26,45,8,167,12,1038,128,200,116,47,429,142,145,17,88,87,95,191,4,11,0,0,0,2,11,1
4,16,7,5,0,13,11,3,3,18,378,61,34,25,13,108,70,36,5,28,106,25,47,1,1,0,1,0,1,2,1
0,28,7,0,0,1,0,0,1,1,162,25,0,6,0,224,4,8,0,2,20,7,18,0,0,0,0,0,0,0,0
6500,19346,3819,13138,1626,9570,53278,2437,15788,8779,286370,56363,65825,10000,24231,146369,33427,20348,12396,44074,52548,26991,49163,271,5969,114,95,36,302,2236,326
124,1775,342,125,0,48,97,8,3,60,26617,1974,181,1435,90,15459,909,428,6,726,3466,839,2363,182,360,0,6,1,10,93,5
139,6068,1351,243,0,104,235,14,112,147,44799,7389,452,1874,274,41609,3949,2360,198,1128,8802,1896,6264,131,317,0,17,1,18,120,6
4045,409,111,9713,10235,1298,572,1983,3947,17586,15194,22091,18150,1202,35307,6351,1937,1367,9502,7612,3326,3362,5414,28,123,0,119,7100,481,533,647
109,1058,401,218,1,230,3321,254,91,558,15015,1121,1618,241,1181,7743,1127,3163,198,1166,3536,2952,5662,104,389,0,5,0,56,46,22
206,38341,6732,605,0,405,577,29,835,434,210138,9602,1024,4458,617,179568,19515,13009,429,6017,27325,12731,26604,493,340,43,164,12,90,463,96
3270,719,246,1488,21253,508,538,2621,28995,7268,16191,15425,14075,1299,25481,7221,2778,2772,1414,4131,3072,3227,5428,33,109,30,101,0,308,396,740
8,60,14,12,0,14,25,2,33,3,840,87,41,12,8,461,223,54,8,35,40,35,81,0,4,0,0,0,2,6,1
44,4473,1064,128,0,115,219,8,774,284,34448,6499,185,1508,133,28688,4095,3641,96,1348,6080,2347,5063,40,199,0,46,0,23,167,4
285,902,230,3112,6,426,6953,643,900,511,9098,10368,4432,1150,4206,9045,3733,2706,2996,1502,1500,3673,6075,33,1697,20,28,5,191,187,12
268,4265,1209,56,0,1732,971,136,450,2615,159173,8583,1389,2908,230,40876,2114,2149,42,4840,11194,11882,15901,212,1954,1,421,93,911,779,64
349,385,112,334,177,535,770,449,389,2941,11205,4823,4287,425,1855,3876,1210,1430,303,1201,2452,1057,2202,14,65,0,13,0,47,98,58
40,949,155,4,0,462,372,7,42,381,21229,468,124,1703,8,7596,238,204,2,893,1155,585,1233,85,748,1,244,0,166,178,3
770,827,189,350,15,311,187,402,11,227,30598,3170,9330,303,1096,5109,1188,2084,312,2122,2335,1382,1924,65,34,0,45,0,128,270,89
3,46,13,5,0,24,124,5,124,7,684,77,28,10,4,461,115,88,4,55,40,49,96,1,15,0,1,0,1,9,0
89,13911,3551,283,0,285,560,27,273,128,70379,7635,1050,4756,1688,82675,6000,6454,241,2354,15801,4941,11355,1856,1291,11,121,7,134,293,11
2950,212,63,7843,5926,568,1393,2083,2761,14625,9979,17596,13035,753,19476,4469,1397,1019,7669,2107,2409,2272,3588,9,82,0,154,29,374,384,920
0,0,0,0,0,0,0,0,0,0,8,1,0,0,0,3,3,1,0,0,1,0,1,0,0,0,0,0,0,0,0
1,21,6,8,0,7,25,1,22,3,339,38,15,8,4,194,98,44,7,10,19,18,40,0,8,0,0,0,0,3,0
26,1829,450,43,0,47,192,7,38,32,10313,1220,293,539,259,11751,2328,2057,34,626,1582,641,1660,50,61,0,16,707,8,46,3
1,7,3,1,0,4,5,0,2,3,112,11,4,40,1,144,5,6,1,3,29,9,23,2,10,0,2,0,1,2,0
57,3163,783,14,0,343,159,3,37,127,48387,2527,359,422,9,27625,882,3081,8,2372,2796,1534,2893,241,35,9,34,2,31,126,17
326,3415,571,828,29,638,9499,354,1542,755,35887,3596,5083,1940,1990,19650,5002,5058,795,5657,3912,2805,5174,44,186,50,9,31,87,159,24
179,281,48,41,1,564,206,71,73,521,10846,4642,1740,268,1133,2466,270,336,16,599,826,897,1162,7,102,0,8,360,61,278,187
1,15,4,3,0,7,7,1,6,1,235,46,13,5,1,155,67,37,2,12,18,15,31,1,3,0,0,0,0,2,0
4228,513,150,3782,6754,525,922,2446,6455,7219,10295,18242,12496,733,28050,4116,1235,1318,3691,1899,2175,2081,3815,8,62,52,106,2368,291,376,744
247,348,94,445,39,177,421,116,34,359,4659,1496,1999,263,1796,2097,798,944,443,596,653,685,1139,7,205,38,2,6,32,36,14
533,19798,4205,6974,2,2372,23459,1070,5300,2521,146828,20894,15390,7170,4679,91814,61729,62551,6238,19885,33364,39202,61011,474,4048,53,144,23,466,944,245
1,5,2,2,0,4,3,1,1,1,100,11,6,3,3,54,38,19,2,5,21,6,12,0,0,0,1,1,0,0,0
190,1797,527,856,4,726,3324,286,979,1021,16177,5280,3512,1472,691,13517,3623,5369,729,4682,2585,3115,5579,47,449,66,12,25,75,208,14
27,4087,811,63,0,52,55,4,48,42,22337,1584,168,1261,188,17960,1315,1703,49,384,2696,1044,2775,196,262,16,11,0,10,40,4
4424,1549,326,5473,14333,497,2728,3639,134431,15359,23755,20726,20358,2062,24486,11078,3492,2619,5281,3063,4907,8125,12675,41,188,101,182,367,571,569,1055
37,3513,857,8,0,68,73,2,40,53,30688,1026,148,1439,67,20779,2316,2293,1,628,2963,1985,3429,213,448,15,49,1,29,46,3
194,383,106,360,9,164,404,94,78,253,4791,1117,1521,294,822,2341,856,1191,358,544,688,746,1201,9,206,9,3,2,27,29,8
0,2,1,0,0,2,2,0,1,1,54,17,2,3,1,28,17,10,0,4,15,3,5,0,0,0,0,0,1,1,0
125,746,126,22,1,459,455,53,137,893,17920,2077,1415,695,436,3467,292,555,18,676,3091,1679,2062,77,465,8,104,175,133,172,41
36,908,155,20,0,128,451,19,154,48,5036,425,345,331,89,4542,344,1002,18,701,1035,701,1300,17,68,4,2,0,8,18,3
1,16,5,3,0,4,4,0,9,0,187,29,5,3,2,124,51,34,3,6,10,12,22,0,6,0,0,0,0,2,0
2008,54594,9564,8221,118,6110,65907,1935,15561,5485,397993,88641,29661,13503,7514,266014,65366,42336,7648,44529,76551,38029,78484,1127,9705,22,76,0,190,1661,237
2,2,1,2,0,6,4,2,2,10,104,24,21,12,11,33,20,10,2,10,23,8,15,0,1,0,0,0,0,1,1
51,242,64,13,0,49,236,34,11,27,5256,442,1595,74,52,1921,742,650,12,311,397,283,417,3,4,0,2,668,5,39,7
377,1824,428,173,58,672,591,324,2034,2337,36440,6873,1600,1193,930,16144,3399,3457,164,5536,6770,2925,6311,69,156,10,12,3,190,225,204
3978,495,183,2003,27946,584,1615,2236,52518,8290,14624,21006,24638,1428,15133,6507,2078,2235,1933,2769,2692,3172,5296,25,133,0,115,9,349,448,238
103,13,4,386,22,22,57,92,74,369,431,572,557,28,624,229,55,42,377,78,73,85,145,1,4,0,5,0,12,15,9
431,119,45,478,2559,144,180,389,7202,2748,4822,2333,2105,352,3761,1952,690,447,449,1224,890,738,1203,14,36,0,21,1,67,82,49
21,80,14,13,0,34,83,13,108,70,685,212,174,70,60,431,80,64,12,39,78,83,131,1,3,3,2,0,3,13,4
156,1928,563,767,3,705,3126,310,1051,938,16791,5224,3192,1551,609,14163,3904,5690,644,4934,2780,3223,5796,49,413,45,13,0,75,192,14
26943,1795,630,44661,5861,3549,6254,16142,54745,82646,64190,107779,98073,6100,118202,29868,10930,8275,42580,11705,13987,17704,28474,128,595,26,805,487,4190,2591,2245
36,1472,392,31,0,49,251,7,30,48,11024,966,333,534,171,10900,2569,1890,23,734,1538,657,1571,75,76,0,14,573,8,43,3
63,2096,370,104,0,50,85,4,51,50,21561,1730,143,968,109,16498,1205,652,39,589,4195,1109,3068,202,535,7,16,1,17,90,2
121,118,33,250,586,67,357,94,5576,1168,3029,1390,1021,216,1000,854,589,266,242,478,812,274,596,5,20,0,19,30,27,75,12
39,870,161,3,0,300,369,15,240,479,25785,1121,243,791,14,6164,300,209,2,625,1500,3665,4525,33,540,3,311,0,262,182,2
27,32,22,4,0,71,36,9,9,50,2272,223,168,170,25,981,290,299,3,1070,443,108,167,79,16,0,3,0,12,60,18
291,724,197,3158,15,421,5114,1068,656,605,8194,10905,5601,1168,4781,8032,2919,2000,3034,1298,1325,3538,5835,41,1463,27,21,30,133,186,4
0,9,3,0,0,0,1,0,2,0,83,8,1,7,0,125,5,6,0,9,20,8,13,0,1,0,0,0,0,0,1
267,299,66,455,29,180,407,139,27,371,3433,1613,2206,238,2182,1741,572,747,454,583,505,582,970,6,181,37,2,40,33,36,15
390,24610,5782,162,0,312,532,59,288,485,213148,38189,2006,5371,1784,166006,6399,5130,103,3842,42083,8782,28610,2052,1482,2,175,24,165,492,24
1,31,8,4,0,9,35,2,8,4,300,37,23,11,4,211,89,49,4,24,40,23,40,1,7,0,0,0,0,3,0
18,722,166,7,0,252,309,3,97,159,18379,473,78,691,4,5780,277,120,2,544,462,439,1071,66,350,0,262,0,59,250,3
7,102,19,0,0,27,32,6,4,33,1590,168,163,52,3,522,160,159,0,371,88,63,108,7,4,0,1,8,16,10,3
118,20,6,215,1001,42,29,102,157,737,719,794,599,50,1356,250,88,61,208,213,160,94,189,1,5,0,4,0,16,17,18
121,102,30,111,1016,33,55,124,1703,681,2031,800,824,135,550,961,412,246,103,419,301,333,513,6,14,0,7,2,22,28,14
1142,141681,31277,5934,0,3687,18086,1048,7200,956,929375,79227,11223,46011,11518,750419,75081,104364,5565,41792,218546,66816,127040,62871,14162,220,1365,2,1562,3683,129
409,111,42,453,2315,139,170,356,6188,2616,4531,2234,2018,332,3673,1831,642,415,425,1100,846,700,1140,12,34,0,20,32,63,78,48
5,14,5,8,12,3,11,6,0,20,271,110,45,4,13,142,15,49,7,21,79,48,64,1,2,0,0,0,1,1,2
2,2,2,3,0,5,4,2,0,9,84,21,19,9,14,26,13,6,3,9,22,7,14,0,0,0,0,0,0,1,1
31,2703,600,81,0,32,43,1,24,27,15330,2473,110,668,372,18488,1434,1133,48,294,4572,955,2684,198,817,0,14,0,10,75,2
9,61,20,59,39,67,150,26,212,78,2078,246,271,244,77,634,482,210,52,147,100,216,342,1,24,0,4,0,2,18,2
73,16679,3463,280,2,660,738,41,140,2980,69427,14692,600,14301,906,95571,11839,7306,104,6464,13919,9579,15917,108,955,0,289,0,199,553,26
3346,1052,390,1297,22623,663,747,3312,34764,7797,22200,19186,16951,1871,25310,10940,4186,3984,1225,5779,3865,3711,6297,55,151,0,130,17,411,552,507
499,1453,343,1187,4587,821,1136,1653,285,850,45318,6613,22400,1241,6902,10462,1435,2215,1122,10178,4825,2419,4231,188,65,0,37,3008,412,770,491
2033,7748,1508,1027,14,1443,2449,1396,18,4189,120734,26300,38458,3279,2896,56921,13871,11580,906,8396,18910,5169,9258,118,170,135,66,2529,726,596,1779
43,2520,686,15,0,285,117,5,37,244,45678,1893,500,439,10,23726,1154,2948,8,2350,2627,1748,2969,57,33,4,43,3,35,155,6
151,147,41,229,224,77,431,110,9968,1477,3355,1559,1020,259,949,1089,703,318,222,591,826,299,658,5,23,0,21,0,30,86,11
511,1574,371,1078,4537,843,1684,1646,289,913,49168,6532,20778,1362,6560,11338,1587,2409,1015,10824,5162,2519,4420,215,71,40,40,15117,429,804,478
295,3950,822,160,0,932,758,108,41,884,45162,4602,1146,4433,1014,18197,12920,5377,146,3283,13348,4291,5251,130,384,34,49,18,64,359,23
100,7122,1746,109,0,496,334,21,177,851,36171,11384,397,4184,130,50916,9350,6824,99,3798,8586,6557,10355,362,440,0,25,0,74,141,10
38,128,37,18,0,172,321,49,6,484,7582,884,980,611,78,3914,96,307,1,602,392,1209,1654,15,430,0,253,0,89,106,29
2,2,2,2,0,7,4,2,2,9,115,25,20,12,9,37,24,12,2,11,23,9,15,0,1,0,0,0,0,1,0
7,9,6,12,127,24,2,7,7,32,454,90,86,35,62,112,51,30,12,45,109,32,60,1,2,0,1,0,2,3,3
147,2306,391,75,0,1275,773,35,98,378,59682,1298,853,2341,56,19783,619,276,39,2506,6648,837,2467,131,1398,0,777,0,471,522,25
4451,628,189,2796,6416,602,992,3011,4788,7043,12638,19109,15805,879,30485,5530,1550,1646,2714,2357,2552,2616,4708,12,80,0,126,543,340,445,452
947,90,32,928,2435,260,207,649,5030,5749,4477,5159,4157,398,7370,1706,582,377,891,1513,1096,759,1451,6,38,0,33,4,110,125,131
2,20,5,3,0,4,6,1,6,4,246,31,14,4,3,147,59,29,3,15,20,11,26,1,3,0,0,0,2,2,0
0,19,5,0,0,2,2,0,8,0,162,13,2,3,0,135,20,13,0,7,13,7,16,1,1,0,0,0,0,0,0
2230,27413,7157,602,0,18008,52417,596,8449,21519,1196838,35075,8870,71781,1275,301575,10696,11050,311,38627,60175,29995,64587,9199,46710,91,21986,7145,11876,12229,177
14,161,61,39,0,118,31,15,102,19,5079,419,367,116,36,1364,711,200,2,2067,249,281,353,16,8,6,9,0,24,22,32
4,11,4,12,0,28,4,16,0,36,372,30,156,12,30,114,30,49,10,18,104,21,32,0,1,0,0,0,0,5,2
1278,11708,2712,1512,523,6970,1584,375,7382,24159,177831,20693,13119,6497,2854,68914,16915,11263,189,19666,30926,15495,22025,609,651,308,95,6,1176,566,912
0,23,11,3,0,5,30,0,9,1,427,21,7,9,1,291,70,46,3,15,26,31,53,2,13,0,1,0,0,1,0
571,2313,618,283,0,921,627,993,137,601,65386,5795,13183,1599,1147,13167,2178,4222,255,13410,5179,2911,4600,341,89,921,33,1330,446,999,415
4,34,10,6,0,23,54,3,265,7,566,72,33,9,4,341,102,59,5,74,32,44,82,2,12,0,1,0,1,10,0
28,712,199,16,0,71,31,2,32,64,13649,1893,128,394,8,7467,450,423,5,462,2341,202,855,30,45,0,16,0,14,65,1
6724,1121,273,5960,46798,804,1783,2285,78785,16335,21496,19465,34457,1888,13626,14223,3589,2420,5839,4868,4603,4168,7117,27,183,3,144,460,549,615,380
1450,795,227,2918,2088,825,1396,1294,22106,10545,17460,12860,8697,2372,4745,12038,3381,2240,2890,2509,2849,2030,4377,121,51,0,37,9,400,657,139
758,5422,1013,2042,960,1415,39612,610,2412,1266,54890,6659,10211,2729,2005,34066,6307,5427,1962,7709,11562,3291,8474,69,89,134,16,3202,98,301,32
57,402,106,12,0,93,249,65,19,25,6962,765,1462,156,59,3268,1305,1064,10,838,539,388,668,8,10,0,3,0,48,137,8
13826,4577,940,13852,17971,2083,6628,8660,39202,37631,64155,54943,93248,5184,58455,31634,10570,8359,13400,8871,12510,18668,29073,152,537,0,751,391,2797,2147,1760
215,823,157,100,2,517,762,61,40,1394,28638,6056,2641,202,997,7205,1190,636,79,722,2089,2489,3325,20,274,1,138,34,110,522,48
1,20,6,2,0,4,8,1,5,3,237,30,12,4,2,172,56,40,2,12,21,10,24,0,4,0,0,0,1,2,0
39,1053,279,2,0,139,216,5,10,317,25589,1013,279,1215,16,11540,894,440,1,899,1244,1785,2728,25,257,0,45,2178,42,63,2
253,48,14,264,1680,39,7,218,131,421,954,1147,1516,50,763,384,100,126,256,136,207,196,370,1,6,0,6,13,22,28,16
6,741,164,3,0,47,171,9,28,91,12911,566,224,297,15,5612,1195,413,1,260,1248,1111,1728,9,64,0,55,22,19,48,2
49,1380,316,9,0,169,192,4,14,157,24657,2578,164,1631,57,10337,583,213,2,725,1253,619,1782,155,237,0,48,7,18,109,4
10977,2785,614,15533,102544,2973,2001,11052,40078,57890,69154,59403,54269,4212,69116,25114,8220,6108,15113,26875,17277,11193,19349,105,459,32,315,934,1322,1482,2088
711,2032,687,1525,3,1509,527,2073,2097,8208,39680,10239,10972,3314,6338,18028,2775,4191,1216,2531,35643,7230,10303,30,205,573,219,5,549,176,637
2113,830,200,5594,5763,448,517,2380,2509,12356,34374,13837,12607,1486,19156,10639,2751,1885,5411,2897,5915,4407,7027,47,155,94,140,126,378,404,249
27797,7211,2548,15627,11048,6070,9117,15036,451,83896,203609,85830,224753,8991,130701,84711,16046,18589,11104,9653,71873,28368,43730,309,1082,352,329,394,2062,2281,11156
1,7,3,6,0,2,6,2,7,2,170,22,12,2,5,67,25,16,4,8,9,10,19,0,6,0,0,0,0,3,0
0,5,2,1,0,3,3,0,1,1,114,10,2,8,2,79,26,24,1,6,17,13,19,0,2,2,0,0,0,0,0
6980,749,196,5506,33631,554,1012,1415,15558,5214,12845,19879,13231,855,20070,5159,1700,1600,5301,2784,1803,2734,4521,22,85,0,89,0,409,454,309
4,16,7,5,0,12,10,3,2,18,362,65,41,24,14,104,63,32,5,28,105,25,47,1,1,13,1,0,1,2,1
104,350,76,17,0,294,172,66,141,696,16749,2217,1533,558,271,2594,493,557,9,483,488,1760,2083,53,282,1,107,4,57,233,60
744,2704,660,971,2810,1358,948,2553,5066,1223,71036,7573,23630,1963,9388,16047,2602,4535,893,7243,7123,4052,6302,347,96,25,62,564,642,1163,1170
10,1613,394,10,0,46,32,2,9,29,10094,1649,78,441,50,10113,486,679,6,165,2485,385,1146,194,94,2,6,0,10,33,1
470,81152,10213,1328,0,6496,987,79,203,4493,301656,89262,941,33536,2237,360992,7588,32223,1030,10294,40101,25256,47919,440,689,113,1450,0,482,1874,279
379,20638,4473,2825,0,950,997,101,4924,2329,167072,19306,1709,14872,1249,152384,7625,7013,2653,10845,22020,12997,28747,612,2913,18,592,7,211,1014,36
1,8,3,3,0,3,14,1,23,1,130,18,7,2,2,75,25,23,3,7,9,8,17,0,7,0,0,0,0,2,0
41,1013,287,2,0,140,152,6,7,405,26917,876,324,1233,17,11658,787,427,1,1005,1282,1883,2872,21,304,0,49,0,48,71,2
155,2614,766,559,0,546,792,54,428,620,23678,3894,862,1893,254,22062,2623,3113,536,2390,4507,4200,6541,36,576,5,51,0,53,350,6
395,3573,921,123,0,602,527,781,335,494,76392,5317,12184,1467,602,18236,3685,5991,104,11231,6040,3267,5181,418,96,10,33,342,367,791,258
26,652,136,71,0,15,734,35,493,13,5289,422,541,80,38,3812,2063,774,65,215,671,175,481,5,10,13,2,0,4,22,2
1610,6870,1564,12725,19,4384,17011,1751,2542,6821,73390,29288,36794,2880,24372,47898,27542,12769,10721,20434,17171,24522,36818,295,4594,55,299,20,893,1433,236
99,358,77,17,0,258,190,65,140,672,16538,2146,1547,536,241,2657,506,564,8,463,465,1815,2141,52,267,1,119,4,54,213,60
10,617,130,4,0,34,39,3,6,28,7529,711,41,661,4,4966,521,130,1,353,744,784,1271,16,138,2,25,0,13,13,1
0,1,0,0,0,0,0,0,0,0,10,1,0,0,0,3,2,1,0,0,2,1,1,0,0,0,0,0,0,0,0
0,21,5,0,0,0,1,0,3,0,118,13,1,8,1,174,7,10,0,9,28,10,19,0,1,0,0,0,0,0,1
30,82,24,74,92,127,16,34,7,41,3707,395,754,68,69,621,308,91,8,1657,189,165,220,4,4,0,11,0,22,18,63
13,71,43,19,0,59,36,15,9,40,2603,215,153,85,110,795,1692,286,18,89,407,86,179,3,2,7,1,0,2,26,2
28252,7396,2743,15139,11718,4415,10429,16938,499,86927,233120,86473,245567,11210,117595,101664,20201,22870,10070,12167,75320,31135,46573,418,1312,292,359,541,2262,2505,10742
4583,946,246,3765,22844,500,732,1117,19400,10348,21908,14165,18621,1068,12273,10869,2874,2427,3634,3309,3568,5106,7567,38,126,0,104,33,324,449,322
1539,275,82,3306,13618,279,151,1429,17329,9117,8115,6839,7390,626,9064,3550,1074,754,3176,1382,1962,1554,2494,8,54,0,65,14144,207,213,167
2716,5732,1858,37168,19231,35376,4092,13865,5,57639,139279,93972,116245,10104,67320,54790,14623,7484,33164,8046,54089,25986,44256,203,241,527,110,19,517,1940,6849
1,21,7,8,0,7,23,1,21,3,350,39,13,8,4,204,105,45,7,10,20,19,41,0,8,0,0,0,0,3,0
1049,14401,2891,740,70,5009,5127,398,16875,7828,89655,21162,2679,6845,5251,92723,13451,20412,682,19786,21176,16649,27296,341,614,141,37,527,199,652,246
160,126,23,350,0,88,453,131,1367,1593,2601,1727,2008,291,2293,1107,492,235,343,462,1005,312,653,3,19,0,18,0,37,81,44
9,1080,328,5,0,48,84,1,2,120,18828,414,74,366,8,9482,2290,658,2,195,1204,593,1235,11,90,0,14,0,13,53,3
50,7836,1809,138,0,206,327,12,95,80,46128,2828,648,2556,156,43049,3934,3487,108,1739,8245,1742,5099,720,496,5,46,0,49,115,12
56,644,154,8,0,344,588,18,136,383,23865,1072,414,739,40,5211,397,139,6,682,1761,3157,4030,38,323,2,166,0,239,170,12
1,14,4,3,0,4,4,0,10,0,160,25,10,2,2,89,41,19,2,6,7,9,17,1,4,0,0,0,0,2,0
1,16,4,3,0,8,5,1,8,1,232,51,15,5,2,143,62,32,3,11,18,15,31,1,3,18,0,0,0,2,0
31,4250,960,10,0,57,71,5,43,56,31571,984,126,1453,111,21771,2237,3174,2,497,3169,1863,3226,164,506,6,38,0,30,43,3
4,36,10,5,0,24,60,3,205,7,585,71,35,9,4,365,103,67,5,47,34,44,84,2,12,12,1,0,1,9,0
352,153,44,34,0,191,281,125,1,579,7103,2503,1207,496,487,3297,74,488,3,378,581,901,1488,8,49,0,241,0,284,76,120
2666,496,146,1060,13172,417,640,1305,2538,2568,8998,9351,12035,582,5759,3916,1187,1278,1020,1677,1596,1726,2887,10,52,46,66,0,212,290,200
405,151061,15570,1726,0,7939,706,45,189,3595,342935,108180,555,25559,3453,425630,8214,41716,1293,6768,51590,25479,57565,465,676,107,2068,38,317,1573,99
28,28,18,5,0,67,33,10,6,50,1906,197,242,140,24,804,235,250,4,927,375,89,139,53,13,0,3,0,11,53,16
3964,693,262,1191,41121,649,1851,2788,44466,8528,17877,21342,27089,1622,12022,8094,2672,2723,1133,3155,3090,3584,5841,29,147,0,130,44,386,487,261
35,1176,196,22,0,137,590,22,158,44,6086,657,291,386,126,5513,528,1244,19,872,1282,887,1634,23,79,9,3,0,9,20,3
260,6036,1022,523,514,528,11198,550,1882,781,56164,5251,3414,2293,1334,32241,9897,9575,499,6096,6427,4307,7925,92,175,2,11,0,82,190,20
7,63,15,12,0,13,26,2,40,3,862,90,38,13,8,476,233,56,8,35,41,36,84,0,4,0,0,6,2,6,1
646,263,129,214,1638,298,340,688,2701,1376,9270,5543,3336,183,2853,3155,2656,455,210,1506,4895,399,893,13,55,0,23,0,115,536,86
450,1857,478,105,0,1773,3142,201,260,4481,81232,5638,2666,4735,1435,24581,1770,1388,68,3312,8715,3186,6058,348,1455,112,1552,0,833,828,182
4279,519,191,1902,28715,599,1663,2351,55202,8503,15141,21079,25129,1473,14975,6725,2200,2305,1833,2851,2712,3236,5459,26,135,0,119,51,356,454,212
32,4538,1004,11,0,57,77,4,35,52,32169,1093,132,1456,136,21954,2300,3431,2,484,3329,1830,3203,144,525,9,37,0,33,43,3
259,30016,7039,153,0,296,340,44,215,384,176323,38626,1611,5447,1426,180410,5783,7195,113,2634,47951,9455,31361,2576,1749,8,128,9,131,368,22
1186,118965,24760,4277,0,3753,17944,1080,10551,891,823362,68989,13675,41273,10637,644331,71235,78863,3924,42561,179468,54496,106814,30482,11476,125,1176,502,1448,3753,137
22240,2837,740,29739,31961,2841,6750,14002,99077,64149,61522,81537,100289,5645,85874,29345,10172,8061,28712,10189,13324,17807,28157,125,548,119,782,699,3343,2259,2277
377,13672,1959,1332,55,947,17061,475,2450,908,72629,7899,4255,2731,903,49460,7048,9496,1287,7408,17772,3984,11497,127,124,14,16,0,63,200,13
27,2016,487,46,0,46,195,5,41,28,10571,1343,278,531,310,12314,2284,2238,38,599,1675,664,1755,45,58,0,15,94,8,47,3
384,68,25,137,441,69,172,173,1255,780,2055,1254,1766,153,1617,881,295,273,128,486,370,420,707,3,13,0,16,22,37,51,39
16,5,4,22,0,5,3,10,1,67,259,40,59,25,58,87,91,27,22,16,60,24,48,1,0,0,0,0,1,1,3
2992,6076,1987,30998,18839,33212,3708,11105,13,53612,150975,85719,109057,9286,56314,55641,16222,7890,27301,7841,54489,25665,42550,201,238,330,75,31,471,1737,5744
439,4808,1320,226,0,387,369,631,600,4233,112904,6432,6194,2530,1700,26250,6138,8905,182,9247,9145,4407,7276,383,108,0,109,2,245,838,396
608,247,87,805,347,757,722,861,12,4702,8907,8806,6518,468,4233,3397,997,1233,766,1239,2693,981,2241,12,89,0,17,2,66,137,211
6762,791,215,9966,27684,796,1085,2439,6602,5179,13402,12890,23678,595,19632,6086,1813,1759,9753,1966,3276,3055,4894,9,64,0,95,12,428,548,488
51,939,152,4,0,525,399,6,31,420,22290,451,163,1788,11,7681,248,188,2,966,1268,541,1184,88,1048,0,281,0,186,206,3
98,29,8,182,287,20,28,51,0,403,703,722,718,27,616,284,86,66,174,111,136,96,186,1,3,0,4,1,12,14,9
1342,6573,1587,1541,404,6662,10412,805,16624,14776,77663,10489,8219,10774,5742,61430,11487,12716,1354,32126,23396,11941,19704,430,945,258,40,25,345,690,362
5,146,64,4,0,31,22,1,2,6,2723,155,38,50,9,1209,497,222,3,203,357,116,268,11,7,0,4,0,2,8,1
49,690,119,14,0,98,116,36,56,61,7982,627,804,259,83,3370,509,822,12,1781,742,512,790,113,16,0,4,0,56,120,34
1183,119,42,1550,6361,331,282,960,11722,8103,5467,6392,5621,512,7554,2139,815,533,1510,2704,1340,926,1813,9,49,0,42,222,146,164,153
156,5701,1291,1215,41,672,1137,634,2793,2181,25674,17557,5304,948,1195,29454,4332,7131,1096,4722,6893,6065,10410,160,273,61,566,18,143,259,29
21,780,149,65,0,13,420,28,418,10,6457,475,400,89,44,4338,2399,939,58,183,642,185,536,6,9,0,1,0,3,19,2
67,51,13,37,917,16,40,64,1783,194,756,370,573,58,143,465,172,109,35,232,136,103,193,3,6,0,2,0,9,12,3
3798,1563,415,2449,26844,602,806,1508,17649,11741,34446,16550,17536,1882,7588,15345,5434,4072,2330,5342,5533,5741,9441,44,204,0,136,12,434,595,310
67,906,356,30,0,311,361,34,32,652,42389,2863,2273,368,133,11155,2000,1360,20,766,2001,3012,3830,35,209,0,127,138,82,413,26
2287,318,85,2292,12396,283,62,930,1712,2871,5947,8945,7737,247,6710,1994,610,654,2248,912,1031,1053,1734,4,26,0,37,1162,140,180,241
14,1371,252,90,0,40,819,11,445,26,7912,1250,247,302,85,5810,3001,1392,83,532,1528,961,1524,188,152,1,3,8,6,35,6
58,3217,740,17,0,220,163,6,10,78,52681,2818,190,1789,39,29301,1516,1069,13,1227,2588,2382,4679,77,422,2,138,0,92,87,4
1235,7639,1717,1370,543,6008,9923,864,28859,12183,78596,10019,6629,10324,5205,66270,11812,12890,1193,28653,23276,11633,19256,488,918,1,36,15,321,638,305
38,846,161,4,0,320,380,10,245,505,26116,1144,225,804,15,6094,319,200,2,650,1596,3775,4663,33,523,0,313,0,274,186,2
6899,934,258,8507,26600,885,1337,2680,5077,5875,15491,13798,26856,686,15578,7024,2123,2098,8314,2198,3692,2825,5177,11,75,0,110,34,466,608,422
6,757,127,2,0,42,58,0,34,24,8201,224,11,208,3,3832,140,349,1,82,303,277,584,128,214,0,53,0,6,54,0
375,2847,922,471,4,1859,885,426,336,3915,81731,6949,5224,2891,482,34303,3445,3628,400,8028,27138,4492,8105,250,338,610,111,0,439,299,169
4715,24381,7616,20348,637,5011,2261,5264,5603,76549,651481,44317,38125,7658,59589,229524,106333,42131,18641,37004,100930,88670,126348,589,653,621,132,57,940,1455,5560
199,383,97,366,20,250,1930,473,110,525,4902,1480,2837,173,3212,2412,305,633,339,753,1366,1207,2920,30,165,0,4,5,65,43,37
1,8,3,4,0,3,14,1,25,1,135,18,7,2,3,79,26,25,3,7,9,9,19,0,8,0,0,0,0,2,0
3057,523,124,11747,6371,601,146,2464,22,11531,20539,18677,11985,959,21447,6112,1532,1205,11431,2347,4467,2894,4348,20,84,212,121,0,362,393,246
77,621,174,11,0,395,704,25,156,418,26882,1222,468,854,53,6108,453,153,8,854,1981,3684,4704,39,377,2,189,1,273,208,17
52,374,98,12,0,94,245,65,16,25,6618,744,1479,148,60,3066,1258,1000,10,811,526,373,643,8,9,2,3,2,49,134,8
280,3463,848,1866,87,989,1027,887,2260,2669,20073,15278,7164,876,1549,22130,2531,4972,1707,4066,4451,4888,8842,147,429,23,164,9,209,334,36
3,94,29,4,0,4,8,1,5,4,1685,88,16,76,4,1039,59,52,3,81,176,100,187,8,18,0,1,0,2,4,0
4140,28758,5273,11378,852,8518,60644,2253,14760,7414,313658,56885,58264,11607,14219,184180,41850,26638,10583,44289,58970,30720,57649,329,7843,197,72,0,242,1863,325
20,344,77,1,0,28,65,4,27,119,5320,1497,87,464,28,3739,323,273,0,278,898,201,409,5,6,0,2,1,5,11,1
140,1127,229,35,0,239,89,131,32,175,22268,1687,3351,357,137,5684,754,1422,31,2538,1812,897,1432,74,26,0,8,0,107,264,93
278,968,238,3006,1,421,6767,884,845,484,9366,10014,4172,1072,4008,9183,3905,2940,2873,1564,1515,3663,6039,36,1678,23,29,5,197,178,14
357,1147,280,720,603,1199,479,711,3920,7835,21722,12918,6153,696,2360,9944,2456,1629,641,2774,3850,6705,10206,28,108,19,4,0,76,213,453
552,283,95,664,209,710,766,759,68,4465,9917,7766,6029,446,3224,3495,1063,1303,623,1260,2624,974,2191,13,80,0,16,0,60,125,133
45,5542,1199,144,0,101,171,7,437,239,33084,7548,134,1487,252,29722,3928,3660,106,955,6241,2031,5090,43,180,2,41,0,25,149,4
45,9526,2085,141,0,196,312,13,67,82,45146,3530,537,2907,213,47417,3653,4450,116,1523,9773,2057,5913,887,536,5,51,4,41,102,10
74,50,8,53,0,16,46,16,50,96,576,205,167,35,270,268,26,41,44,25,128,63,113,0,2,0,0,0,1,10,8
13,73,44,19,0,59,35,15,9,40,2642,216,150,84,108,810,1725,292,18,90,412,87,181,3,2,0,1,0,2,26,2
257,22619,4596,336,0,574,477,25,1534,592,126779,11516,908,3834,636,101587,10482,10829,188,5379,30879,9453,21954,798,456,26,109,18,127,312,17
96,8715,1919,210,0,80,144,7,49,99,42569,6330,308,2017,425,56513,3357,3780,126,810,10766,1810,6478,176,480,0,16,0,14,108,5
1205,1764,394,454,5,1238,1695,766,31,1736,49257,7244,18576,1248,3746,10884,4906,4351,418,5429,2706,1879,2731,346,35,0,46,339,144,1138,225
29,2474,535,72,0,30,42,1,29,27,13871,2313,121,651,382,17459,1336,1103,42,264,4280,918,2493,192,794,0,14,4,9,72,2
654,2119,651,74209,0,2242,899,826,122,3271,56311,10192,11149,3018,808,27795,2619,2789,74076,6886,22965,4023,7071,255,269,116,107,0,409,336,386
6889,981,277,4250,41921,746,1442,1662,5403,6585,17803,20988,16798,1167,14539,7367,2265,2139,4056,4018,2189,2410,5085,37,116,18,108,27,493,559,252
3536,788,286,1092,41656,658,1906,2735,33828,7842,18598,20398,27025,1661,10550,8624,2788,2807,1036,3193,3198,3682,5904,29,153,27,129,2,379,493,260
2078,7880,1662,2666,637,10019,1665,843,450,29596,125634,25066,26372,5567,7561,45797,12466,10987,548,14671,26201,16787,23959,413,463,492,115,0,1292,609,1622
40,903,165,124,0,127,635,53,589,211,4857,801,397,183,193,3535,1083,1013,118,520,776,460,849,13,29,1,2,0,9,23,1
2,109,31,1,0,3,3,0,1,2,669,85,5,37,4,594,21,26,1,13,93,15,56,10,7,0,1,0,1,2,0
1038,169,52,1161,4545,141,2070,661,828,1824,3290,3702,3516,159,6951,1211,386,453,1123,420,503,787,1247,3,20,0,18,1101,69,87,142
149,1073,219,38,0,250,89,138,28,183,21541,1751,3619,348,144,5487,726,1378,34,2523,1770,871,1398,69,26,0,8,0,109,267,96
70,6690,1582,137,0,210,250,15,145,77,46587,3113,621,2381,117,39058,3475,2777,108,1828,7605,1584,4599,783,443,3,42,0,51,121,11
395,147,41,37,0,193,255,143,0,562,6487,2830,1298,447,588,3149,68,457,3,356,556,873,1465,7,43,7,220,0,268,78,136
4,10,3,17,0,30,3,21,0,41,350,31,181,12,35,105,28,46,14,19,99,20,32,0,1,0,0,0,0,5,2
521,43537,6306,940,0,5120,1029,122,180,5285,282266,73072,1535,25799,1303,291298,8502,25134,642,14606,34164,24346,42382,344,737,75,918,0,400,1753,355
1657,3779,1189,1275,0,1286,241,1452,93,1388,162510,41276,23642,1950,21656,26667,7820,10808,1150,25403,15517,39338,44031,28,88,17,91,365,205,1413,2217
1,34,9,5,0,10,34,2,8,4,340,41,21,12,4,234,94,55,4,25,44,25,45,1,7,6,0,0,0,3,0
110,1554,615,4,0,337,434,29,26,252,70746,3932,537,1825,43,16338,2172,774,1,1416,3680,2240,3757,31,277,2,108,0,152,176,10
3,61,17,6,0,24,111,4,116,7,869,94,21,12,4,580,146,112,5,56,51,62,119,2,18,50,1,0,1,10,0
16,3280,727,12,0,104,83,2,5,55,25383,775,38,873,51,14495,496,706,6,266,2043,1152,2589,291,565,0,98,0,11,70,2
1,20,6,2,0,6,5,1,6,4,300,23,20,25,4,138,33,31,2,20,39,26,34,1,2,0,0,3,0,1,0
152,129,37,242,333,74,404,113,7912,1354,3319,1512,1023,252,1027,960,668,300,235,563,861,302,658,6,23,0,21,119,30,84,13
8,510,103,2,0,60,77,1,43,41,7720,188,22,249,2,3695,142,217,1,113,277,291,585,106,254,0,75,1,7,77,0
7180,17308,3543,13526,3186,9852,51099,2509,18245,9074,283063,60341,68160,9562,29213,137053,32314,18766,12785,44116,49103,26604,48024,246,5518,268,149,36,324,2365,316
0,0,0,0,0,0,0,0,0,0,8,1,0,0,0,3,3,1,0,0,1,0,1,0,0,0,0,0,0,0,0
53,482,86,217,1,146,309,38,515,187,3282,427,461,167,160,2134,544,465,203,510,561,250,505,12,22,2,1,0,14,15,4
218,46086,12375,811,0,473,614,35,451,447,350343,24065,1209,11614,4394,265156,21427,34419,640,4401,44216,20267,47310,1586,6406,5,149,3,99,677,35
140,4407,1209,98,0,802,672,23,118,1276,31833,6874,506,4963,31,39212,10351,5119,92,5014,7312,7227,10954,279,158,25,20,0,154,171,7
83642,30275,16385,181431,120014,77890,39721,95779,26565,584539,1374290,617082,802117,170096,994967,442878,99306,112643,133450,147942,672752,167233,350722,4214,14357,2876,10137,1712,6609,23324,62920
49,80,54,7,0,164,115,12,136,105,5590,425,139,636,46,3528,791,967,3,3543,1295,321,481,705,63,0,12,1,40,175,53
315,1303,289,412,29,266,1559,220,3100,692,17684,2033,4107,610,794,7421,1965,1597,395,2434,1446,1859,2612,19,99,1,9,1,34,137,21
0,4,2,1,0,5,4,1,1,1,88,9,3,9,2,61,23,17,1,9,15,13,18,0,2,0,0,0,0,0,0
72,2787,594,9,0,257,208,6,7,108,57570,2423,251,1822,15,27337,1120,965,5,1542,2100,2043,4097,70,267,5,85,0,117,97,5
54,434,85,146,0,21,343,40,293,24,4862,493,835,42,136,2251,1370,551,137,125,412,162,414,3,5,4,1,2,4,22,2
28,34,23,4,0,73,36,8,11,51,2357,231,161,181,24,1030,304,311,3,1122,461,112,173,90,16,0,3,0,12,63,19
21,343,84,13,0,219,288,5,1,87,11120,243,118,517,3,3535,100,58,10,421,323,155,473,25,250,0,145,0,61,170,2
474,1084,496,70,4,2120,768,253,464,4187,102934,15549,8015,2922,317,16509,4830,4398,9,4596,4751,10941,12837,160,300,0,188,0,357,960,296
2301,4104,838,3754,566,2358,24552,1035,78368,22630,72362,30216,21795,8379,22901,43565,16000,7653,3575,22495,19855,6566,12610,347,721,20,537,47,807,2526,162
28,1244,261,10,0,62,72,7,13,21,11334,526,144,539,18,7469,661,538,6,495,1977,231,804,45,39,2,6,0,8,28,1
72,3022,648,54,0,991,1204,19,412,668,83777,1430,276,3396,13,21181,402,525,27,1651,2586,3329,5498,364,2996,6,1190,26,444,845,28
0,0,0,0,0,0,0,0,0,0,8,1,0,0,0,3,3,1,0,0,1,0,1,0,0,0,0,0,0,0,0
21,45,14,139,254,60,116,25,61,95,2193,262,600,193,205,493,307,107,119,140,86,205,336,1,15,0,4,0,8,26,9
89,2198,441,28,0,140,84,70,147,125,32116,1750,1288,405,126,8989,1591,2363,22,2532,2477,1266,2024,140,32,0,8,106,89,215,88
1153,5074,1670,887,0,1011,465,949,104,1079,201143,27084,17566,2312,13218,40485,12436,14943,741,25408,18126,46823,52118,44,114,4,49,0,173,1355,1732
45,4675,1096,132,0,112,224,9,732,273,33939,6699,156,1519,152,28997,4093,3675,97,1253,6080,2283,5085,41,197,7,47,0,23,165,4
513,40,16,544,1394,96,83,199,55,969,1418,1656,1888,92,2099,574,164,214,527,394,370,299,521,2,10,0,11,0,35,47,64
60,432,112,12,0,97,263,67,22,24,7263,784,1476,168,59,3483,1344,1129,10,885,553,404,694,9,10,0,3,1,48,144,7
0,0,0,0,0,2,1,0,1,1,24,4,3,2,0,7,6,3,0,3,3,2,2,0,0,0,0,0,0,0,0
12828,148675,47020,14403,60,100416,27998,9215,11773,102321,3131151,255470,150219,164169,25318,1956916,111371,128709,12138,301638,1323164,173440,308400,24847,15761,1419,6377,102,24178,11754,9706
545,1186,488,84,4,2264,831,271,383,4448,101480,15932,7936,2796,365,16060,4430,4213,10,4296,5419,10647,12566,142,409,0,165,73,348,1059,335
675,1228,289,1545,4394,868,656,1814,261,892,40277,7458,25196,1130,10538,9075,1197,1931,1475,9802,4438,2396,4118,150,57,22,37,520,417,780,600
2,48,11,5,0,20,10,7,1,14,522,35,75,20,11,214,52,89,3,22,123,33,49,2,1,0,0,0,0,5,0
4926,562,159,3636,21219,539,853,1175,16231,5224,9580,18630,12706,711,23198,4437,1421,1302,3486,2533,1677,2313,3847,16,72,0,80,0,358,395,310
3265,688,225,1682,18918,496,499,2437,21798,6858,14873,14658,13563,1177,23954,6645,2500,2579,1606,3830,2927,3075,5215,30,103,24,94,1,292,373,646
19,201,48,32,0,55,257,10,418,24,3529,271,255,173,32,1437,1373,348,31,237,215,157,397,6,20,2,1,0,2,24,2
53,593,121,12,0,308,378,85,146,605,17913,1010,1840,659,153,3626,263,478,10,1073,1723,2247,2577,85,370,4,134,40,86,104,20
0,4,2,0,0,1,0,0,2,0,58,10,0,2,1,32,27,7,0,4,8,2,5,0,0,0,0,0,0,0,0
14,127,29,8,0,48,28,9,3,15,3406,318,290,161,35,768,343,446,7,189,418,336,441,2,68,3,1,0,2,50,1
0,4,2,1,0,4,3,1,1,1,102,10,2,8,2,69,24,21,1,6,16,12,18,0,2,0,0,0,0,0,0
29,1611,310,12,0,90,120,25,30,214,29960,777,468,321,20,8367,1502,710,5,783,1270,1565,2195,17,43,2,29,11,23,131,13
242,1630,498,224,0,555,883,97,287,752,21261,6453,1266,2372,279,17675,1816,1522,209,2282,2823,3672,5764,10,301,3,56,0,63,477,12
767,144,38,816,3939,168,183,558,360,1534,3302,3891,5051,200,7803,1346,304,432,788,835,741,696,1137,4,20,0,19,0,69,98,108
458,11900,2999,1314,0,570,2891,376,1796,734,100742,36482,3336,5009,761,83676,10548,15446,1239,6391,19145,8449,17640,83,795,2,44,0,273,672,36
13357,305,86,5504,17096,811,913,2055,1551,6252,8231,27507,14666,431,38557,2834,797,1170,5392,1738,2021,1857,3466,6,51,0,89,82,354,505,315
1655,327,87,3133,8609,349,126,1300,10326,7830,8093,6892,8510,619,9272,3760,1077,771,3049,1608,1927,1536,2557,9,60,5,72,33,236,248,178
2,19,6,6,0,9,24,1,11,5,279,39,32,10,5,176,89,33,5,27,38,21,37,1,5,0,0,0,0,3,0
1,142,35,2,0,2,3,0,1,1,688,98,4,37,5,625,24,32,2,11,107,16,59,13,8,1,1,0,1,2,0
0,0,0,0,0,0,0,0,0,0,4,0,0,0,0,1,1,0,0,0,1,0,0,0,0,0,0,0,0,0,0
732,5725,1010,1949,712,1380,26881,595,2597,1195,53254,6604,9914,2629,1872,33522,6110,5332,1889,7290,11422,3148,8308,64,90,160,15,1266,96,282,30
26,172,40,15,0,163,295,44,12,387,8060,590,739,605,59,4985,116,328,0,632,376,1419,1887,17,543,0,246,0,84,98,18
508,22095,5025,169,0,358,452,67,257,583,252922,51785,2246,6047,508,167542,6838,4557,82,4448,39754,7000,24764,1745,803,40,241,130,280,621,21
2,3,2,0,0,6,11,0,3,6,119,13,17,53,1,105,5,4,0,5,27,6,20,1,10,0,2,0,1,4,0
1076,111,40,1398,5471,305,263,924,12836,7640,5243,6112,5316,489,7337,2044,769,504,1358,2474,1286,898,1743,9,46,0,40,34,136,153,159
45460,5540,1557,11053,180588,3256,7467,13962,31881,65194,127914,192168,140521,4803,273916,38162,13851,12756,10552,13421,18837,27378,46688,113,788,30,800,90,3189,3205,4825
4616,423,117,5444,19434,564,199,1291,43480,10619,10926,15293,13690,825,18820,6330,1632,1157,5264,1743,1962,3137,4685,17,78,1,82,0,348,371,526
2330,309,75,7960,5810,314,419,685,1762,5245,6132,11146,8564,356,7098,3110,836,719,7781,1010,1379,1263,2080,6,42,0,77,0,186,233,166
1,14,4,2,0,4,5,0,9,0,160,25,9,2,2,92,43,21,2,6,7,9,17,0,4,0,0,0,0,2,0
3,98,26,7,0,10,32,2,25,2,863,157,20,14,5,777,295,116,5,30,59,44,107,1,7,0,0,0,0,5,0
1320,122,43,1577,6427,339,289,950,11057,8164,5542,6462,5707,517,7632,2166,827,539,1538,2754,1351,929,1830,10,50,1,42,271,148,167,139
13,1334,322,10,0,53,43,4,12,31,9393,1383,103,540,45,9148,447,597,5,193,2151,401,1099,188,94,0,6,0,12,36,1
30,2118,751,19,0,125,243,10,76,200,64416,1246,331,1825,29,27567,3735,2322,11,928,4009,1532,4518,70,431,5,69,2,40,113,5
40,1009,203,15,0,59,353,21,62,44,15132,882,597,175,65,6740,779,1027,12,449,1127,542,869,92,14,0,3,52,34,88,146
91,47,11,112,278,16,48,46,1,370,802,576,666,31,498,361,109,81,107,105,137,121,231,1,4,0,4,0,11,14,11
6,562,111,2,0,54,73,1,48,36,7757,206,17,250,2,3806,137,280,1,105,289,296,590,125,242,1,86,0,7,67,0
1,22,7,8,0,7,23,1,20,3,355,39,13,8,4,208,107,46,7,10,20,19,42,0,8,0,0,0,0,3,0
16,6,4,18,0,6,4,10,2,69,279,38,56,27,50,99,112,32,18,20,63,23,47,1,0,0,1,0,2,1,3
245,9944,2180,112,0,1461,1356,31,146,1320,181199,7965,1652,8020,59,96568,5258,4905,72,7934,11607,8034,16309,241,3377,4,477,0,517,713,19
2205,1999,495,2868,3949,2165,409,3233,2865,1968,62242,13363,32222,1595,22273,10893,1514,3304,2764,6920,7481,3760,5674,190,79,33,68,6409,881,1614,2489
57,4488,1023,276,0,88,182,9,68,119,32725,5348,228,2234,601,28608,1739,2042,232,1221,6838,1963,5226,169,411,0,111,0,43,138,5
54,138,90,7,0,174,87,12,160,119,8621,599,83,664,60,5473,1325,1433,3,3833,1778,506,734,805,76,0,12,0,42,190,69
8486,738,206,2882,29146,960,1755,3308,1932,5911,15468,24690,21154,861,30036,6239,1882,2008,2795,2677,3330,3048,6016,12,90,61,122,319,494,716,361
1291,383,97,2711,6607,333,92,1294,5872,7851,8970,6811,9079,678,9850,4302,1203,864,2640,1760,2078,1609,2911,12,70,0,79,29,253,270,191
329,1909,468,176,35,713,649,300,2096,2240,38426,7641,1528,1269,901,17388,3563,3615,167,5859,6700,3054,6630,73,147,13,13,9,192,233,218
383,146,41,37,0,180,243,132,0,524,6391,2912,1339,400,644,3082,65,435,4,325,551,862,1449,6,41,0,206,0,249,77,132
123,447,225,25,0,612,226,54,60,747,21923,3346,2806,453,840,5227,1639,407,2,689,1665,2135,2595,23,141,6,12,7,39,254,72
6,13,9,12,24,30,3,8,11,38,665,105,83,45,66,171,91,52,12,58,141,41,76,1,3,0,1,0,2,4,3
51,5010,1142,315,0,84,160,8,83,109,31700,5310,221,2365,779,31062,1718,2394,274,1050,6794,2048,5302,201,476,4,47,0,42,138,5
1,20,5,3,0,4,6,1,7,4,251,33,14,4,3,150,61,31,3,15,20,11,26,1,3,0,0,0,2,2,0
62224,53407,26269,67671,68053,67595,44087,69323,163270,490850,1812605,525259,692363,195456,849219,601219,171589,163299,47214,190881,875894,230556,415019,6092,18619,2051,10811,2269,5556,24467,61028
136,768,260,201,2,215,3526,325,79,487,10559,1026,2174,205,1399,5311,743,2093,185,1057,2646,2189,4447,67,287,144,4,0,50,41,23
62,4254,971,256,0,88,199,4,101,125,34009,5392,216,2237,499,28815,1767,1933,214,1322,6968,1954,5225,161,384,0,38,1,45,140,6
13,701,253,4,0,64,139,3,4,201,16956,393,188,438,9,7964,1420,515,1,234,1279,679,1243,6,150,0,8,0,20,66,5
0,1,1,0,0,2,3,0,0,1,52,17,2,3,1,27,16,10,0,4,15,3,5,0,0,0,0,0,1,1,0
1,6,3,2,0,4,3,1,1,1,114,11,5,4,3,62,40,23,2,5,21,7,13,0,1,0,1,0,0,0,0
37,1126,259,8,0,203,172,9,2,109,27839,2696,477,913,17,10612,813,668,5,989,997,1579,2572,41,209,0,104,0,53,73,3
10,928,183,6,0,142,139,7,144,62,15740,372,37,433,5,5842,360,295,1,207,441,431,991,42,294,0,124,0,15,127,1
3088,514,124,12017,6303,619,139,2251,6,11562,20157,18420,11885,940,21793,6066,1520,1201,11673,2326,4277,2844,4282,19,82,0,120,16,364,397,258
63,918,343,29,0,313,370,33,35,639,42028,2569,1954,375,120,11626,2092,1373,18,791,1996,3075,3896,37,220,0,128,16,84,438,24
3783,472,175,2077,27080,576,1540,2164,48701,8072,14113,20738,23907,1376,15106,6276,1953,2162,2007,2676,2678,3089,5102,25,131,0,109,16,340,438,279
359,2872,661,172,0,930,789,149,67,1151,41638,4133,2042,4112,1181,15052,10668,4625,158,3195,12980,4078,5004,110,374,37,51,8485,64,350,29
52,111,74,7,0,171,96,12,161,116,7314,521,103,648,54,4592,1068,1223,3,3709,1582,424,624,771,72,0,12,0,41,186,63
16,102,24,18,0,45,26,15,3,23,3020,316,279,143,57,670,349,329,16,160,437,271,376,1,71,0,1,0,2,60,2
2,76,21,1,0,3,3,0,2,3,757,94,8,37,1,506,19,16,1,23,83,14,52,7,6,0,1,0,1,2,0
2,4,2,0,0,5,8,0,3,4,112,11,7,47,1,127,6,4,0,4,28,8,21,2,12,1,2,0,1,3,0
0,16,5,0,0,2,2,0,13,0,160,14,2,3,0,130,19,12,0,8,12,7,16,1,1,4,0,0,0,0,0
50499,6186,1661,12206,207571,3528,9369,16891,82999,70661,140664,212981,162025,5706,273760,42312,15568,13492,11614,14916,19824,28428,49645,124,820,189,871,2692,3503,3489,5219
8,10,3,4,0,5,6,3,1,7,128,32,24,4,5,92,48,17,4,9,39,18,35,0,1,0,0,0,1,3,7
0,28,7,0,0,1,0,0,1,1,165,25,0,6,0,222,4,8,0,2,20,8,18,0,0,0,0,0,0,0,0
4179,1072,224,5397,26154,657,1125,1513,75008,19257,20910,17251,25864,1439,13747,8203,2901,1930,5213,3664,3110,2261,5007,44,158,5,129,12,518,565,461
95,28,6,526,348,107,28,163,19,417,625,1399,919,52,569,294,63,93,510,112,244,104,225,1,6,0,2,211,7,20,21
40,4476,891,130,0,168,116,4,27,54,48111,2920,141,1598,335,29145,3137,1151,115,804,3798,2295,4655,116,429,0,141,6,75,72,4
14,222,49,26,0,51,396,13,302,24,3258,248,210,167,26,1484,1349,370,25,243,203,156,402,7,26,0,1,0,2,23,1
2,4,2,0,0,6,10,0,3,6,120,12,12,52,1,116,6,4,0,5,28,7,20,1,10,0,2,0,1,4,0
280,1111,264,2738,1,422,8164,860,795,457,10410,9714,3734,939,3721,9732,4411,3659,2565,1836,1669,3900,6352,65,1590,2,34,0,221,160,16
263,1304,273,1220,1244,608,2258,253,298,1406,11359,4466,4970,812,1274,8452,2211,2650,1135,2837,1675,1980,3886,34,438,17,8,0,77,178,17
257,305,75,238,1190,49,195,540,22,548,3679,1959,2239,146,1987,1859,567,551,225,858,506,580,996,4,17,0,13,1,34,58,29
36,1923,328,17,0,75,51,2,55,69,19601,2581,118,620,84,10860,602,442,8,360,1863,360,1403,210,280,5,27,0,11,74,2
3527,777,242,2870,13628,534,643,1970,4794,4570,12545,15280,11700,599,9493,6960,1708,1652,2800,1893,2576,2325,3764,10,64,0,85,4,262,368,596
2168,359,94,2132,6587,359,360,1030,1896,2680,6751,8698,9070,367,7603,2492,701,857,2080,1256,1317,1351,2250,6,37,11,47,0,158,218,230
4561,1354,273,6027,15181,451,2507,3105,117468,13007,19820,20100,18986,1639,27605,9151,2833,2164,5813,2485,4187,6899,10906,30,150,40,157,329,487,546,882
938,249,71,367,6422,171,413,707,9519,2244,5936,4526,5492,449,8057,2493,708,718,346,1307,1021,1111,1814,10,38,6,36,1,99,136,126
46,5897,1255,357,0,82,162,5,61,88,31652,5835,196,2254,898,33216,1608,2794,326,869,6933,2106,5426,203,530,0,63,0,36,129,5
2,137,41,5,0,3,7,0,4,2,1355,119,8,64,10,1112,59,79,5,44,180,94,193,15,22,0,1,0,1,3,0
41,613,115,18,0,152,281,28,165,71,4452,395,390,315,101,3562,371,742,15,699,975,591,1096,13,57,3,2,0,8,19,3
3754,789,285,1453,28480,592,592,3021,35636,7011,17929,17078,15615,1471,29002,8229,3204,3085,1379,4744,3316,3432,5714,38,120,0,107,2,353,455,654
5,12,3,12,0,9,15,1,10,5,260,30,42,6,11,114,65,19,11,13,11,12,28,0,3,0,0,0,1,5,0
899,50,17,350,1398,87,116,208,830,918,1542,1540,1902,109,1824,616,215,221,338,424,307,316,562,2,10,0,14,200,38,50,61
255,471,222,82,0,701,163,58,120,781,20311,3985,3111,342,1210,4269,948,247,12,547,1651,1675,2144,22,178,75,11,102,74,306,84
930,558,153,3322,537,1755,459,1599,778,9982,15198,23576,8873,630,7069,6762,1662,1258,3174,2599,2902,5081,8414,21,117,506,5,797,105,296,228
351,521,160,3772,28,339,4877,853,437,966,8327,11690,7093,732,5974,6232,1885,1396,3548,1164,1392,2871,5140,93,1566,435,6,31,93,182,4
2595,5615,1219,2410,62,1470,19649,1404,175969,24337,83018,31292,21692,7342,16656,51714,26928,11575,2348,18016,18208,5801,13224,151,565,5,438,63,520,2077,134
0,0,0,0,0,0,0,0,0,0,4,1,0,0,0,1,1,0,0,0,1,0,0,0,0,0,0,0,0,0,0
2,16,4,7,0,8,15,1,29,3,242,31,27,7,4,131,78,24,7,11,13,12,28,0,5,0,0,0,0,3,0
6,26,7,7,0,23,57,3,187,11,479,66,51,8,7,280,91,41,6,62,27,41,75,1,9,0,1,6,2,11,1
1,1,1,1,0,1,1,1,0,3,33,9,7,2,3,10,6,3,1,3,10,2,4,0,0,0,0,0,0,0,0
11,280,42,1,0,20,24,3,3,26,2877,498,204,103,6,1106,247,226,0,492,161,141,234,17,7,0,2,0,16,29,1
2,24,7,5,0,9,28,2,9,5,297,39,28,10,4,192,90,41,4,24,40,22,39,1,6,0,0,0,0,3,0
8394,208139,57485,10874,9,72888,20659,4207,16364,56959,3669964,186990,87453,150572,8901,2214787,128147,152838,8098,329237,1145608,164921,288756,9981,21192,611,4447,392,30105,11346,4509
32,58,20,12,3,26,9,35,27,130,1008,197,388,39,144,377,109,115,7,70,493,162,265,2,6,1,2,0,3,9,15
17,1144,275,13,0,57,50,4,18,36,9452,1505,112,565,34,8560,456,515,7,263,1960,388,1078,187,105,0,7,0,15,41,2
21,704,160,7,0,305,338,5,83,198,18682,466,84,816,5,5773,271,113,2,638,473,430,1060,76,411,0,299,0,67,274,4
4,80,20,8,0,11,35,2,38,2,705,151,30,13,5,599,261,85,5,30,49,36,89,1,6,0,0,0,0,5,0
28,1876,419,9,0,153,158,3,5,110,22348,2566,80,1244,54,10975,486,301,3,457,1512,844,2180,208,709,2,116,3,13,81,2
47,4255,858,69,0,134,142,3,120,177,44531,4060,195,1737,58,22070,1534,766,52,791,2753,849,2940,125,394,0,60,0,59,120,4
86,9338,1839,219,3,876,1187,66,118,3415,63078,5965,983,14024,515,75412,12398,4766,88,7777,11964,9626,14090,99,980,26,311,1,248,537,45
99,10999,2987,328,0,293,538,28,448,134,69792,6215,1098,4318,1469,72965,7482,5054,272,2898,13620,4196,9985,1254,1034,18,119,30,127,298,13
1,151,37,2,0,2,2,0,1,1,724,102,4,37,5,654,26,33,2,11,111,17,62,14,8,0,1,0,1,2,0
1892,2169,517,2340,3363,2062,998,3245,3542,1856,63002,12478,31760,1657,21070,11731,1698,3572,2239,6977,7443,3839,5866,208,81,5,71,1897,861,1543,1798
2013,232,78,3198,8780,317,342,1147,7296,9760,9095,10085,6436,670,15653,4064,1254,850,3088,2207,2346,2097,3442,9,80,0,58,4342,205,212,270
8407,187358,52766,10611,21,76277,23339,5014,14992,66462,3413237,190310,99540,159417,11643,2126460,123442,142069,7878,324159,1161612,170433,297567,10723,21274,1180,4625,88,27780,11500,5017
4398,532,159,3573,7664,557,764,2615,5313,7243,10823,18664,13233,779,29380,4437,1314,1398,3483,2040,2274,2196,4014,8,66,0,112,1057,309,399,672
286,9605,2083,82,0,1490,1306,44,44,1500,187010,7110,2084,7723,62,91819,5453,4584,56,7986,11847,7518,15541,252,3393,55,431,2,640,714,15
7622,2472,669,5732,3438,7202,1552,2391,141,37860,99100,55738,37908,2766,50655,34347,13626,7813,5399,12574,38565,14937,23437,135,506,23,19,1096,2247,549,877
1263,2456,573,1434,1827,1618,1639,2926,4335,1478,65279,9631,28660,1815,13825,13431,2051,3848,1350,6956,7142,3915,6018,264,87,20,66,3656,727,1300,1408
1239,446,95,1774,3813,268,403,1112,6500,4631,8146,6852,6889,575,5334,4724,1241,851,1726,2169,1945,1942,3212,11,86,0,50,1844,184,210,173
997,767,276,953,453,1455,3519,1562,5908,1286,26468,6323,5855,1017,4090,10517,4245,2371,915,1366,3420,2151,4384,42,383,0,162,0,177,508,82
151,87,27,167,9,89,457,91,14733,1272,2846,1452,1015,406,889,1418,718,300,163,536,650,373,725,6,23,0,22,0,38,97,12
1,16,5,3,0,4,5,0,7,0,200,30,4,3,2,138,57,36,3,7,11,13,24,0,7,0,0,0,0,2,0
3317,452,139,3141,4955,441,1105,957,48742,9318,11979,11555,11226,1010,11107,6585,1864,1415,3057,2045,2018,3375,4975,32,91,7,84,18,311,325,301
1,146,36,2,0,2,2,0,1,1,701,100,4,37,5,636,26,33,2,11,110,17,61,15,8,0,1,0,1,2,0
3098,506,124,12122,6189,623,136,2101,3,11629,19826,18216,11818,933,22018,6020,1512,1198,11760,2324,4231,2822,4251,19,82,36,119,4,366,400,258
43,1406,304,3,1,107,237,19,2,319,38698,766,932,287,39,7020,1017,509,1,584,1305,1642,2035,18,51,0,26,20,27,218,6
4132,564,144,7543,17567,1300,698,2280,9927,17573,17544,20295,20245,1349,25475,7770,2364,1638,7398,9212,3506,3896,6217,36,141,0,124,12,521,572,527
183,286,53,39,1,575,220,76,93,630,12512,4518,1668,301,1139,2641,327,386,16,629,872,1018,1297,7,107,0,12,105,70,315,169
581,35368,5662,744,0,4189,1113,150,78,5399,287404,71892,1826,24544,1139,268657,10334,22424,397,15608,32967,26027,43389,292,756,515,758,2,446,1674,171
689,272,133,225,1736,323,356,711,2972,1413,9707,5849,3412,190,2997,3293,2796,478,222,1581,5055,416,927,13,58,2,24,0,121,574,87
2,46,11,13,0,25,112,5,81,14,444,108,57,27,11,287,147,108,12,78,71,63,99,1,11,0,0,0,1,4,0
136,37,13,135,8,58,207,57,9038,1083,1458,1039,584,232,757,910,616,255,133,440,348,196,357,4,11,0,14,0,27,60,9
106,137,37,87,786,30,71,105,1846,588,2268,732,725,153,405,1163,520,315,81,513,294,364,563,7,17,0,7,0,23,29,11
177,476,231,45,0,639,187,54,103,738,20832,3762,3049,382,1057,4512,1194,311,4,584,1625,1820,2270,21,153,0,11,3,51,274,78
0,0,0,0,0,0,0,0,0,0,8,1,0,0,0,3,3,1,0,0,1,0,1,0,0,0,0,0,0,0,0
109,9294,2565,339,0,316,445,22,464,162,75056,6190,975,4333,645,65032,7767,4403,273,3196,12813,3813,9041,990,952,7,131,1,123,316,16
3,49,15,3,0,14,32,7,12,11,899,65,52,85,9,567,519,121,3,179,115,101,154,3,5,0,1,9,2,16,3
37,940,171,124,0,126,591,51,557,203,4990,792,399,184,198,3635,1110,1060,119,523,805,474,872,14,30,5,1,0,9,24,1
311,16777,3220,262,0,654,385,20,5616,826,125280,9261,919,3615,291,91743,9810,8394,138,7114,26512,10437,20483,939,343,175,95,9,170,279,17
0,22,10,3,0,5,31,1,10,1,413,21,8,8,1,276,66,44,3,15,25,30,51,2,12,0,1,0,0,1,0
3034,608,151,8019,9336,485,473,2563,1520,10556,25464,15489,13694,1112,22283,7520,1964,1376,7814,2375,4874,3566,5326,28,111,91,122,1,350,376,208
0,29,14,4,0,5,26,0,8,1,501,25,4,9,1,330,80,52,4,15,31,33,57,2,12,0,1,0,0,2,0
2,7,4,3,0,13,9,4,10,14,272,41,20,23,12,89,83,44,3,23,55,17,31,1,2,0,0,0,1,2,1
427,15455,3151,681,0,575,1590,246,139,1076,153923,9234,10272,2256,846,87607,19465,15048,513,6702,30291,6414,12190,163,174,656,54,451,355,402,167
264,881,312,187,83,585,171,313,106,1850,22940,2976,9353,451,1730,5058,1646,2830,184,8271,2711,2819,3696,70,41,0,7,0,170,426,101
32,95,29,64,0,69,35,61,256,293,2315,595,533,60,235,786,181,221,57,151,490,201,414,2,7,0,2,0,4,13,6
541,2096,683,73994,5,2090,943,728,198,3875,61774,8838,9178,2989,742,29398,2801,3004,73879,7136,23936,4171,7379,259,291,42,112,0,404,315,396
2,246,77,6,0,23,21,0,4,4,2665,145,24,60,17,1952,449,292,5,126,444,121,308,13,8,0,3,0,2,8,0
60,8874,2074,75,0,630,380,26,142,941,150427,6362,440,2182,91,52590,2419,3043,67,2275,8106,10386,14626,149,545,0,298,0,314,407,6
1,19,6,2,0,4,8,1,5,3,240,30,11,4,2,180,57,42,2,12,22,11,25,0,4,0,0,0,1,2,0
9,1715,305,98,0,28,774,5,261,20,7844,1114,145,256,92,6357,3074,1900,92,427,1612,939,1500,70,135,1,3,0,5,30,3
99,3669,880,77,0,295,380,19,379,99,51230,1823,872,2342,38,31401,2198,1712,47,2739,6966,1394,3944,458,270,16,40,2,47,147,6
292,4554,745,472,67,558,12501,438,2234,663,42996,4509,5025,2110,1211,25140,7008,6924,455,6195,4725,3412,6224,72,142,29,10,1,78,177,18
5113,1812,405,5218,7374,602,4098,4057,95338,17366,29924,22451,20642,2516,26306,15287,4300,3250,5056,3975,6195,10447,16063,59,247,65,227,1876,767,685,1366
980,578,158,3086,491,1736,466,1625,1449,10144,15605,23058,8621,642,6757,6928,1710,1279,2945,2631,2959,5188,8573,22,121,0,5,747,104,290,224
43,1094,203,18,0,92,130,27,85,84,12747,837,349,347,70,5435,898,1374,14,2155,1173,724,1122,202,24,0,5,1039,66,136,45
26,844,174,12,0,68,78,6,58,33,11324,957,170,500,11,6980,466,334,7,707,1616,199,764,29,32,3,6,0,8,36,2
2,150,42,1,0,13,28,1,2,7,3647,67,45,134,1,1462,136,117,1,77,77,49,151,1,9,0,6,0,4,14,0
39,796,160,4,0,349,428,10,220,543,26655,1181,213,848,20,6006,366,170,3,669,1776,3936,4888,36,446,0,320,0,303,192,2
516,18605,3952,7227,2,2455,23303,1139,5460,2569,137676,20206,17019,6791,4650,87008,56724,59238,6477,19919,32047,37382,58155,445,3895,220,139,102,469,936,266
3296,4416,970,2768,122,2214,26248,2985,286607,36487,79504,39724,26645,10255,22102,46117,19937,9488,2662,25712,21042,7128,14795,306,599,3,605,31,808,2699,157
0,25,12,4,0,5,28,0,10,1,453,23,6,9,1,309,74,49,3,15,28,32,55,2,13,0,1,0,0,2,0
76,48,16,100,1,54,225,28,4009,694,1441,744,467,227,517,930,642,255,98,393,313,183,335,4,10,0,11,0,22,53,7
3,16,5,2,0,11,5,1,5,4,208,63,10,8,5,139,19,35,2,15,27,28,44,1,1,0,0,0,1,2,0
451,33953,6345,160,0,766,1158,62,2271,1342,409254,17684,1830,14724,500,213267,23504,9868,88,10328,37814,24919,44911,1499,6497,6,225,24,131,793,137
3467,371,122,3305,8913,392,840,971,63913,10182,10656,11465,10130,893,13438,5855,1701,1292,3199,1801,1893,3201,4716,25,80,0,80,0,288,292,325
52141,10472,2917,7542,227310,3458,12037,19685,77539,48787,146744,191077,204573,7613,215679,70387,21835,17827,6984,18610,23880,39606,68184,220,1123,19,910,6260,3809,4042,3040
4,10,5,1,0,16,4,6,4,8,494,28,94,35,3,194,103,41,0,250,28,50,63,2,1,0,2,0,2,14,1
24806,2203,677,41157,7700,3263,7296,15883,93876,76001,64758,98138,100106,6070,110457,29961,10789,8308,39403,11298,13874,18067,28889,133,588,0,785,503,3797,2420,2246
4,11,6,1,0,16,4,5,3,7,507,28,84,36,3,217,121,46,0,259,29,57,70,2,2,0,2,0,2,13,1
27,5024,946,95,0,51,53,4,37,38,23456,1893,152,1179,254,19931,1350,2196,76,332,3017,1052,2921,204,272,0,11,0,10,39,4
0,26,13,4,0,5,27,0,9,1,470,24,5,9,1,317,76,51,3,15,29,33,56,2,13,0,1,0,0,2,0
24,359,76,57,0,320,179,31,1,109,10672,1147,1155,105,385,4136,495,68,23,551,1078,406,802,5,88,0,183,25,83,230,8
4,10,6,1,0,16,4,6,4,7,509,28,91,35,3,204,112,43,0,252,29,53,66,2,2,0,2,0,2,14,1
3,46,14,3,0,14,32,6,12,11,883,65,52,84,9,539,489,122,3,176,115,97,148,3,5,0,1,3,3,28,3
252,31793,6945,3694,0,1145,594,78,584,1189,147786,17832,1462,12735,1935,177632,11948,10261,3557,5106,18614,11203,27272,1501,3901,71,416,17,214,709,18
2,31,8,3,0,6,5,1,7,3,403,29,21,31,5,179,39,47,3,17,46,30,40,1,2,0,0,0,0,1,0
23,10,11,34,93,74,34,50,11,39,1210,499,161,89,291,279,167,93,34,99,219,82,126,2,6,0,2,0,8,14,13
98,6831,1502,233,0,84,165,6,59,102,37570,6452,369,1863,385,48019,3042,2851,169,834,8790,1678,5778,136,315,5,15,3,15,105,4
67,2454,875,14,0,213,220,11,88,201,79473,2180,288,1300,29,21568,2556,1804,6,1110,3051,2585,4254,72,113,3,159,0,57,152,12
4,30,12,4,0,11,27,5,10,13,847,61,59,82,9,426,307,100,4,164,137,78,131,2,4,0,1,0,2,11,5
9183,18357,5649,18940,3012,6946,2540,10075,3095,104609,514806,51750,67620,7691,75605,173532,70947,35997,17355,40737,94419,81959,115272,479,593,1497,126,53,969,1632,6235
92,29,7,426,166,106,29,160,125,407,687,1323,885,52,549,320,69,99,413,117,257,110,239,1,6,0,2,374,7,19,20
1,207,54,7,0,3,6,0,3,2,1222,123,7,66,15,1207,64,111,6,35,205,85,197,16,25,0,1,0,1,3,0
3900,861,318,1379,27818,603,647,3208,36529,7038,19200,17586,16466,1585,28899,8953,3500,3306,1305,5033,3493,3562,5906,42,128,0,112,31,366,477,589
0,0,0,0,0,0,0,0,0,0,4,1,0,0,0,1,1,0,0,0,1,0,0,0,0,0,0,0,0,0,0
25,40,28,23,0,66,39,21,11,48,2020,230,203,85,103,470,1064,211,23,103,443,70,137,3,2,4,1,7,3,25,3
977,584,167,1389,4441,424,862,394,78903,5741,10364,7986,7520,1257,3657,7226,1571,1199,1368,2259,2036,1679,3153,57,36,0,24,0,224,332,90
545,21901,4532,6995,1,2437,31509,1059,5157,2590,158878,22042,13592,7927,4750,99314,68316,67633,6234,21149,35501,43161,66516,542,4157,732,148,0,474,1012,241
809,85,29,2179,625,151,351,779,3508,4552,3601,4635,3288,329,5194,1904,529,355,2104,736,782,889,1391,6,33,0,47,19078,110,120,99
0,2,1,0,0,1,1,0,1,1,42,5,1,2,1,13,11,4,0,3,7,2,4,0,0,0,0,0,0,0,0
11676,413,114,4890,18050,857,1113,2534,3686,6063,9871,26341,17538,548,37527,3586,1098,1355,4782,1975,2223,2288,4195,7,60,4,98,3,404,552,355
42,1214,343,29,0,46,167,10,32,74,12324,824,406,549,110,10275,2377,1364,18,773,1498,640,1473,58,71,2,17,8,9,44,4
1,5,2,2,0,4,3,1,1,1,95,11,7,3,3,51,37,18,2,5,21,6,11,0,0,0,1,2,0,0,0
91,3163,699,21,0,198,234,6,111,176,62352,990,350,2722,35,35952,2370,984,8,1501,4505,5660,8509,50,654,0,244,0,73,197,3
2,32,8,4,0,9,35,2,8,4,313,39,22,12,4,221,89,51,4,25,41,24,42,1,7,0,0,0,0,3,0
1,12,5,2,0,6,6,1,5,4,266,23,18,25,3,108,26,22,2,22,36,25,31,1,1,0,0,0,0,1,0
4043,326,93,12121,6592,1180,506,1813,762,15932,13025,20841,15384,1069,36931,5367,1656,1165,11838,5753,3006,3028,4876,23,108,0,110,12398,424,468,638
1422,741,212,2977,3685,734,1257,1362,31034,11450,16356,12888,9397,2156,5247,10857,3094,2057,2948,2302,2715,1952,4138,98,47,8,38,5,367,615,146
3,13,3,10,0,8,15,1,27,4,251,30,35,7,8,122,75,19,9,13,12,12,28,0,4,0,0,1,0,4,0
125,1351,277,30,0,212,100,113,53,152,24321,1618,2696,384,124,6232,897,1591,26,2608,1953,973,1553,94,27,0,8,22,105,249,85
59,3432,742,88,0,120,207,9,125,154,38687,3592,409,2251,112,30656,1793,1498,69,1992,6735,1796,4439,90,261,0,38,1,94,144,16
1754,1053,289,563,6845,279,170,1869,2626,3944,14328,7377,10477,1015,7720,7043,2254,2182,528,1741,2553,2176,4056,16,79,0,68,16,222,282,109
698,313,149,240,1606,359,631,766,3521,1496,11624,6246,3760,228,3299,3977,3231,549,236,1817,5710,496,1073,17,72,0,26,0,133,635,89
155,82,24,137,985,43,50,104,154,721,1790,834,813,122,697,806,327,184,128,336,306,302,459,4,12,0,7,0,23,28,17
126,37,12,134,11,58,190,58,9432,1059,1395,992,607,217,790,881,564,254,131,421,353,193,351,4,10,0,14,0,26,57,9
9,66,14,16,10,27,50,10,150,11,1015,126,192,125,43,452,149,153,15,92,86,94,192,3,11,0,0,0,2,11,1
519,1131,507,76,4,2212,873,277,393,4498,105814,15912,7927,2946,320,16635,4800,4686,9,4620,5284,11255,13224,167,341,5,181,45,360,1029,315
11,52,18,72,71,61,197,29,362,90,1978,269,344,255,102,596,493,161,65,152,96,211,330,1,21,0,3,0,3,20,2
21,17,16,32,377,110,38,66,23,49,1801,502,143,123,287,453,295,92,32,137,299,110,164,3,10,2,3,0,16,18,12
4438,974,207,6746,31173,689,830,1371,57876,18704,18662,18282,25954,1239,16676,7435,2584,1802,6540,3389,3013,2091,4567,35,139,3,124,7,512,560,569
474,8807,1405,1419,103,1236,18200,394,2664,934,57421,6836,6565,2651,895,39304,5351,6763,1373,7179,13485,3321,9441,89,116,588,15,270,87,204,15
9,12,4,4,0,6,2,3,1,6,155,36,22,5,4,111,63,26,4,10,45,19,38,0,1,0,0,0,2,3,7
479,1731,413,1010,5089,843,820,1705,347,1029,55752,6289,18982,1560,6614,12681,1815,2676,941,11717,5738,2786,4877,261,82,0,43,13402,450,839,523
105,17,5,212,594,38,26,94,23,759,701,766,510,50,1316,236,84,57,204,181,160,92,183,1,5,0,4,0,15,16,20
210,4571,1105,1423,12,804,1136,783,2164,2560,23332,16820,5933,994,1245,26895,3492,6384,1286,4879,6033,5636,9898,163,274,186,341,73,164,271,31
2,12,3,4,0,4,2,0,7,1,170,22,10,1,3,75,34,14,3,6,7,9,17,0,3,0,0,0,1,2,0
53,464,87,21,0,183,211,29,178,99,4139,489,494,226,129,2947,340,403,18,623,698,473,883,11,51,60,1,1,9,23,8
5,15,7,5,0,12,10,3,1,18,357,67,43,23,15,102,60,31,5,28,104,25,47,1,1,8,1,0,1,2,1
27,38,24,22,0,60,27,21,6,48,1772,212,199,78,118,429,731,150,21,94,413,63,127,2,1,0,1,0,3,24,4
51,2915,746,16,0,317,134,4,72,168,47482,2192,425,426,9,26304,960,3139,9,2394,2634,1684,2978,142,36,15,33,3,32,139,10
3,19,8,4,0,13,12,2,5,15,418,57,25,24,11,118,93,47,4,29,103,25,47,1,2,0,1,0,1,2,1
303,266,71,312,2045,100,227,460,5420,2035,6285,2040,2423,376,2310,2908,1014,623,296,1470,933,969,1579,20,48,0,19,0,66,83,32
7,73,23,54,34,73,184,25,198,70,2281,263,230,268,65,717,501,282,47,154,114,243,382,2,25,0,4,0,2,17,2
36,1013,184,125,0,127,628,54,548,192,5192,808,371,197,190,3865,1181,1117,119,530,851,492,913,17,31,0,2,0,9,23,1
8,130,23,1,0,23,41,4,2,36,2005,187,156,71,3,664,247,216,0,407,106,92,144,11,4,0,2,9,14,13,2
109,39,14,122,4,58,216,41,6459,936,1433,900,545,229,667,901,625,250,120,423,327,187,344,4,10,0,13,0,25,56,8
1626,256,84,3529,14260,329,44,1341,15579,9910,8910,7904,7433,657,9463,3680,1103,776,3391,1394,2200,1566,2540,8,54,0,67,13083,225,233,147
1275,567,221,1130,1640,1324,2870,1708,10472,1382,21515,6643,5589,810,4844,8256,3462,1820,1093,1138,3031,1754,3737,27,292,21,151,1,172,500,90
316,2017,490,170,33,711,683,279,1996,2100,38697,8491,1495,1278,921,18170,3382,3609,162,5893,6190,3105,6721,75,141,12,14,2,186,237,221
1444,8285,1845,1144,318,6403,9401,917,34113,11451,84185,11028,5814,10272,5311,72636,12621,14773,993,28444,23901,12796,20872,547,918,109,38,15,339,673,275
3217,847,262,2303,14559,501,727,2102,4581,4621,13634,14413,11387,670,8271,7372,1818,1752,2240,1990,2700,2360,3827,11,71,2,88,160,262,365,347
1,16,5,3,0,4,4,0,8,0,191,29,5,3,2,128,52,35,3,6,10,12,22,0,6,0,0,0,0,2,0
58,3128,624,50,0,74,84,5,207,79,25635,2206,176,1578,55,16234,1739,780,28,629,2657,1026,2447,286,272,5,12,0,11,52,7
0,4,1,0,0,1,0,0,1,0,54,9,0,2,1,29,24,6,0,4,7,2,4,0,0,0,0,0,0,0,0
0,0,0,0,0,0,0,0,0,0,5,1,0,0,0,1,1,1,0,0,1,0,0,0,0,0,0,0,0,0,0
0,0,0,0,0,0,0,0,0,0,5,1,1,0,0,2,1,0,0,0,2,0,1,0,0,0,0,0,0,0,0
818,704,155,3148,6137,1010,335,1725,138,1210,29894,10099,25353,721,19016,5500,677,1337,3073,8113,3662,1828,3170,65,42,0,31,11,409,794,1203
714,10885,2408,8608,6,3045,12302,1489,5171,3418,92538,17721,26183,4713,6799,64169,37679,32663,7513,18881,22888,30639,44736,482,4498,72,161,4,577,945,234
1,17,6,3,0,7,34,1,13,1,286,16,12,8,1,173,45,24,3,20,17,23,38,3,9,3,1,0,1,2,0
970,182,48,736,4427,178,300,598,5916,2039,4254,4442,5220,303,7246,1753,470,540,710,1075,787,865,1432,7,27,0,30,10,89,121,119
29,2372,798,21,0,108,213,9,91,140,62674,1578,246,1628,43,28512,3695,2532,12,770,3969,1422,4341,60,393,2,54,0,36,108,5
1,1,1,1,0,1,1,1,0,2,33,9,6,2,3,10,6,3,1,3,9,2,4,0,0,0,0,0,0,0,0
2142,800,192,5950,5444,456,503,2420,2438,12484,33211,14010,12717,1442,20095,10224,2640,1824,5765,2848,5774,4281,6850,44,149,81,140,55,376,402,248
4,13,5,9,0,10,16,2,6,8,314,36,44,9,9,154,82,28,8,27,32,24,39,0,4,0,0,1,1,4,0
5769,2189,459,10171,26847,1227,2560,4127,123268,21264,36560,39109,38643,2280,21959,20126,5466,3975,9867,4633,5374,7945,12663,79,229,3,209,9,911,1014,645
2,2,1,2,0,6,4,2,1,9,93,22,20,11,12,30,17,9,2,10,22,8,15,0,1,0,0,0,0,1,1
1,13,6,3,0,7,33,1,14,1,256,14,17,8,1,148,40,19,3,20,15,22,36,2,7,0,1,0,1,2,0
0,0,0,0,0,0,0,0,0,0,8,1,0,0,0,3,3,1,0,0,1,0,1,0,0,0,0,0,0,0,0
109,91,25,308,407,61,264,90,1147,955,2470,1249,1048,155,1007,682,448,205,300,357,709,233,503,4,16,0,16,0,25,63,11
2376,3584,542,4695,345,2231,23049,1726,14626,18551,48659,27152,20285,6974,21915,31285,9830,5274,4560,19446,13926,5066,9904,287,525,19,452,239,783,2273,159
19,4,3,25,0,6,5,10,1,71,241,42,66,25,76,78,62,18,25,14,59,24,47,1,0,0,0,1,2,1,5
1012,15192,2995,765,81,4819,5050,364,19269,7641,90755,22577,2468,6650,5322,93810,14081,20993,708,19174,20618,16968,27722,340,606,85,37,547,191,682,233
4,79,19,8,0,11,28,2,52,2,732,140,32,12,5,567,247,80,6,31,47,34,86,1,6,0,0,0,1,5,0
0,26,12,4,0,5,28,0,12,1,464,23,5,9,1,315,75,50,3,15,29,33,55,2,13,0,1,0,0,2,0
180,5036,1224,1331,8,753,1159,765,1898,2528,25133,17624,5807,1019,1207,28655,3982,6964,1197,5037,6678,5952,10343,172,275,53,143,15,156,268,31
1353,10337,1758,632,8,1131,2440,853,68,2384,122045,14423,23475,2822,2267,56040,13952,11828,522,6678,18871,5557,9869,135,170,21,84,104,574,502,1221
124,2760,626,20,0,253,359,17,192,348,67646,1226,556,3320,23,33325,1810,719,7,1675,4582,7093,10097,40,1125,0,264,3,82,256,6
223,44103,12028,842,0,477,622,33,511,443,345971,23674,1255,11658,4654,260050,21006,34600,664,4337,43712,20265,46986,1505,6320,7,155,3,99,684,35
27299,7584,2905,13388,4158,3325,11435,18531,554,84263,253098,84269,275729,12708,104517,114605,25088,27469,8495,13894,76291,33626,49344,557,1476,329,562,274,2307,2570,9783
9,1965,345,105,0,26,701,6,237,20,8612,1228,111,251,95,6822,3304,2038,100,408,1788,1010,1629,56,138,0,3,0,5,33,3
221,143,35,222,0,101,704,175,17922,2854,3801,2126,1710,556,2300,1772,934,427,216,768,1213,381,861,5,28,0,26,0,44,109,32
9,577,153,5,0,58,154,12,12,150,13478,572,321,286,23,5635,1355,309,2,260,1201,1071,1617,10,63,1,143,5,19,49,8
1,7,3,5,0,2,5,1,11,1,156,22,10,2,4,67,24,17,4,7,9,8,18,0,6,0,0,0,0,2,0
543,292,96,625,204,704,765,713,99,4306,10056,7489,5851,438,2994,3498,1068,1311,584,1255,2581,966,2157,13,75,2,16,4,59,123,112
3719,359,100,11048,7883,1202,505,1768,1937,16552,13830,21501,16815,1083,37603,5652,1749,1223,10802,6157,3121,3105,5013,24,111,0,111,93,441,488,612
1269,132,45,1612,5689,355,317,970,9369,8445,5976,6593,5993,556,8000,2310,886,579,1574,2973,1415,968,1937,11,53,3,45,308,156,176,116
6,8,6,11,22,20,2,8,4,34,399,79,77,33,62,98,38,23,11,40,108,32,59,1,2,0,1,0,2,3,4
3846,7239,2745,9739,4105,19115,3521,7008,214,39446,242016,50206,79128,8237,32312,73426,22685,10648,7005,9143,59517,25497,39291,227,279,213,145,20,497,1360,3884
2254,1544,482,1705,94,1716,4245,4736,191,4122,54868,22162,24057,1413,6008,17522,3682,4846,1667,7494,6878,3353,6398,305,124,333,103,11350,482,445,2264
896,190,57,1259,283,165,637,887,1760,4920,5705,4615,3465,506,4771,3105,889,569,1212,1031,1032,1383,2193,13,53,0,58,10,141,154,117
65,1158,229,6,1,206,297,20,3,399,34497,973,1114,328,98,6194,826,314,1,561,887,1551,1944,21,58,0,27,172,41,318,4
2119,3282,1045,1482,0,1544,255,2041,56,1738,156674,56449,28414,1949,38120,23605,6950,9720,1358,28020,15225,39203,44121,24,82,0,71,25,239,1575,3023
36,1088,212,15,0,59,346,20,61,43,15644,894,538,177,63,7016,815,1083,12,445,1150,559,897,103,14,5,3,190,35,90,145
4146,808,197,3909,17784,487,556,1149,11963,9771,18436,12693,16859,920,18636,9244,2291,2065,3778,2972,3284,4770,7063,24,109,0,96,3,306,408,332
103,38,11,127,60,56,190,46,6467,808,1214,857,624,176,757,723,427,200,125,345,319,174,314,3,9,0,12,0,22,49,8
1,3,2,2,0,4,4,1,0,1,75,10,12,3,3,35,21,10,2,6,18,5,10,0,1,0,1,0,0,0,0
476,11296,2696,1269,0,607,2847,384,1747,753,93311,33579,4281,4841,745,76594,9296,14190,1199,6639,17668,7558,15855,72,718,58,48,0,294,694,34
78,31,8,333,110,95,28,144,222,397,751,1133,852,49,511,336,73,103,321,112,262,113,245,1,6,0,2,0,6,16,18
61,2143,375,109,0,48,90,1,35,49,20688,1682,153,889,120,16384,1257,691,50,559,4175,1073,3028,195,589,0,16,0,16,88,2
13,57,11,19,26,25,40,8,115,12,893,117,214,102,60,354,119,110,18,85,76,88,173,3,10,0,0,0,2,11,1
38,1893,313,16,0,78,50,3,56,72,19909,2798,122,640,75,10809,594,427,8,373,1796,359,1400,185,290,4,29,0,11,74,2
0,0,0,0,0,0,0,0,0,0,5,1,0,0,0,2,1,0,0,0,1,0,1,0,0,0,0,0,0,0,0
5,16,6,3,0,12,10,6,4,12,729,38,142,28,7,255,100,45,3,110,86,50,89,1,2,0,0,0,2,7,2
2,2,2,2,0,7,4,2,2,9,119,24,19,12,8,38,25,13,2,11,24,9,15,0,1,0,0,0,0,1,0
8,277,129,1,0,26,70,2,2,75,12335,168,166,211,12,4428,856,303,0,188,634,269,521,11,33,1,5,0,10,13,2
689,6357,1065,1776,319,1396,20823,665,2663,1123,53137,6708,9323,2616,1563,33884,5825,5316,1729,7103,11570,3145,8452,63,93,135,15,1657,96,262,27
1,1,1,1,0,1,1,1,0,2,34,8,5,2,2,10,7,3,1,3,9,2,4,0,0,0,0,0,0,0,0
74,415,78,14,0,157,222,63,126,516,14609,1761,1558,430,143,2787,520,557,7,326,349,1856,2175,44,176,1,142,18,42,131,68
2315,27403,7313,624,0,18632,54883,565,8954,23855,1247567,39516,8434,74975,1202,308988,10574,11332,322,40948,59754,33893,70085,10108,50326,103,24037,6617,12690,13404,179
402,11105,1650,1305,133,1055,15181,689,2641,941,63204,7406,5250,2691,848,43656,5737,8180,1261,7557,15212,3489,10070,109,112,180,16,247,67,192,13
45,2183,419,113,0,45,72,1,40,42,17847,2136,149,765,237,16753,1401,824,79,440,3944,1106,3038,197,842,2,18,1,15,95,2
1129,1885,426,377,5,1210,1962,728,40,1558,50980,6584,17557,1327,2845,11647,5152,4598,347,5559,2697,1906,2740,380,37,0,40,300,144,1135,207
65,33,12,31,118,36,11,52,17,204,775,318,607,36,230,280,67,82,24,73,389,141,243,1,5,0,2,0,4,10,24
703,11233,2440,261,0,1103,2549,309,835,931,151443,10259,17135,4729,1076,56475,11863,10416,203,23049,15217,6069,10311,3022,228,54,74,29,886,1940,442
5,100,28,1,0,4,6,1,2,2,1305,144,16,22,1,702,93,69,0,26,124,39,100,5,2,0,1,0,1,2,0
1337,2349,526,398,0,727,262,1985,308,6579,69194,10077,17378,2285,7661,13608,2276,4356,362,10946,5873,3076,5257,175,82,39,124,0,330,1119,716
2,4,2,0,0,6,11,0,4,6,121,13,14,53,1,111,5,4,0,5,28,6,20,1,10,0,2,0,1,4,0
533,20753,4316,6868,1,2354,26015,1029,5093,2516,151252,21345,14439,7442,4694,94653,64470,64653,6145,20236,34057,40744,63145,500,4061,225,142,12,461,959,242
1,0,0,1,0,2,1,1,0,1,28,7,5,3,1,8,6,3,1,4,4,2,3,0,0,0,0,0,0,0,0
282,28550,6450,155,0,304,376,53,328,397,178756,34955,1918,5488,1865,170537,5700,6036,111,3016,44347,9335,29924,2444,1751,3,154,104,141,398,24
71,572,136,14,1,327,398,79,109,710,19316,1255,2015,671,198,3557,270,535,12,1085,2315,2308,2655,97,414,80,151,0,103,121,21
389,1944,414,79,0,450,814,90,77,90,31207,3678,666,2373,569,15512,2427,865,59,2502,2053,1243,2916,15,165,0,6,38,40,185,37
1,13,5,0,0,3,2,0,12,0,179,13,2,3,1,122,20,10,0,10,12,8,17,1,1,0,0,0,0,0,0
2663,197,58,7698,5815,534,1200,1882,1407,13485,9426,16796,11524,678,17682,4071,1260,931,7520,1901,2315,2046,3230,8,75,2311,140,516,344,357,687
118,739,253,42,1,345,304,47,57,870,36255,3877,3197,416,214,8834,1570,1174,29,697,1638,2824,3597,29,178,0,139,12,82,425,45
0,15,5,0,0,2,2,0,14,0,167,14,2,3,0,127,19,11,0,8,12,7,16,2,1,0,0,0,0,0,0
53,388,87,14,0,74,266,42,58,85,8996,629,1475,128,98,3078,450,638,12,378,715,370,579,31,11,25,3,180,34,89,165
148,5445,1179,184,0,107,240,21,222,188,49713,6747,500,1843,105,40055,3518,1962,147,1429,8216,1698,5558,93,267,2,37,0,19,137,6
67,368,64,152,0,179,302,33,265,214,3254,413,514,144,179,1845,390,301,140,561,439,234,489,4,19,0,1,21,16,15,8
111,7685,2067,289,0,348,419,29,663,185,77859,7908,987,4437,145,61052,6196,3659,220,3537,11866,3497,8245,741,816,13,146,0,150,370,14
602,2129,582,324,1,1001,616,1069,118,653,64123,6016,13633,1584,1345,12640,1994,4060,295,13631,5080,2821,4469,310,89,34,33,1519,452,1056,450
457,62755,8008,1144,0,6008,1110,97,180,4878,282065,77887,1155,31872,1641,326594,7233,28230,886,12422,36294,23800,43513,413,707,43,1201,0,411,2025,448
4580,1292,357,2974,32693,577,812,1440,21689,11613,30267,16392,19677,1627,7552,12801,4956,3515,2852,4693,4925,5455,8487,31,175,40,125,18,399,542,301
19712,10171,4000,16934,5195,3667,13009,16851,3402,66861,327940,74771,266222,16948,85201,169459,44724,42412,10230,19093,81619,42871,60809,859,2050,215,439,1224,2178,2839,8954
14,6,4,17,0,6,5,9,2,71,305,37,54,29,50,109,115,32,16,21,68,25,49,1,1,0,1,0,2,1,3
2,115,34,1,0,5,6,0,2,1,1323,157,12,23,1,768,107,79,1,24,129,42,109,5,3,0,1,0,1,2,0
46,10804,2331,159,0,196,320,13,71,92,50065,4158,496,2876,225,52196,4071,5061,132,1584,10926,2187,6489,1086,583,0,36,2,42,107,10
311,15274,2986,236,0,690,399,25,5045,872,122546,8732,1024,3514,263,88488,9620,7958,125,7525,24563,10652,20059,895,335,16,98,28,181,341,16
22696,2691,723,32731,25740,2881,7005,14281,101366,66960,61726,85427,100006,5693,91998,29323,10229,8082,31575,10368,13379,17793,28255,125,550,22,782,624,3423,2294,2206
279,3134,840,211,3,753,612,246,2340,1918,51106,20107,1433,1596,1220,27133,3051,5225,204,7075,6259,4240,8807,116,162,0,12,6,191,285,190
35306,121785,43550,28440,34030,53720,40402,41791,46433,434157,2508204,434310,459477,191822,645030,898606,263805,216209,14607,208562,1147884,265438,457661,8083,22687,1335,11293,2061,3932,25398,32021
49,3374,856,10,0,359,120,6,18,128,48892,3065,264,418,11,29783,920,2901,6,2094,3316,1409,2901,354,31,12,28,0,40,117,20
275,61,17,238,1366,41,9,258,426,515,1165,1159,1579,63,978,484,135,149,230,163,226,229,438,1,8,0,8,0,26,32,16
667,194,71,1207,196,811,631,947,0,4808,7710,9756,6554,458,5065,3110,861,1099,1160,1190,2590,913,2107,10,80,0,17,0,72,151,289
58,877,150,22,0,600,344,12,31,292,21748,398,308,1294,16,7355,219,125,9,1191,1467,391,976,65,752,0,244,6,158,188,6
1296,4400,1418,999,0,1066,284,1148,110,1093,177263,30386,20184,2088,14986,32833,9873,12881,873,24541,16442,42823,47573,36,101,1,50,4,176,1329,2010
2,10,5,2,0,7,7,1,4,4,238,23,21,24,3,101,28,17,2,22,33,23,29,1,1,0,0,0,0,1,0
87,19,7,74,585,42,10,75,6,298,592,460,853,36,387,217,43,58,63,72,306,112,214,1,4,0,1,0,4,9,38
9,657,127,1,0,23,33,4,51,75,5361,2051,39,453,17,4669,392,369,1,213,588,184,416,10,9,0,2,0,4,11,1
35,166,41,39,0,63,140,13,355,34,3700,315,271,188,36,1356,1270,244,35,197,205,150,360,2,13,0,1,5,4,19,4
1096,4618,1171,463,33,2511,1783,546,155,1000,119475,9702,30304,4545,1859,32533,4266,6975,436,31188,10126,4332,6999,2160,219,14,47,182,1304,3654,635
272,1037,249,2883,0,426,7296,850,845,466,9708,9852,3926,1008,3883,9355,4092,3276,2730,1651,1561,3706,6080,46,1633,62,31,0,203,169,15
1,7,3,5,0,2,6,1,10,2,160,23,11,2,4,67,24,17,4,7,9,9,18,0,6,0,0,0,0,2,0
3189,6348,1463,3845,525,4683,15290,2040,5678,29642,142313,45013,31148,3114,11519,51598,16256,18744,3358,8903,25594,10306,21947,193,897,3689,148,459,206,894,165
102,42,14,113,11,56,220,35,5532,834,1434,831,511,229,596,910,630,251,111,411,320,184,339,4,10,0,12,0,24,55,8
10,212,44,15,0,43,45,8,53,14,2842,202,133,119,27,1094,1491,900,15,177,427,304,422,12,76,0,1,0,3,25,1
6,22,6,7,0,22,45,3,64,11,445,63,54,7,7,261,75,38,6,57,24,40,71,0,7,0,1,0,2,10,1
53,1666,295,290,0,219,3140,45,702,92,9456,2275,522,540,306,5734,2208,4013,289,1276,1484,1469,2379,11,860,4,3,0,11,42,6
53,124,82,7,0,172,91,12,163,118,7947,558,92,655,57,5017,1190,1325,3,3769,1678,464,678,790,74,0,12,0,41,188,66
93,939,170,333,1,301,2887,78,535,156,6613,2188,1501,515,900,3951,1074,1855,332,1598,1016,1125,1988,7,915,8,5,0,17,54,6
3,14,5,6,0,22,6,11,0,27,374,25,119,12,18,119,30,49,4,18,100,20,31,1,1,0,0,0,0,4,1
318,90,28,194,929,46,14,331,1136,715,1730,1268,1603,90,963,701,214,212,185,213,306,281,515,2,10,0,10,0,30,41,22
107,70,19,153,19,78,49,66,7263,915,2244,1082,884,284,965,1039,455,206,148,406,579,315,608,5,19,20,19,0,31,78,12
4,13,3,11,0,8,15,1,14,5,265,31,39,6,10,119,72,19,10,13,12,12,29,0,4,0,0,0,0,4,0
142,2392,557,115,0,93,117,4,3,102,25916,2558,212,1876,76,15434,1594,629,15,989,2568,899,1878,348,250,0,6,0,11,52,13
7,69,22,52,110,74,165,25,227,74,2204,250,236,266,66,684,488,263,45,155,107,234,367,1,24,0,4,0,2,17,2
450,423,160,2019,119,745,470,767,254,4420,8392,9942,6381,405,3072,5679,1278,1275,1929,1918,1865,1528,3457,20,237,0,20,7,129,259,50
197,41753,7225,689,0,406,526,25,749,405,212517,10653,869,4479,919,182582,19986,14495,501,5352,27970,12105,26822,479,343,39,160,3,86,481,91
20,365,81,1,0,28,65,3,37,121,5455,1578,82,475,26,3847,322,273,0,275,880,203,417,5,6,0,2,0,5,11,1
40,131,36,46,0,75,134,17,187,30,3475,345,304,183,47,1254,1139,198,42,187,209,151,356,1,15,5,1,10,8,22,8
18,1192,228,86,0,45,788,11,550,34,8143,1280,298,288,60,5481,2772,1194,79,586,1487,1026,1593,259,173,2,3,1,7,39,7
0,31,8,0,0,2,2,0,6,0,204,17,1,3,0,175,24,19,0,7,18,8,19,1,1,0,0,0,0,0,0
16,130,46,43,0,112,18,19,46,22,4547,367,246,91,31,981,524,141,2,1985,213,210,265,10,6,76,9,0,22,20,38
64,443,81,202,3,162,301,40,468,210,3464,445,497,169,165,2131,519,419,185,581,565,257,516,8,22,4,1,0,17,15,5
119,122,34,200,3,93,475,57,6240,907,3074,1460,951,385,605,1712,873,359,196,574,600,372,708,6,25,12,18,0,40,101,9
1,19,6,2,0,4,8,1,7,3,240,30,12,4,2,175,56,42,2,12,22,11,25,0,4,36,0,0,1,2,0
256,15286,4459,108,0,618,1569,42,2562,933,229027,8487,2467,5205,112,153729,18101,8451,28,11291,24508,17993,29522,1038,335,33,161,0,316,467,32
22,1173,252,4,0,272,244,2,78,241,21835,567,52,1202,8,8428,239,242,2,422,857,1131,2170,85,410,0,322,0,123,95,1
15,6,4,18,0,6,4,10,2,68,272,37,56,27,50,96,112,33,17,19,61,23,46,1,0,0,1,0,2,1,3
258,1006,202,1106,351,636,1588,315,160,1760,10895,4455,4297,646,1991,7143,1630,1572,1028,2767,1613,1703,3651,31,396,0,7,0,95,189,38
98358,24195,13419,268223,162369,88688,38720,106173,1138,613999,1201775,690913,852761,154133,1081098,376687,78789,92805,202241,129821,601995,144247,315248,3466,12818,2097,10057,7966,7257,23032,61782
242,1941,406,1847,0,407,6293,505,669,419,15882,9875,2834,953,2916,12605,6671,6018,1744,2795,2529,5521,8570,218,1769,0,41,0,245,176,15
121,7223,1429,311,5,1142,1264,71,75,4040,67501,4507,1429,11588,449,70417,12820,4070,145,9371,13160,11462,16002,134,1151,156,316,2,294,1062,75
3285,471,142,3045,4317,448,1160,921,39812,9222,12235,11481,11294,1021,10675,6748,1894,1443,2965,2024,2032,3394,5006,33,92,11,85,0,312,329,294
44,50,14,126,376,64,23,82,244,288,1250,636,673,35,308,444,99,130,117,97,312,135,284,1,5,0,2,50,4,11,8
2201,547,161,1042,13119,415,727,1366,2588,2689,9884,9659,12618,640,5801,4364,1305,1378,1001,1747,1721,1779,3116,11,58,0,71,0,229,313,193
41,640,122,18,0,149,280,28,148,68,4585,394,369,330,98,3717,378,802,15,707,991,611,1133,14,61,10,2,0,8,21,3
2,40,12,6,0,9,32,2,7,4,437,53,17,13,4,297,126,70,5,26,58,32,56,1,9,0,0,0,0,3,0
395,452,190,162,55,735,174,56,126,864,18430,4394,3056,286,1478,3858,721,192,32,474,1577,1496,1974,19,187,25,10,8,94,346,85
619,28440,4977,606,0,3606,1108,177,68,5463,282874,62767,2069,24234,1073,242827,10422,19477,293,15594,29862,25310,41722,252,731,145,631,6,504,1580,120
425,819,157,643,14,253,999,201,2919,834,10686,1691,4902,396,2122,4629,1170,799,627,1897,983,1747,2463,13,85,5,9,3,45,141,35
54,545,177,177,1,176,451,70,399,154,6755,1090,886,357,253,3636,1504,2818,175,677,1171,1325,1877,9,358,9,3,0,23,23,7
85,2512,573,15,0,325,246,18,7,170,65915,2300,604,2209,17,27614,1528,1004,7,1637,2693,2122,4495,28,239,0,91,0,253,129,13
6002,708,183,8220,45260,634,927,1061,83383,14386,15200,17414,24417,1031,22278,8580,2368,1638,8036,2991,4334,3163,5342,13,121,0,112,1020,425,464,262
52027,6595,1782,11977,221139,3557,10783,17960,99303,71286,141888,216216,170248,6036,272987,44569,16317,14129,11373,15536,20422,29733,51745,127,846,200,896,1155,3598,3607,5162
289,2163,538,172,24,708,694,264,1992,2012,40129,10193,1403,1266,952,19362,3094,3713,164,6003,5862,3210,6929,79,140,48,13,2,176,239,218
3206,5079,1124,2424,36,1737,22133,2689,260926,32993,83753,37396,24963,8775,19806,49252,24581,10679,2356,22400,19797,6728,14597,222,548,35,526,26,597,2349,148
8,614,159,5,0,57,154,7,10,138,13493,570,302,296,20,5672,1345,334,2,257,1196,1101,1668,10,62,1,127,4,20,48,7
68,31,11,35,105,37,12,54,16,214,760,331,633,37,242,275,64,79,27,75,381,139,242,1,5,200,2,0,4,10,25
8,837,160,2,0,26,20,2,5,21,6682,557,31,503,4,5688,325,188,0,223,554,688,1186,29,143,1,21,0,7,13,1
59,1020,208,8,1,300,163,15,2,416,31898,1083,1198,299,116,6046,690,298,2,705,772,1482,1865,18,94,0,29,1,66,315,5
250,1554,335,1705,1,401,5384,523,570,424,13889,9239,3169,834,3028,11211,6032,5497,1591,2565,2144,4970,7695,188,1502,7,44,0,247,169,16
72,194,54,16,0,114,131,151,5,46,5432,741,1799,143,98,1694,838,511,14,769,471,281,511,6,7,0,3,1,59,140,20
2,29,7,11,0,21,75,4,60,13,304,83,68,19,12,188,102,65,10,57,45,39,65,1,6,8,0,0,1,3,0
26,36,22,21,0,61,25,21,2,49,1645,205,206,78,131,415,530,115,21,95,400,62,126,2,1,0,1,0,3,23,4
3642,771,191,5074,8550,1076,865,2304,13533,14655,20537,16241,20305,1604,20245,9803,3057,1982,4950,9524,3598,4867,7739,52,170,0,123,6,489,545,292
29,43,33,5,0,86,49,9,28,50,2880,291,187,222,28,1433,425,431,3,1484,568,145,221,167,20,0,4,0,15,77,22
391,11700,1725,1296,183,1009,16448,543,2558,929,65354,7441,4835,2687,851,45158,6085,8530,1252,7466,15826,3615,10419,109,115,28,16,76,65,189,13
41,4270,1178,6,0,400,159,7,18,168,47236,2784,186,476,18,31443,1278,2661,3,1684,5487,1301,3132,320,37,0,20,1,30,109,86
200,2103,624,456,0,586,826,73,525,645,22245,5852,1053,2016,271,19831,2050,2267,437,2349,3556,3866,6071,16,442,0,44,1,54,366,6
27224,7165,2487,16234,11641,6032,8765,14185,420,80197,194911,84022,221948,8457,131228,81439,15125,17635,11672,9083,70060,27655,42779,290,1030,682,318,5,1993,2213,11091
554,9368,2408,1514,4,718,1894,467,1727,835,91606,26506,5055,4504,650,73495,9603,13170,1440,6094,16808,6743,14194,52,864,14,93,0,306,734,41
3152,6560,1506,3764,591,4673,14950,2019,5667,29346,145342,46110,30781,3165,11181,52671,16572,19970,3273,8988,26018,10490,22154,192,888,209,144,598,203,872,152
6,8,6,11,29,19,2,8,4,34,386,78,76,32,62,95,36,21,11,38,105,31,58,1,2,0,1,0,2,2,4
5613,997,272,8218,32358,874,1501,2914,5033,5955,16123,13633,27474,709,14109,7330,2214,2178,8026,2252,3797,2752,5185,12,77,0,112,333,471,622,401
1,8,3,4,0,3,12,1,18,1,131,19,8,2,3,69,24,19,3,6,8,8,16,0,6,0,0,0,0,2,0
4,23,5,15,0,18,34,3,35,15,302,84,76,14,19,135,64,35,14,62,35,30,51,0,4,0,0,0,3,4,1
245,34915,7282,3864,0,1085,612,61,501,1108,149170,18897,1412,12090,1491,182809,11798,10870,3726,4580,19343,10884,27763,1576,3851,12,499,12,224,667,18
2651,1458,321,3457,19734,683,1705,2109,68707,21452,30736,15126,24216,2354,9256,12734,4532,2555,3291,4841,3670,2488,6877,125,250,19,157,120,595,646,491
2395,5830,1503,1637,2889,3450,771,1852,11593,17737,125861,24448,20202,2111,8704,46697,19844,10475,1418,6937,42173,19177,24971,197,381,0,15,315,1165,312,299
240,39616,11016,612,0,460,601,33,521,449,323295,21689,1163,11254,4140,253690,19809,29375,468,4418,39078,19679,45017,1355,5952,1,169,2,99,639,32
386,3001,966,473,4,1826,891,395,356,3788,84171,7052,4888,2911,499,35162,3542,3719,400,8226,27810,4595,8275,256,344,0,111,0,453,308,165
26320,7691,3000,13039,3510,3103,11826,18476,637,81504,260552,80929,280580,13201,98429,120275,28030,30049,8051,14368,76305,34487,50277,651,1544,74056,468,220,2270,2523,9094
42,4050,1132,6,0,389,151,3,9,158,47016,2977,179,459,17,31598,1291,2833,3,1735,5018,1316,3090,326,37,2,22,0,30,108,69
39,3069,795,6,0,83,57,2,50,57,33519,1206,183,1502,21,20229,2064,1594,1,825,2948,2131,3639,184,354,21,38,0,22,51,3
3306,237,71,7913,4337,604,1831,2281,3839,15393,10897,17856,14404,824,18837,4907,1555,1116,7750,2296,2555,2507,3960,10,90,1,165,472,405,414,1015
1,14,6,3,0,7,34,1,13,1,257,14,16,8,1,151,41,20,3,21,15,22,36,3,7,7,1,0,1,2,0
44914,12113,3334,5496,191106,3153,12958,17650,82270,45278,163496,172978,195397,7970,181138,81558,24473,20045,4996,18508,24506,40381,70077,274,1221,0,927,3086,3640,4017,2540
5992,1335,313,4995,35099,773,1908,2170,55713,14348,22259,18046,34759,1807,12035,16191,3882,2628,4886,4827,4687,4175,7341,31,201,50,143,133,527,589,363
4838,519,151,3452,19156,546,840,1145,12517,5262,9365,18692,12639,700,23632,4367,1371,1248,3305,2565,1658,2276,3776,15,70,0,79,0,357,392,313
16,1542,276,4,0,168,150,2,61,152,21301,531,29,857,14,7870,238,262,2,262,779,830,1882,169,317,0,200,0,83,60,1
1,179,58,1,0,10,22,0,1,5,4066,72,15,119,1,1643,155,129,1,60,89,50,154,1,8,0,5,0,3,12,0
49,505,95,20,0,177,224,22,149,95,4241,483,493,255,125,3145,326,521,17,682,887,518,969,12,56,13,2,0,9,22,4
0,2,1,0,0,1,0,0,0,0,42,10,3,3,1,20,16,3,0,6,7,2,4,0,0,0,0,0,0,0,0
18,624,209,2,0,72,151,8,4,236,14764,408,273,396,10,6777,819,399,1,221,1154,734,1254,4,264,0,3,1,39,67,5
21,751,137,60,0,13,270,41,464,9,6001,442,492,80,49,3960,2112,817,53,170,592,165,494,5,8,0,1,0,3,18,2
438,135,46,472,2863,135,184,473,8238,2723,4800,2317,2293,334,3795,1953,711,461,446,1359,860,758,1245,13,35,0,20,500,65,80,45
92,2902,679,118,0,147,313,10,1224,465,43171,5223,310,1412,25,25441,3910,2199,99,2574,5557,2972,5208,91,106,1,37,1,35,174,24
97,3666,722,60,0,266,686,60,322,42,33478,5561,274,1654,272,23371,1696,2199,48,1067,3771,1641,3627,22,467,17,14,0,12,89,5
1400,2187,490,428,0,743,198,2211,223,6785,66526,10653,17964,2186,8966,12949,2137,4121,391,10932,5677,3008,5177,157,80,0,125,0,333,1122,774
2825,1211,365,3914,3893,2855,121,3089,196,2970,51628,17665,37707,1256,22765,8388,1137,2607,3818,6828,6244,3056,4666,100,68,0,70,5298,1024,1961,3414
615,2099,661,74133,0,2164,917,795,144,3460,58086,9680,10472,3022,784,28377,2683,2863,74006,6975,23319,4085,7188,258,277,0,108,0,406,329,391
18,2616,490,114,0,52,31,1,14,43,12235,2008,56,564,356,12301,640,760,105,188,2750,354,1385,237,227,1,31,0,21,51,2
19,47,15,120,201,57,111,27,125,93,2207,276,548,192,196,505,336,112,105,130,91,201,327,1,15,0,3,0,8,25,9
2325,602,169,2388,5609,419,1372,822,25339,7937,15184,9292,10388,1208,8468,8131,2159,1664,2318,2104,2180,3904,5648,45,111,0,85,6,306,327,273
148,2702,791,570,0,512,878,57,416,598,23624,3732,842,1887,245,22312,2644,3226,546,2367,4572,4116,6455,38,568,58,50,0,53,344,5
42,4479,988,79,0,131,134,4,54,170,44019,3816,136,1568,84,22840,1614,882,62,670,3047,828,2937,167,456,3,65,1,42,117,3
0,0,0,0,0,0,0,0,0,0,5,1,0,0,0,2,1,1,0,0,1,0,0,0,0,0,0,0,0,0,0
650,1855,540,367,5,1035,559,1229,90,724,61130,6400,14748,1521,1644,12034,1917,3906,336,13410,4903,2670,4281,256,85,4,33,1620,452,1057,465
2339,44168,8089,8006,151,6816,68062,2241,15675,5854,355512,80250,39034,13205,7809,235262,56290,35868,7439,48168,65974,35307,71242,998,9010,119,72,64,208,1691,240
345,470,137,4002,4,315,4561,794,351,1175,7684,11120,7412,609,6464,5296,1435,1215,3749,1096,1418,2566,4776,84,1587,0,5,36,89,187,7
71,174,50,13,0,65,59,27,4,31,4468,520,1728,71,46,1372,529,443,11,311,361,215,328,3,4,0,1,2330,7,44,7
53,4028,761,66,0,137,156,3,90,193,46245,4252,249,1831,50,22088,1530,718,49,863,2643,870,2993,109,386,0,54,2,68,122,4
38,55,19,13,4,27,9,36,26,134,983,205,406,38,149,365,104,111,8,69,482,160,262,1,6,0,2,0,3,9,15
13,133,31,7,0,47,24,10,2,16,3625,323,273,160,31,802,366,471,6,193,438,347,455,2,64,0,1,0,2,50,1
835,1683,387,160,0,2860,913,136,322,3542,82406,19081,8319,2437,1551,15268,2913,3192,27,3096,6517,8414,10141,59,1137,0,142,0,361,1298,539
4299,727,166,9699,30458,739,627,1527,10749,18686,16320,20126,22625,997,26523,6306,2153,1401,9391,2914,2633,1807,3978,23,109,240,120,0,499,542,702
1665,1728,537,1367,399,1723,5191,4123,272,3783,59553,19868,23956,1548,5328,20111,4497,5419,1332,8013,6982,3693,6841,372,139,226,59,19356,512,476,2046
893,2263,528,239,0,1068,4110,548,64,1235,60270,4728,13427,1515,1848,14879,6366,5581,217,5537,2892,2291,3193,450,43,2,27,8999,133,1070,180
23,76,13,17,0,37,74,13,130,79,668,226,199,66,77,407,74,62,16,38,78,80,128,1,3,0,2,0,3,14,5
0,27,7,0,0,1,0,0,1,1,169,25,0,6,0,216,4,8,0,2,20,7,18,0,0,0,0,0,0,0,0
53,2327,583,12,0,116,112,7,69,180,39785,1374,317,1858,4,20644,1590,743,1,1423,2524,2253,3979,71,208,3,24,0,36,62,3
6,1182,190,1,0,21,19,1,3,13,7129,621,21,420,5,6000,320,241,1,137,579,542,1047,26,211,0,14,0,6,11,1
2,127,35,4,0,3,8,1,4,3,1461,110,11,69,6,1070,57,68,4,58,185,99,194,14,21,0,1,0,1,3,0
419,193,51,511,904,64,155,673,48,711,2903,2318,2621,122,3542,1255,417,458,493,861,434,599,1011,3,13,0,14,0,38,57,42
411,16228,3586,140,0,3465,5322,84,6849,4145,451278,8844,1414,13954,86,99448,2810,2688,68,7107,11962,20433,30638,1478,7601,0,2768,281,1532,2207,74
184,491,137,310,12,235,2377,376,179,519,6500,1320,2815,178,2534,3054,408,900,287,821,1717,1461,3312,37,192,0,4,14,57,42,33
30,5263,1141,104,0,101,122,5,31,109,37656,2618,135,1425,593,23848,1995,1408,83,453,3832,1012,3130,283,421,0,72,0,31,100,3
3304,1253,402,3250,240,2078,3028,4351,84,5949,52039,35565,24368,1104,10656,13572,2347,4094,3203,6677,7168,3200,6096,168,96,175,50,6723,504,469,4252
0,1,1,0,0,2,2,0,0,1,48,17,2,3,1,24,13,8,0,4,14,3,5,0,0,0,0,0,1,1,0
152,6128,1374,248,0,110,249,13,120,159,47963,7744,490,1955,255,39454,4194,2389,204,1258,9194,2002,6530,132,336,0,21,0,19,126,6
98,6462,1603,111,0,531,348,27,200,876,34168,10430,437,4333,112,48236,9020,6274,101,3953,8111,6584,10242,310,394,20,24,0,79,142,10
4878,297,94,4227,8724,475,522,1022,22862,9087,8508,14296,8665,660,13437,4957,1258,1031,4094,1554,1665,2533,3815,15,61,0,75,0,298,317,279
502,20795,4890,182,0,384,624,72,831,631,269294,49199,2370,6084,274,169203,7119,4607,81,4748,38648,5907,22748,1253,605,17,247,21,300,667,22
7120,2732,764,5058,3234,6894,1252,2407,1704,38165,104821,52460,36769,2856,44642,36318,14571,8250,4739,12692,40631,15571,23913,146,540,17,19,793,2152,504,870
19,1482,303,11,0,58,64,7,8,18,10388,571,141,543,55,8544,612,673,8,432,1943,249,859,54,48,11,6,0,10,26,1
4638,6891,2647,10812,6577,20626,3394,7432,187,41736,234002,53458,83087,8250,33338,71059,22325,10495,8009,8984,59378,25922,39833,224,277,68,76,22,484,1369,3873
4,34,13,4,0,12,33,5,12,11,838,67,55,89,9,465,356,112,4,171,135,85,137,2,4,0,1,1,2,13,4
131,3886,1131,514,0,366,839,62,539,450,26579,4124,834,1953,408,27672,3210,4292,490,2324,5550,4706,7541,61,485,3,38,1,36,369,5
2,45,11,5,0,19,10,7,1,14,498,34,80,19,11,203,49,84,3,21,118,31,47,2,1,0,0,0,0,5,0
10073,1577,462,16049,89062,3038,1903,5954,37294,48054,53067,61705,45539,3233,48718,20653,6660,5030,15538,22088,12952,9515,16323,80,359,0,268,101,1161,1356,1525
44,58,45,6,0,159,142,8,96,88,4185,383,182,541,39,2536,635,760,3,3348,988,228,352,554,48,0,10,1,34,152,39
7,9,6,13,20,23,2,8,5,33,435,87,82,36,64,108,44,26,13,44,113,34,63,1,2,44,1,0,2,3,4
36,1205,309,4,0,121,150,5,12,218,26351,1165,205,1100,12,11965,1078,643,1,746,1356,1788,2764,47,252,0,42,28,32,61,2
531,867,220,1222,747,1462,459,1119,7710,9024,19034,15782,6707,682,3484,8511,2101,1457,1125,2802,3438,6231,9775,26,107,0,4,0,87,238,251
1661,39475,8865,399,0,9098,26158,271,17136,12798,1037827,38388,6635,46665,502,291381,13741,10375,203,27036,38560,50979,94585,8806,28007,43,11891,1339,7027,8446,71
10002,2995,645,14555,97277,2908,2177,12103,37171,58740,72314,58126,54184,4459,68197,26397,8646,6372,14137,27613,17881,11860,20613,115,490,0,325,6654,1340,1488,1559
3312,410,151,2198,25010,559,1334,1977,32114,7147,12468,19633,21356,1197,14288,5566,1586,1930,2126,2381,2590,2767,4487,21,120,0,91,8,305,407,358
125,98,29,113,1017,36,57,120,1244,693,1993,814,822,139,576,943,394,233,105,404,306,333,509,5,14,0,7,8,23,28,15
590,806,229,211,0,291,350,249,18,149,33841,2106,5090,303,481,6091,1459,2353,176,2138,2508,1475,1991,80,38,0,38,7,103,289,72
0,30,6,0,0,0,0,0,3,0,144,17,1,7,1,189,8,13,0,8,34,10,22,0,1,0,0,0,0,0,1
4,21,7,4,0,15,14,6,8,13,795,31,69,34,8,315,157,58,4,138,106,63,113,1,3,0,0,5,1,10,3
1,8,4,1,0,4,5,0,2,3,119,12,4,36,1,151,6,7,1,2,31,9,24,2,9,0,2,0,0,2,0
1,3,2,2,0,4,3,1,0,1,71,10,12,3,3,33,19,9,2,6,18,5,9,0,1,0,1,0,0,0,0
3464,892,269,2138,14521,535,933,2261,4021,4868,14307,14641,10980,742,7718,7880,1928,1860,2076,2169,2812,2373,3909,13,76,0,96,96,281,390,306
12,144,33,7,0,41,26,8,2,13,3591,288,242,159,24,836,411,455,6,194,438,342,454,2,52,0,1,0,2,42,1
10,755,149,2,0,26,29,1,3,21,6840,626,37,559,4,5311,442,172,1,262,594,708,1208,23,128,1,23,0,9,12,1
108,7167,1897,267,0,371,486,25,1610,192,77554,7670,1116,4412,101,59509,5696,3424,200,3708,11225,3445,8023,671,788,14,149,2,162,389,15
4,9,4,1,0,16,5,8,4,8,460,27,97,35,3,181,89,37,0,247,26,47,59,2,1,0,2,0,2,14,1
12,717,260,5,0,64,129,2,2,187,16949,365,154,453,8,8509,1815,564,2,241,1262,635,1202,8,113,0,14,0,18,66,6
515,2247,550,3172,723,1307,1501,1603,724,7881,21712,18129,10954,773,5457,17174,1870,3303,2984,4054,3390,4383,10672,86,363,86,74,779,329,467,151
107,342,74,17,0,326,189,64,163,729,16718,2314,1516,561,310,2512,480,547,8,486,508,1687,2006,50,282,1,101,35,57,242,60
4533,811,179,9211,30541,778,676,1573,24887,18979,16953,19966,24666,1081,25704,6732,2296,1565,8927,3134,2811,1919,4191,27,118,35,124,0,512,558,714
138,17945,3362,125,0,797,616,14,138,567,171814,11863,596,6647,276,120475,8010,4543,102,3907,11173,8560,17995,202,4402,0,366,0,222,561,11
196,405,101,353,8,247,2018,434,125,503,5011,1439,2859,173,3153,2472,312,653,327,757,1393,1234,2948,31,169,413,4,0,64,43,37
13,1959,369,15,0,50,58,6,9,17,11041,839,106,510,80,9816,599,834,12,346,2194,280,1017,62,56,0,7,0,8,22,1
47,562,104,186,8,140,380,43,464,194,3654,502,405,196,174,2424,642,594,171,517,609,297,586,14,22,5,1,0,16,17,2
1070,1532,483,2217,39,1817,496,2241,2230,8562,31364,13949,15425,2996,8262,13872,1854,2839,1891,2174,28596,6235,8961,23,170,115,201,133,606,165,813
1337,6597,1680,1422,271,3162,711,1726,5605,14893,135906,21881,16755,1943,7005,51238,22085,11436,1219,5706,42820,20371,25910,212,387,67,15,145,1071,293,260
3,73,22,1,0,5,6,1,4,2,1304,101,26,21,1,626,100,53,0,28,112,37,92,3,2,0,1,1,1,3,0
84,487,161,212,0,176,494,79,217,185,6242,1159,1048,346,348,3267,1317,2273,210,596,1072,1093,1624,9,305,30,3,0,22,23,7
35,1295,219,23,0,132,503,20,146,47,6664,676,238,389,129,6049,576,1372,21,841,1425,960,1776,26,84,0,2,0,28,21,3
157,2055,678,123,0,985,1741,53,290,895,67080,4235,2093,4579,68,20092,2055,1781,84,3197,8644,7046,9162,585,1599,5,845,12,505,494,23
522,53,18,277,1148,85,131,207,1234,901,1636,1549,1912,117,1927,659,231,232,266,458,315,335,586,2,11,0,15,0,40,53,79
72,83,17,69,134,15,68,27,2,335,1119,458,394,41,294,535,159,115,65,153,166,160,297,2,6,0,5,0,12,16,12
2613,404,86,3744,4784,286,1600,751,6313,4712,6324,10202,11216,396,8333,3636,988,836,3686,1021,1258,1556,2531,9,48,0,79,1276,190,237,254
46,500,102,12,0,68,241,31,73,62,9614,616,971,126,75,3611,502,702,11,356,797,404,624,40,11,0,3,71,32,89,138
1199,607,232,1095,876,1405,3080,1738,9486,1371,22631,6645,5814,869,4493,8736,3630,1969,1057,1219,3132,1816,3838,30,314,130,154,0,178,515,87
34,1996,377,19,0,76,54,3,17,66,18324,2390,104,599,128,11208,690,532,12,358,2139,370,1462,319,255,2,32,0,17,73,2
1,2,2,2,0,7,4,2,2,9,126,23,16,12,7,41,26,13,2,11,24,9,16,0,1,0,0,0,0,1,0
0,1,1,1,0,1,1,0,0,2,36,6,4,2,2,11,8,3,1,2,9,2,4,0,0,0,0,0,0,0,0
4218,27251,5042,11910,780,8573,62076,2224,15183,7619,308841,55619,59578,11313,15210,178652,40476,25792,11077,43468,58356,30034,56108,309,7492,230,72,0,245,1905,324
9,64,21,58,67,71,163,28,204,80,2131,249,252,256,72,655,491,230,51,148,103,227,357,1,24,0,4,0,2,18,2
18,100,26,13,2,35,82,7,58,62,1084,299,99,83,50,713,133,105,12,46,109,113,175,1,5,0,2,0,3,16,4
49,1631,570,14,0,191,438,14,48,357,62764,1082,872,2325,22,23316,2978,1707,6,1217,3859,1658,3934,45,424,6,79,128,60,126,11
30,1145,236,9,0,63,67,6,21,23,11070,518,144,532,15,7559,643,475,6,519,1894,217,757,39,36,2,5,0,8,28,2
92,2431,609,17,0,330,230,19,5,207,70923,2324,699,2323,20,28420,1916,1078,7,1527,3193,2287,4890,27,257,0,89,0,290,142,18
1,4,2,2,0,4,4,1,0,1,84,11,11,3,3,40,26,13,2,6,20,6,11,0,1,0,1,0,0,0,0
2216,1731,462,3526,4807,2559,516,3063,1787,2263,60708,15192,34423,1535,25733,10028,1329,3063,3422,7140,7429,3637,5453,162,79,103,67,6071,965,1883,3260
0,0,0,0,0,0,0,0,0,0,5,1,0,0,0,1,1,0,0,0,1,0,0,0,0,0,0,0,0,0,0
0,15,2,0,0,0,0,0,1,0,84,6,1,4,0,102,4,4,0,3,9,7,12,0,0,0,0,0,0,0,0
312,1209,295,679,335,1183,495,668,3361,7741,22564,12732,5991,708,2250,10345,2563,1684,601,2800,3971,6846,10371,29,110,8,4,25,75,213,416
28,1060,272,108,0,109,153,13,166,77,11055,1363,380,623,114,9066,737,698,85,528,1946,496,1415,9,81,0,8,0,16,69,1
11,8,5,13,0,6,5,8,2,69,349,35,45,30,42,128,136,37,13,21,73,27,52,1,1,0,1,0,2,1,3
31,1989,758,18,0,137,273,10,60,238,67599,1156,295,1996,26,27626,3744,2276,10,1031,4157,1639,4648,80,452,1,69,5,44,119,6
273,35096,9576,404,0,466,675,41,561,476,317372,20919,1285,11156,3096,264802,18959,23313,289,5049,34054,20108,43882,1372,5567,5,151,6,101,604,34
1821,1652,511,1505,284,1730,5039,4320,230,3893,56875,21016,23953,1467,5509,18876,4143,5153,1469,7730,6835,3492,6555,339,131,446,58,23667,496,463,2065
63,3733,617,60,0,138,144,6,68,197,46704,4271,281,1893,46,21672,1466,649,42,937,2481,842,2894,97,401,1,49,1,71,122,4
1764,408,118,1483,13159,328,124,1416,3299,2742,7969,8176,7056,418,3959,3225,944,916,1442,1407,1337,1056,2104,8,42,0,50,0,182,233,156
50,2201,406,122,0,49,72,3,43,49,20444,1970,147,846,176,16713,1416,777,77,529,4228,1115,3133,189,700,1,18,0,16,98,2
1399,98558,20082,4736,0,3720,18723,644,15493,1249,913252,75748,14623,35048,4020,606130,74237,56223,4255,48737,156917,45248,94619,16544,9062,154,1225,4279,1161,4470,282
3,18,6,6,0,9,22,1,11,5,271,36,32,10,5,170,87,31,5,25,36,22,37,1,5,0,0,2,0,3,0
232,38572,7394,3887,0,1011,534,50,429,1005,146793,19072,1391,11327,1281,184299,11401,11089,3755,4191,19498,10410,27346,1630,3716,19,344,4,220,630,18
211,26919,5377,374,0,483,396,19,985,437,117880,11487,797,3802,945,114873,9601,12461,214,2979,31269,8313,21328,709,424,16,60,1,112,236,14
0,27,7,0,0,1,0,0,1,1,168,25,0,6,0,219,4,8,0,2,20,8,18,0,0,0,0,0,0,0,0
13,710,195,5,0,40,63,4,2,11,10800,383,243,157,7,3982,139,275,4,251,665,299,468,24,17,0,4,0,12,17,1
1029,3253,742,321,0,570,469,929,776,5653,80401,7994,14737,2726,4416,16803,3390,5702,282,10297,6835,3367,5767,248,89,628,117,0,305,977,470
64,1129,185,314,0,170,737,102,728,248,8677,1336,664,390,180,5250,2076,1698,309,1405,1051,663,1507,12,293,12,6,13,10,54,2
3,123,28,1,0,14,30,1,1,7,2529,57,84,104,1,1009,88,77,1,65,57,38,111,1,7,0,5,0,4,12,0
475,634,153,184,119,900,596,111,57,744,15798,6681,2993,273,3634,3296,502,153,27,516,1780,1251,1758,14,196,62,10,629,139,386,172
3390,4530,992,2695,67,2138,25736,3158,301614,37488,79845,40155,27102,10066,22045,46256,20744,9660,2602,25240,20893,7095,14881,288,578,2,599,10,767,2652,156
9000,3608,731,10894,66547,2640,2788,12135,24993,54233,79431,52688,50491,5218,52751,31090,9802,7135,10516,28907,18770,13097,22805,159,577,165,341,1151,1361,1514,1217
2,16,3,4,0,6,4,1,8,1,267,50,19,5,3,123,56,24,4,11,16,14,29,1,2,0,0,0,1,3,0
409,64,23,160,596,74,165,189,1407,786,1957,1308,1885,145,1726,824,280,263,151,491,356,398,679,3,13,0,16,1,39,52,41
21,2355,439,54,0,58,35,3,16,48,13746,1925,76,581,360,11956,719,722,48,247,2545,362,1390,286,251,11,35,5,25,67,2
596,4496,1050,243,0,472,429,789,920,4828,96921,6735,9452,2818,2451,21615,4929,7398,202,10230,8005,3842,6479,334,102,0,114,1,280,905,389
3226,6142,1401,3855,422,4613,15519,2066,4610,28208,137238,43389,31308,3084,11632,50595,16028,17230,3381,8783,24765,10105,21531,196,906,39,142,536,205,863,185
6,593,113,2,0,48,67,1,51,31,7602,208,14,226,3,3740,135,305,1,94,286,284,573,113,221,0,61,0,6,59,0
4605,291,92,4249,8566,489,484,993,17443,8564,8198,14188,8598,623,13294,4816,1203,994,4118,1511,1624,2462,3711,14,59,0,73,0,295,315,272
11,298,62,23,0,38,339,8,227,19,3493,243,148,154,24,1798,1547,558,22,192,240,168,411,9,30,0,1,0,2,20,1
11712,362,98,5358,18828,851,1027,2294,2985,6181,8983,27034,17019,489,38040,3151,955,1238,5244,1865,2053,2068,3876,7,55,14,95,12,387,536,333
1,15,5,2,0,4,5,0,8,0,175,27,6,3,1,116,48,29,2,6,9,10,20,0,6,0,0,0,0,2,0
2,75,21,1,0,3,3,0,2,3,768,101,9,37,1,502,19,15,1,24,82,14,52,7,6,0,1,0,1,2,0
152,85,26,177,17,95,408,93,17363,1260,2899,1480,992,423,967,1428,710,300,172,541,684,393,758,6,24,0,22,0,40,101,13
1019,177,52,1105,5243,135,80,719,1264,1810,3265,3605,3664,167,7383,1194,397,436,1067,426,504,787,1257,3,20,10,19,15,70,87,143
579,2159,401,1104,53,903,4708,370,942,906,30719,3993,6493,1667,3281,15118,3909,2642,1031,5614,2731,2365,4408,31,244,0,8,36,99,154,58
25,1346,378,3,0,92,70,4,5,135,24938,1156,126,911,15,12627,1014,734,1,644,1564,1547,2577,92,258,2,49,5,28,51,1
548,2159,524,3305,625,1306,1450,1594,648,8175,21340,19046,11405,730,6082,16529,1771,3160,3117,3949,3332,4232,10725,80,340,0,72,2007,340,477,153
2271,348,90,2321,6187,359,323,1010,944,2668,6389,8749,8783,332,7509,2349,630,817,2267,1181,1325,1273,2121,6,35,0,43,0,149,208,223
2910,905,216,3970,9549,915,905,2166,13544,13149,21887,14257,19755,1691,17058,10753,3371,2139,3858,9012,3613,5107,8163,61,182,75,118,1,448,517,266
693,248,71,1051,331,160,748,866,1378,4674,6660,4429,3160,580,4265,3674,1055,660,1006,1119,1117,1572,2491,16,62,0,59,0,148,161,118
2351,4118,870,3552,590,2368,25624,1089,106131,25568,75474,31594,22675,8859,23251,44962,16915,8092,3370,23292,20889,6823,13099,346,747,19,568,96,820,2618,170
13,880,242,5,0,37,59,3,2,11,12629,448,168,154,7,4611,170,321,3,247,797,330,521,28,18,0,4,0,11,18,1
3,48,13,5,0,25,128,5,126,7,691,78,27,10,4,474,117,91,4,55,41,49,97,1,15,1,1,0,1,9,0
225,24693,5194,311,0,443,730,23,985,601,219673,9450,1313,4888,107,169591,18044,9759,181,8876,25002,15114,27344,813,256,10,215,0,142,441,63
294,3877,675,588,58,574,10728,348,1738,683,40688,3904,4669,1919,1488,23102,5924,6065,566,6104,4407,3421,6060,60,174,12,10,3,80,160,20
92,1901,780,11,0,332,519,31,81,355,91942,3693,391,2227,35,14245,2877,1127,5,1329,3941,2761,4336,51,260,3,166,0,163,180,5
60,514,169,201,0,168,465,71,275,161,6375,1118,970,332,294,3397,1395,2490,199,596,1121,1170,1705,8,318,77,3,0,22,23,7
3912,713,265,1147,42387,647,1866,2800,39811,8296,17970,20985,27184,1628,11509,8207,2686,2732,1090,3162,3104,3599,5832,29,149,0,129,3,377,487,262
248,24082,4883,338,0,554,436,21,1394,542,123230,11473,921,3849,723,105944,10305,11380,195,4528,30740,9149,21846,771,443,13,72,2,117,260,16
4,119,34,1,0,4,6,0,2,1,1302,151,12,23,1,777,110,79,1,24,129,42,110,5,3,0,1,0,1,2,0
0,0,0,0,0,2,1,0,0,1,25,5,4,2,1,7,6,3,0,4,3,2,3,0,0,0,0,0,0,0,0
1,183,51,6,0,3,6,0,2,2,1251,119,6,63,15,1197,63,102,6,34,202,87,196,15,24,0,1,0,1,3,0
27691,7568,2873,14388,4323,3437,11251,18272,529,83958,248933,84981,270655,12423,107011,111979,23718,26045,9196,13577,76225,33287,48962,510,1443,90,470,150,2307,2531,10102
1664,249,82,3698,13360,330,44,1314,12314,9760,8894,8108,7572,644,9362,3630,1081,766,3557,1383,2228,1528,2494,8,52,0,67,5,229,239,142
266,30352,7261,151,0,298,322,36,266,386,177307,39708,1605,5540,1394,183720,5912,7376,112,2621,49086,9704,31931,2697,1742,4,121,3,132,368,22
6150,783,200,8244,47282,675,1102,1271,92000,17039,17023,18698,26311,1269,22695,9710,2696,1843,8053,3455,4626,3470,5889,15,139,7,126,182,460,496,304
5874,531,148,8273,20303,769,944,2418,1958,6133,11440,10496,21994,505,23528,4991,1300,1548,8102,1756,2987,2709,4358,8,57,0,96,830,396,488,627
4670,1182,320,3639,30234,595,878,1401,23919,11129,27628,16439,20091,1483,8626,11811,4503,3184,3510,4372,4538,5391,8246,27,160,0,120,3,394,538,290
1333,405,163,1342,1126,1275,2210,1321,14037,1551,17387,6796,4814,650,6652,6444,2852,1304,1305,970,2514,1474,3190,18,230,16,139,5,171,496,100
57,938,157,6,0,620,486,8,56,457,23619,471,201,1874,13,8048,262,188,3,1073,1380,563,1231,91,1142,0,306,1,200,227,3
18,4,3,24,0,5,3,10,1,69,242,40,62,25,69,79,71,21,23,14,58,23,46,1,0,0,0,7,2,1,4
0,1,1,1,0,4,4,1,0,2,48,8,5,8,1,31,8,7,1,11,10,10,13,0,1,0,0,0,0,0,0
27,915,194,73,0,71,921,18,956,58,8327,1331,442,334,27,5096,2390,945,61,720,1467,1230,1805,250,224,0,9,12,17,47,6
9608,17867,5476,18472,2261,7051,2600,10617,2882,106904,500374,53221,70046,7704,77723,168946,67098,35225,16862,41950,93640,80826,113979,474,586,132,126,7,940,1636,6703
4150,477,134,4799,6869,514,599,2144,6034,7024,9379,17659,11256,634,23919,3505,1085,1184,4704,1696,2013,1865,3531,7,56,100,96,263,268,350,541
165,285,54,34,0,549,234,74,124,603,13075,4217,1509,328,1290,2570,369,412,14,505,826,1113,1384,10,150,0,22,0,63,338,130
399,8993,1955,58,0,1620,1367,82,18,1776,195043,6467,3281,7165,78,85489,5872,4343,40,8050,12899,6774,14638,263,3191,0,355,0,866,719,14
4667,1601,343,5566,15474,529,2874,3878,134657,16112,24902,21421,20326,2213,25426,11879,3717,2769,5375,3302,5111,8569,13314,45,202,40,191,174,608,602,1129
308,5074,841,480,136,568,13247,696,2182,708,46562,4967,4770,2380,1239,27936,8191,7925,460,6752,5285,3635,6762,95,148,0,10,1,87,192,20
8,68,15,15,4,28,51,11,140,11,1014,126,190,131,42,463,154,158,14,95,87,96,194,3,12,0,0,0,2,11,1
7,9,6,13,49,24,2,8,5,32,437,87,84,36,63,108,45,26,13,45,111,33,62,1,2,0,1,0,2,3,3
74,2964,647,10,0,250,204,6,4,106,57137,2543,210,1843,16,27253,1196,997,6,1538,2264,2164,4316,79,304,0,100,0,107,93,5
1327,1595,343,628,6,1262,1435,802,17,1854,45610,8221,19926,1174,4072,9738,4422,4010,583,5085,2595,1804,2683,250,31,0,46,489,140,1099,267
40,3126,987,12,0,163,182,8,48,124,78759,1983,166,1090,26,22179,2340,1950,4,692,3021,2722,4529,67,100,0,118,0,46,118,9
162,123,22,379,0,89,392,135,850,1599,2563,1733,2007,288,2310,1083,478,228,372,462,1000,309,645,3,19,0,18,0,38,81,46
1064,626,129,1326,3012,240,440,845,3983,4126,9997,5871,5970,656,4153,5998,1585,1070,1281,2269,2244,2267,3793,15,107,2,51,11,182,216,178
272,5789,973,511,423,532,11462,548,1956,749,53591,5154,3659,2282,1300,31186,9459,9157,489,6098,6105,4114,7595,93,170,0,10,28,82,189,20
103,971,163,278,1,168,744,131,489,252,8210,1329,993,339,233,4675,1830,1308,274,1354,819,578,1338,8,160,1,18,2,11,55,3
6,17,12,12,1,32,3,8,16,41,817,112,73,51,69,212,119,66,12,65,164,48,88,1,4,0,1,0,2,4,3
23,8,8,36,69,60,28,43,4,40,1004,447,144,71,310,224,114,67,35,84,187,71,109,1,5,0,2,0,7,12,18
0,16,2,0,0,0,0,0,1,0,87,7,1,4,0,106,4,4,0,3,9,7,12,0,0,0,0,0,0,0,0
53,348,89,12,0,99,244,65,14,27,6350,733,1514,145,62,2889,1210,931,11,816,518,365,628,8,9,0,3,0,51,134,8
0,0,0,0,0,2,1,0,1,1,24,5,4,2,0,7,6,3,0,3,3,2,2,0,0,0,0,0,0,0,0
325,270,67,200,634,50,186,571,23,596,3396,2070,2490,136,2350,1667,522,524,189,843,486,565,964,4,16,0,13,14,34,56,31
37,3197,796,7,0,78,73,3,65,55,31829,1186,168,1455,33,20113,2395,1799,1,751,2965,2059,3560,197,377,27,32,0,24,50,3
100,1738,669,5,0,336,518,29,37,306,78937,3803,450,2045,41,14764,2340,880,2,1441,3762,2500,4059,36,300,2,134,0,161,186,7
5699,2106,441,10350,29536,1231,2483,3930,124863,21337,35743,40373,38058,2224,23464,19563,5301,3855,10030,4597,5270,7771,12399,75,222,10,206,11,898,998,645
12,151,34,7,0,40,26,5,11,12,3589,267,206,148,23,865,457,463,6,190,436,336,450,4,46,0,1,0,2,39,1
2,89,25,1,0,5,6,1,5,2,1282,121,22,22,1,668,88,61,0,27,118,39,97,4,2,0,1,0,1,2,0
227,41910,7549,4185,0,966,527,47,487,991,152387,20634,1332,10971,1378,187823,11772,11602,4043,4100,20421,10389,27947,1669,3700,5,351,182,213,643,18
58,60,15,31,754,15,49,57,1996,199,897,360,481,71,124,559,205,130,29,261,150,118,219,4,7,0,3,0,10,13,3
200,148,32,218,0,95,687,144,15644,2465,3518,2003,1781,491,2299,1640,815,383,211,682,1161,377,827,5,26,0,24,2,41,100,40
29,46,39,5,0,86,51,8,37,51,3143,321,170,231,29,1618,510,497,3,1618,621,160,245,197,22,0,5,0,16,81,23
1776,401,118,1554,13963,330,117,1421,3250,2814,7907,8362,7218,406,4075,3133,927,900,1511,1381,1332,1034,2062,7,40,0,49,3,182,232,160
1,0,0,1,0,2,1,1,0,1,28,7,5,3,1,8,5,3,1,4,5,2,3,0,0,0,0,0,0,0,0
98,1000,166,289,0,166,727,122,577,249,8209,1326,930,342,219,4724,1845,1394,284,1346,853,587,1361,9,177,2,6,0,11,53,3
2,19,5,4,0,4,6,1,8,5,253,30,15,3,3,148,59,28,3,15,19,12,26,0,3,0,0,0,3,2,0
2,157,42,1,0,5,6,0,2,1,1338,155,13,25,2,885,103,89,1,19,134,40,112,7,3,0,1,0,1,2,0
0,2,1,0,0,1,0,0,0,0,44,9,2,2,1,21,19,4,0,5,7,2,4,0,0,0,0,0,0,0,0
7089,684,181,4514,26036,557,945,1368,18112,5304,10734,19017,13421,797,21430,4815,1623,1491,4337,2612,1804,2474,4119,19,80,0,85,0,381,425,308
620,7500,1242,1580,131,1393,19350,398,2701,1066,55878,6782,8145,2713,1214,36675,5644,5940,1532,7270,12640,3320,9171,74,100,163,15,337,94,239,21
240,24929,5044,346,0,539,450,25,1292,512,122024,11582,912,3872,771,108593,10236,11676,198,4054,30863,8970,21799,770,433,15,70,6,116,256,16
32,83,25,69,1,67,31,64,266,278,2025,572,539,54,234,707,160,198,62,137,438,186,382,1,6,0,2,0,4,12,6
952,2537,598,1240,1945,1518,1977,2788,4704,1382,66745,8766,27048,1860,11566,14179,2217,4025,1159,7032,7114,3908,6051,288,90,76,65,1465,692,1247,1319
3898,874,323,1309,27259,594,596,3283,36586,7174,19534,17599,16736,1641,27288,9201,3584,3375,1237,5126,3519,3570,5914,44,132,8,114,66,367,480,558
108,17,5,218,686,39,26,96,36,760,703,775,530,50,1338,238,85,57,210,188,160,92,185,1,5,0,4,0,15,17,20
738,10330,2717,382,0,6799,5077,226,1593,3170,371482,6153,4678,12873,190,120788,3374,1449,151,12758,34769,8822,18015,1328,8441,41,4123,0,2760,2715,113
5150,1098,310,4258,30745,890,1858,1928,4148,7583,20400,23914,18483,1417,15126,9017,2690,2570,4041,5054,2521,2753,5889,49,140,15,132,88,600,686,286
243,1839,383,1737,0,402,5958,473,661,418,15251,9608,2907,917,2912,12150,6476,5856,1638,2750,2423,5348,8285,211,1679,427,42,0,244,175,16
2,28,8,5,0,9,32,2,8,4,297,37,25,11,4,202,88,45,4,23,41,22,39,1,7,0,0,0,0,3,0
1029,546,156,1542,2958,485,868,555,58072,5425,10139,8050,7444,1241,3790,6980,1495,1118,1520,2384,2009,1657,3087,53,36,0,24,8,247,350,98
314,247,67,336,2053,106,221,509,5848,2046,5965,2059,2597,364,2683,2721,953,588,320,1469,916,946,1547,18,45,0,19,42,65,83,34
2228,4119,868,3243,420,2277,25722,1249,136870,26172,74765,31860,23347,8792,23015,44476,16922,8129,3070,22906,20434,6762,13111,332,715,53,561,45,802,2545,165
51,1609,555,14,0,204,472,14,44,379,63489,1126,818,2439,22,23175,2999,1714,6,1294,3985,1700,3935,42,433,5,81,532,64,129,11
0,23,5,0,0,0,1,0,3,0,126,14,1,8,1,185,7,11,0,10,30,10,20,0,1,0,0,0,0,0,1
2506,814,228,798,9843,319,138,1724,2956,3927,12072,8292,11116,845,8380,5609,1831,1857,760,1599,2203,1954,3506,12,66,8,65,5,225,276,101
10,266,121,1,0,30,82,3,2,94,12275,180,205,223,18,4277,783,294,0,201,629,266,521,12,36,2,4,15,11,14,1
43,660,120,17,0,137,299,26,150,60,4353,366,356,306,89,3630,345,778,15,657,932,578,1077,12,60,6,2,0,8,20,3
2130,1273,382,3868,3969,2829,1087,3062,309,2895,53205,17439,37727,1299,23351,8659,1168,2686,3770,6973,6393,3156,4803,107,71,0,70,3596,1024,1956,3447
704,512,114,1286,7,292,800,208,352,1133,8464,2175,5343,276,3088,3366,837,584,1266,1517,915,1530,2355,10,68,0,9,3,71,164,57
76,452,69,21,0,132,84,40,11,79,5796,705,2305,170,224,2139,279,530,19,1538,549,424,659,35,11,0,4,0,54,127,60
98,4350,900,67,0,264,666,58,369,45,39648,7102,218,1778,272,27465,1971,2713,54,1111,4622,2053,4374,29,577,10,20,0,12,98,4
348,456,135,4286,20,324,4555,1013,348,1275,7901,11252,7545,608,7008,5191,1353,1237,3991,1105,1520,2668,4955,85,1628,31,4,162,90,193,8
907,1873,380,209,0,2825,1076,166,235,3044,79694,19973,8612,2278,2537,15596,2802,3043,47,2971,6734,8064,9779,54,1099,0,143,0,354,1324,645
7,67,16,11,0,14,29,2,58,3,873,98,34,14,8,490,244,59,8,36,43,38,86,0,4,0,0,0,2,6,1
2,204,48,1,0,4,5,0,2,1,1419,181,12,24,3,960,118,99,1,16,149,40,119,8,3,0,1,0,1,2,0
358,2034,433,85,0,443,861,79,118,97,32349,3988,604,2404,636,15848,2455,901,63,2517,2192,1300,3029,15,180,51,6,42,41,187,37
14,433,120,16,0,95,134,9,2,154,13287,483,413,180,47,5103,1364,217,6,290,1162,725,1157,7,76,1,150,0,27,66,6
2568,263,89,3805,12054,385,437,1320,3583,10402,10393,12528,7946,728,16139,4613,1402,940,3681,2439,2740,2362,3859,10,86,0,63,1084,241,254,309
1898,378,112,1716,15309,328,105,1442,3047,2951,7662,8785,7535,379,4179,2919,879,860,1673,1295,1297,1010,1975,7,37,21,48,0,181,228,173
379,2104,466,276,114,1193,1237,181,83,1593,36809,4067,2768,6563,1637,12205,5320,3961,259,3395,10604,5978,6867,201,823,0,123,1357,108,446,36
148,6584,1378,1221,33,671,1140,501,2928,2013,27352,17736,4441,975,1196,31489,4605,7558,1100,4704,6921,6453,10999,162,307,200,62,7,144,267,29
3,16,6,7,0,10,16,2,8,6,283,35,36,10,7,161,85,28,6,27,34,23,37,0,5,0,0,0,1,4,0
49,633,117,157,1,139,445,48,509,203,3953,623,397,201,194,2666,708,703,147,524,624,335,643,16,23,15,1,0,16,18,2
20,2442,461,81,0,56,37,2,20,46,13510,1973,69,575,381,12260,695,759,75,224,2667,367,1416,271,244,3,35,0,24,61,2
0,4,2,1,0,5,3,1,1,1,95,9,2,8,2,65,23,19,1,8,16,13,18,0,2,0,0,0,0,0,0
2946,358,129,2089,22495,517,1106,1717,14508,5778,10578,17486,18904,966,12645,4731,1241,1640,2018,2009,2364,2387,3840,17,104,0,73,0,260,361,333
174,1551,520,65,1,722,409,265,639,1394,41765,4422,1427,1624,330,11345,2588,6250,60,20009,3491,3388,4367,155,90,24,10,275,236,680,62
12,59,12,18,92,23,39,8,144,12,937,121,211,100,56,370,125,119,17,80,80,88,176,3,10,0,0,0,2,11,1
13,743,207,5,0,42,63,3,2,11,11275,401,218,158,7,4143,147,286,4,254,702,306,482,25,18,0,4,1,12,17,1
57,1385,237,292,1,231,3186,71,722,92,7846,2029,802,506,329,4839,1783,3486,291,1172,1259,1230,2009,8,760,49,3,0,10,40,6
2174,651,178,2148,4716,391,1490,816,24776,7536,16687,8602,10190,1291,8314,8642,2265,1746,2078,2209,2249,4179,6000,50,120,0,84,3,304,323,268
592,32886,5437,685,0,3944,1087,169,77,5424,286377,69111,1883,24406,1107,260596,10481,21447,351,15774,32011,25953,42970,284,752,39,709,2,462,1647,146
56,653,166,23,0,554,595,10,74,207,22027,510,177,1141,9,6285,257,91,9,1027,733,362,1004,54,472,0,299,0,123,381,18
959,5636,1416,350,64,2175,1938,462,264,893,129809,9404,24859,4778,1452,35553,5086,7493,323,31635,11191,4833,7674,2825,217,26817,49,387,1254,3328,538
4,1293,213,2,0,17,26,1,37,51,6225,3166,33,445,34,6378,149,717,1,172,657,237,544,15,12,0,2,0,3,12,1
52,639,156,24,0,488,433,10,73,159,19918,432,203,952,9,5738,216,83,10,955,697,290,867,45,401,0,246,0,102,310,20
19,4,3,25,0,6,4,10,1,71,243,41,65,25,74,79,66,19,25,14,59,24,47,1,0,0,0,0,2,1,4
2,18,4,7,0,7,25,1,24,3,256,31,23,7,4,136,73,27,6,10,14,12,28,0,5,0,0,0,0,3,0
49,3407,882,10,0,362,100,5,27,129,48768,3140,257,413,12,30000,969,2869,5,1976,3399,1376,2905,333,32,2,26,0,40,112,22
4465,1291,305,13705,32817,959,1644,3817,58231,20502,28127,44965,30821,1855,36496,14895,3778,2882,13243,3818,4320,5520,8584,43,160,0,179,1,801,818,630
1,19,5,7,0,7,21,1,22,3,294,33,20,7,4,156,83,32,6,9,15,13,31,0,6,0,0,0,0,3,0
1180,47040,9260,459,0,7038,21896,207,19549,8135,986406,32667,3763,39780,427,291691,19153,11455,248,20961,38653,46253,90836,6032,27719,10,9089,136,5753,6663,58
223,338,82,291,1711,44,200,512,21,496,3873,1810,1955,153,1618,2013,609,579,274,839,520,601,1024,5,17,0,12,2,32,57,26
144,3161,925,578,0,460,746,57,458,528,24575,3834,905,2129,276,24500,2781,3597,552,2438,4999,4403,6884,52,543,3,45,0,49,385,5
4863,1802,394,11605,39213,986,2097,3521,122393,22348,33015,42288,36162,2169,26219,17608,4715,3510,11196,4238,4887,6913,10963,63,200,37,191,37,800,861,680
87,36,9,63,988,23,31,75,1245,256,645,438,658,43,270,340,124,80,61,215,124,91,175,2,4,0,3,0,11,13,5
4,12,7,1,0,18,5,5,2,6,544,30,81,41,3,246,142,52,0,295,31,64,79,2,2,0,2,0,2,14,1
76,596,149,15,0,119,314,72,27,25,9312,937,1617,211,63,4557,1628,1474,13,1081,680,517,887,13,13,0,3,73,52,172,9
994,5292,1335,380,27,2292,1868,485,222,895,126847,9380,26294,4730,1532,34545,4749,7300,353,31518,10753,4650,7412,2594,224,291,47,246,1248,3509,573
91,472,154,224,0,168,492,80,205,190,6044,1154,1107,323,386,3130,1233,2088,223,559,1024,1029,1551,9,283,198,3,0,22,23,8
39,6009,1259,157,0,95,148,6,517,230,34279,7930,143,1377,270,30531,3974,3803,117,908,6572,2019,5231,45,179,0,38,0,25,161,3
0,4,2,0,0,1,0,0,1,0,57,9,0,2,1,31,26,7,0,4,7,2,4,0,0,0,0,0,0,0,0
88,15906,3776,318,0,295,572,27,265,136,75546,8408,956,4832,1655,86590,6594,6881,272,2452,16926,5156,12001,2311,1335,2,124,0,134,294,12
8859,682,187,2913,34408,898,1571,3159,2095,5576,13734,23512,19982,782,28893,5643,1709,1837,2826,2457,3069,2820,5540,10,83,36,113,43,461,661,359
566,30640,5837,180,0,901,1110,96,1990,1770,440461,18259,2345,15128,567,203710,22156,8997,93,12243,39376,23277,43220,1338,5743,5,204,32,145,900,235
171,512,144,206,24,403,569,327,396,2144,13096,3446,3141,439,1192,4804,1496,1664,182,1111,2606,1250,2432,16,69,136,12,0,30,84,39
5348,1925,433,5313,3585,653,3948,4116,80975,17656,31578,23073,20729,2633,26592,17166,4590,3502,5156,4182,6508,11129,17043,65,262,224,238,169,821,732,1440
12,7,4,14,0,6,5,8,2,72,332,35,49,30,46,119,126,35,13,21,71,26,51,1,1,0,1,0,2,1,3
47,655,157,50,0,103,754,18,949,85,8069,1269,588,367,19,4521,1703,995,41,730,964,1066,1562,25,224,0,3,0,96,36,13
1102,5746,1989,880,0,1104,618,964,105,1079,231012,25436,9252,2797,12623,48813,16060,18053,717,28813,20395,53786,59861,61,132,5,48,117,189,1497,1542
3284,590,174,3502,10315,553,522,1865,1967,4852,10158,16749,13457,465,11774,5831,1311,1438,3430,1646,2298,2055,3406,8,54,0,75,0,238,336,358
137,612,103,152,1,158,751,146,107,232,5989,1292,1615,195,539,3108,897,574,149,701,547,397,875,4,90,55,3,0,18,49,2
849,9493,2115,269,1,1307,2502,353,646,863,141549,10285,19300,4802,1113,48991,9022,9604,228,26257,13881,5877,9594,3551,216,2,71,224,1094,2201,431
123,5560,1552,57,0,1000,534,41,128,1720,145232,5477,912,2698,72,45549,2058,2083,48,3090,8290,10926,14815,179,754,13,404,0,497,463,10
209,1810,579,123,0,1189,2251,83,311,1860,77003,3863,3013,5413,118,20891,1390,1375,80,3970,6338,6832,9412,583,2245,5,1183,80,628,545,52
6,14,10,12,9,30,3,8,12,39,716,105,78,47,65,185,100,57,12,60,148,43,80,1,3,0,1,0,2,4,3
36,989,250,96,0,125,173,14,139,85,10956,1258,382,597,107,8812,697,600,76,552,1807,529,1407,8,89,0,4,0,20,68,2
17,208,48,31,0,56,300,12,329,24,3428,266,238,176,29,1465,1370,356,29,242,211,160,407,7,22,4,1,0,2,24,1
1516,345,144,1729,1388,1425,1974,1164,11329,1744,16775,7319,4741,623,8279,6106,2690,1209,1684,989,2426,1467,3200,15,214,84,142,14,204,568,118
6,400,175,1,0,23,45,2,2,38,13605,182,174,211,7,5271,1049,353,0,176,644,311,583,13,26,22,5,0,9,14,1
1278,531,209,1179,969,1323,2775,1702,11811,1396,20619,6622,5389,789,5250,7892,3368,1717,1141,1114,2923,1709,3652,25,278,163,148,1,169,495,92
192,428,107,339,11,240,2110,401,139,487,5159,1396,2877,174,3021,2542,321,679,314,764,1427,1267,2984,32,174,151,4,10,62,43,36
232,1546,386,1127,207,667,2904,263,636,1244,13616,4898,4359,1087,1014,10762,2884,4117,1024,3507,2048,2476,4607,39,476,22,10,0,74,188,15
2,17,4,7,0,8,23,1,26,3,248,31,25,7,4,131,77,26,6,11,13,12,28,0,5,2,0,0,0,3,0
958,148,49,1360,4479,313,550,872,6764,8614,6796,5952,5498,595,8684,2513,966,622,1325,2964,1509,1048,2105,13,59,0,45,761,154,169,121
40,1088,269,8,0,213,178,11,1,124,28927,2785,512,953,18,10543,843,688,5,1039,1052,1634,2674,42,214,0,113,0,55,77,3
23,255,94,2,0,30,64,5,1,134,10606,249,361,209,106,3388,484,237,1,189,654,230,461,3,27,0,4,3,9,13,1
82,3016,704,116,0,148,304,7,1154,442,41920,5160,309,1414,29,25653,3954,2367,98,2416,5553,2870,5111,82,115,4,36,0,33,168,17
54,262,69,14,0,111,233,92,13,37,6119,682,1488,150,73,2278,1217,733,12,802,517,344,613,8,8,0,3,1,62,150,15
185,11978,2727,109,0,1136,886,23,180,875,164547,9335,1120,8119,87,107728,6319,5471,79,6076,10918,9322,18174,170,4327,5,524,6,346,727,13
12729,2470,578,16917,99859,2921,1839,9424,45453,55979,65620,60860,53037,3985,69282,23999,7882,5940,16470,25738,16441,10733,18469,98,430,0,300,897,1290,1458,2476
938,505,139,4130,568,1824,440,1654,25,9491,14120,24590,9385,594,7435,6315,1525,1181,3957,2533,2763,4777,7967,19,109,100,5,338,111,311,234
21,760,141,61,0,13,384,29,444,10,6119,447,443,82,45,4105,2221,878,54,176,611,174,507,6,9,0,1,0,3,19,2
98,607,184,10,0,456,744,25,133,361,27295,1243,522,880,68,6622,456,149,7,1007,2100,3788,4861,34,387,50,156,8,285,213,26
1,6,3,1,0,4,6,0,3,3,109,11,5,44,1,139,5,6,1,3,27,8,22,2,11,0,2,0,1,2,0
88,623,132,18,1,355,411,66,117,846,18876,1596,1778,662,260,3419,257,586,16,888,2895,2016,2377,83,449,47,149,0,109,143,31
175,3173,975,106,0,976,802,25,66,1758,30263,5224,721,3752,23,33092,9925,4381,102,5475,7006,7180,10899,226,136,138,16,2,238,227,8
16,5,4,20,0,6,4,10,2,67,262,39,58,25,55,90,98,29,20,17,60,23,47,1,0,0,0,0,1,1,3
25,4352,853,77,0,52,55,6,50,39,22333,1632,161,1218,227,18515,1270,1922,61,360,2782,1054,2826,186,261,11,14,0,10,40,4
24,671,142,68,0,15,1015,19,428,13,5626,437,533,83,39,4009,2160,794,61,239,696,179,498,5,10,0,2,0,4,22,2
0,1,1,1,0,4,4,1,0,2,50,8,5,8,1,33,8,8,1,11,11,11,14,0,2,0,0,0,0,1,0
698,789,208,270,5,308,237,291,15,188,32186,2650,7295,300,792,5603,1322,2234,234,2151,2410,1423,1950,73,36,0,42,15,120,278,80
55,223,61,14,0,55,185,38,11,31,5098,476,1743,79,53,1760,650,609,13,332,389,261,390,3,4,0,2,6432,6,40,7
124,19,5,374,18,25,69,116,649,462,543,639,686,38,515,306,78,58,366,99,83,111,187,1,5,0,7,0,14,18,14
23,8,9,36,70,62,29,45,5,40,1042,459,148,74,310,234,122,70,36,86,193,73,112,2,5,0,2,0,7,13,17
53,3287,823,12,0,363,136,7,33,120,49462,2871,322,432,10,28971,881,2995,6,2291,3032,1477,2904,298,31,115,32,1,37,116,19
0,2,1,1,0,5,4,1,1,2,57,9,5,9,1,38,10,10,1,12,12,12,15,0,2,0,0,0,0,1,0
7,11,7,13,60,28,3,8,8,37,558,101,86,41,66,141,71,41,13,53,125,37,69,1,3,0,1,0,2,3,3
391,2694,875,487,4,1798,888,461,342,4034,79074,7014,5616,2872,512,33442,3340,3540,416,7932,26377,4396,7954,245,331,278,112,0,436,297,175
17432,10237,2715,23425,3032,11068,2688,17857,150,123350,294517,83561,100291,6749,121095,102344,35409,23412,22138,49185,67974,60481,87620,280,418,2632,110,86,945,1925,10641
27,38,27,5,0,81,43,9,17,49,2635,262,180,204,26,1215,352,359,3,1268,514,128,197,126,18,0,4,0,13,69,20
54,232,62,14,0,53,214,37,11,29,5153,459,1675,76,53,1830,687,627,13,324,391,271,401,3,4,0,2,6130,5,40,7
5985,2271,478,9738,22804,1352,2641,4361,117194,21418,38034,39133,39374,2329,21347,20796,5642,4116,9444,4768,5508,8046,12910,84,236,0,215,2,945,1056,654
3,8,4,1,0,21,5,4,1,25,316,32,26,12,2,214,90,30,1,75,72,18,38,4,1,0,1,0,2,5,3
850,160,42,831,4250,183,235,573,2050,1815,3711,4286,5195,241,7308,1532,372,489,804,957,770,767,1263,5,23,0,24,47,81,111,113
0,1,1,1,0,1,1,0,0,2,36,6,3,2,2,11,8,3,1,2,8,2,4,0,0,0,0,0,0,0,0
2136,950,267,585,9949,264,145,1745,2500,3738,13175,7292,10647,901,7207,6226,2035,1987,552,1577,2350,2033,3684,14,71,0,63,52,206,260,100
1,23,7,2,0,6,5,1,6,4,329,25,21,27,4,150,35,35,2,19,42,28,36,1,2,0,0,1,0,1,0
4721,1353,315,14230,32948,930,1698,3764,70048,20793,29030,45203,31246,1908,34764,15251,3884,2960,13748,3890,4398,5627,8734,46,164,54,181,0,803,822,635
1,16,4,3,0,7,5,1,9,1,237,54,17,5,2,135,59,30,3,11,18,15,30,1,2,0,0,0,1,2,0
31,99,30,65,0,69,36,61,247,296,2395,598,527,61,235,807,186,227,58,155,505,206,423,2,7,0,2,0,4,13,6
6902,729,196,10838,24569,805,1058,2476,6556,5545,12935,13353,22263,571,21842,5815,1714,1688,10613,1922,3168,2962,4774,9,60,0,96,1513,423,537,520
3,28,7,11,0,21,68,4,65,13,309,85,69,18,12,187,103,63,10,58,45,39,64,1,6,0,0,0,1,3,0
267,35857,10038,450,0,465,674,38,548,468,318239,21328,1247,11257,3478,264542,19319,24688,328,4869,35593,20107,44360,1375,5627,8,185,3,101,621,33
0,11,2,0,0,0,0,0,1,0,71,5,1,3,0,79,3,2,0,3,7,6,9,0,0,0,0,0,0,0,0
588,13404,2777,231,0,890,2272,225,1085,841,169009,10084,8335,4474,977,64696,14285,12125,174,21084,16503,6635,11203,2888,245,11,72,1143,782,1768,462
1727,6577,1514,12933,21,4485,16660,1815,2059,7184,72347,31114,37508,2702,27164,47078,26772,12176,10836,20634,16910,24013,36292,294,4592,121,354,14,922,1470,239
3719,744,260,1560,23954,577,567,2748,32158,7390,16885,16737,14533,1358,28591,7586,2923,2905,1484,4442,3179,3313,5569,34,113,0,107,0,337,434,759
4396,2705,621,4614,8049,614,4606,3767,51135,16781,40611,21504,18317,3155,18564,23292,6182,4764,4462,4595,7705,13095,20749,92,340,0,243,68,846,829,1476
4,8,4,1,0,15,4,7,3,8,426,26,105,28,3,156,79,34,0,211,24,41,53,1,1,0,2,0,2,13,1
2,17,4,4,0,5,6,1,6,6,253,29,16,3,4,144,55,27,3,15,18,12,26,0,3,0,0,0,3,2,0
4533,663,197,2602,6737,608,1102,3130,5104,7024,13201,19220,16583,930,31117,5882,1630,1727,2523,2461,2647,2760,4943,13,84,0,129,90,348,456,420
91783,26306,14824,222390,142187,85025,39355,103614,5703,625704,1289988,656565,826406,164001,1081215,406002,88235,102753,163748,141224,642943,152524,332205,3749,13442,11251,10170,1896,7008,23482,64305
735,12580,2223,527,5,671,1797,363,101,1327,128137,8458,15405,2390,1238,64842,15650,12290,410,5742,23765,5938,11166,141,165,59,66,269,369,427,312
5804,681,176,7948,44242,604,847,975,78042,13319,14464,16687,24236,935,21701,8120,2240,1546,7771,2771,4164,3010,5074,11,113,0,104,893,404,445,243
330,24322,5064,3166,0,983,745,81,1297,2162,163565,20534,1538,13639,1616,159827,10630,7571,2992,9362,21733,12909,28352,816,3206,101,423,14,209,877,28
33,990,187,4,0,386,394,2,70,345,21231,565,77,1573,6,8058,237,240,2,819,1045,886,1651,76,538,0,300,0,172,158,2
5,323,63,16,0,37,32,7,91,15,3309,289,87,113,30,1517,1899,1260,16,165,537,263,398,14,76,0,0,0,4,21,1
97,4054,829,64,0,266,713,66,465,45,37170,6610,258,1712,270,25823,1818,2548,52,1094,4374,1927,4113,26,561,3,20,0,12,98,4
74,25,9,47,238,37,11,63,12,258,673,367,702,35,299,244,52,67,38,72,339,124,226,1,4,0,1,0,4,9,32
1,8,3,4,0,3,14,1,19,1,130,18,8,2,2,70,24,20,3,6,8,8,16,0,7,0,0,0,0,2,0
1,12,4,1,0,3,2,0,11,0,187,12,3,3,1,120,20,9,0,11,11,9,18,1,1,0,0,0,0,0,0
314,24825,5148,3230,0,1088,717,74,1274,2017,161160,19722,1629,13283,1755,160035,11308,7837,3072,8873,20090,12699,27799,908,3400,23,347,18,204,825,27
23,41,28,21,0,63,41,20,13,44,1958,217,206,81,99,473,1074,214,21,95,426,69,134,3,1,7,1,0,3,24,3
100,1893,388,28,0,156,92,83,122,133,29299,1681,1778,404,131,7957,1364,2096,23,2571,2292,1160,1861,125,31,0,8,20,93,220,90
2645,380,108,1451,8957,341,454,1054,4162,2696,7425,8594,9960,443,6889,2842,863,954,1407,1393,1317,1487,2477,7,41,0,55,0,173,236,253
378,156,49,745,991,64,122,724,58,824,2922,2230,2711,117,3177,1167,354,458,717,838,490,597,990,3,14,0,12,0,36,53,45
39,968,197,14,0,56,262,20,63,44,14796,864,597,166,66,6547,757,1002,12,426,1112,530,851,83,13,0,3,9,33,86,146
399,129637,14040,1613,0,7780,746,57,206,3815,330433,104165,695,29611,3213,409993,8227,39972,1209,7701,47896,26006,54970,469,682,223,2026,0,399,1734,114
51,4155,826,69,0,138,146,6,97,188,46140,4281,223,1807,56,22274,1566,756,51,823,2744,870,2998,118,390,1,58,0,64,123,4
2228,247,83,3361,10799,329,382,1494,10488,11108,9978,10642,7585,810,17292,4703,1426,964,3242,2622,2532,2468,3998,11,95,0,67,6357,230,232,319
3,6,4,4,0,13,10,5,6,18,263,45,29,24,16,84,71,38,4,24,60,18,33,1,1,0,1,0,1,2,1
3497,751,234,2935,13917,536,630,1985,4608,4671,12250,15409,11769,585,9822,6835,1674,1632,2864,1868,2537,2296,3736,9,63,0,85,4,259,364,567
3982,3357,698,7869,16630,1371,3372,5538,34451,21164,51769,35082,40675,3015,17546,29331,7866,5884,7592,5710,6771,8264,14198,174,327,7,248,5,1043,1224,661
698,2172,648,98704,0,2460,893,895,104,3181,55084,10813,11825,3007,828,27277,2564,2734,98560,6803,22833,3955,6971,251,262,68,107,0,412,346,389
3,18,6,2,0,12,5,1,5,4,231,77,8,9,5,170,25,42,2,16,29,32,49,1,1,0,0,0,1,2,0
473,1608,342,304,457,1065,1234,255,53,1617,30338,4190,3633,6716,2162,9155,3132,2656,291,2592,9441,4368,5130,76,502,0,91,869,122,398,25
13,461,129,11,0,83,150,9,4,156,13498,520,396,211,39,5248,1360,230,4,283,1188,814,1277,7,72,0,151,1,25,60,6
736,1582,488,417,12,1092,513,1422,64,828,57522,7162,16442,1428,2160,11386,1840,3741,386,13154,4668,2542,4136,205,80,37,34,826,461,1067,470
124,76,22,160,53,89,135,67,12800,1067,2545,1257,929,363,984,1218,556,250,155,482,644,363,698,6,22,0,22,0,36,90,13
43,971,252,93,0,130,174,12,120,91,11326,1300,409,574,110,8869,709,596,75,587,1846,548,1433,9,92,1,3,0,19,72,2
1,3,2,1,0,6,4,2,3,8,145,20,11,12,5,49,33,15,1,11,25,10,16,0,1,0,0,0,0,1,0
13,498,115,6,0,39,45,1,3,51,8386,506,84,645,4,4161,325,143,1,465,685,776,1209,5,100,0,35,26,13,17,1
36,1082,277,2,0,134,216,8,9,297,25394,1047,261,1209,16,11552,930,461,1,843,1251,1764,2705,27,239,0,44,755,41,61,2
2,11,6,1,0,17,5,2,2,18,326,33,24,12,2,246,103,33,1,57,73,20,38,2,1,0,0,0,1,4,4
786,148,39,823,4022,185,224,559,592,1567,3386,3959,5095,208,7758,1391,319,446,795,864,748,714,1167,4,21,0,20,45,72,101,109
0,22,5,0,0,1,0,0,1,1,188,20,1,5,0,176,3,5,0,3,18,7,16,0,0,0,0,0,0,0,0
3901,653,164,6231,11334,1188,791,2335,11433,16302,18809,18235,20276,1453,21581,8640,2650,1789,6098,9360,3523,4314,6873,43,153,62,125,28,505,556,326
42,1792,263,17,0,87,57,5,52,74,20763,2982,157,704,57,10522,573,368,8,416,1616,359,1383,130,293,5,32,0,12,79,2
15,1319,243,87,0,41,808,7,518,27,7907,1248,264,299,80,5679,2926,1331,80,551,1494,972,1531,208,156,0,3,4,6,35,6
70,2861,615,9,0,253,199,6,11,107,57031,2474,223,1813,15,27241,1123,974,5,1547,2154,2087,4167,77,275,1,90,2,110,93,5
39,471,128,13,0,76,204,6,2,18,8230,671,617,154,11,3190,151,243,11,268,711,257,427,30,15,7,6,1,22,19,1
126,6549,1604,227,0,394,642,19,942,201,74607,6761,1185,4137,70,55028,4549,2800,168,4139,9654,3186,7413,495,718,3,137,0,178,428,15
3461,5532,1235,4510,456,4986,15622,1977,1578,29242,59699,38329,29728,3080,17488,46862,13471,12939,4070,8088,23265,9349,21297,219,1153,83,140,361,210,1000,1047
102,368,92,46,0,148,258,18,2,35,6480,1977,840,131,66,2586,104,222,44,366,922,307,621,10,11,0,5,2,20,33,3
57,529,173,189,0,174,463,72,341,157,6578,1107,926,351,270,3535,1462,2673,187,643,1145,1251,1794,9,343,18,3,0,23,23,7
12,7,4,15,0,6,5,9,2,75,321,36,51,30,49,114,120,33,14,21,70,26,50,1,1,0,1,0,2,1,3
178,13732,2883,109,0,1000,764,15,158,714,161196,10125,860,7772,155,108955,6840,4902,84,5014,10559,8958,17831,169,4325,3,465,13,279,680,11
47,630,197,155,3,181,406,63,534,151,7553,1052,759,369,210,4039,1737,3293,153,759,1272,1549,2132,11,380,2,4,0,23,24,6
486,707,130,786,31,254,942,200,2226,836,9252,1738,5083,340,2565,4010,999,670,770,1719,891,1642,2359,12,79,11,8,0,51,142,41
34,1672,437,36,0,49,196,8,50,39,10840,1164,293,534,219,11578,2487,2040,28,667,1605,661,1663,58,66,0,16,320,8,46,3
1,16,4,3,0,8,6,1,7,1,228,48,14,5,2,146,63,34,2,10,18,15,30,1,3,0,0,0,0,2,0
2224,3363,1062,1426,0,1410,247,1859,65,1658,156391,53216,27318,1888,34289,23951,7035,9847,1304,26592,15172,38840,43668,23,81,1,68,8,222,1482,2783
0,18,2,0,0,0,0,0,1,0,94,7,1,4,0,113,5,4,0,3,10,8,13,0,0,0,0,0,0,0,0
78,861,235,73,0,154,144,19,85,129,11357,1086,555,460,109,8598,695,560,61,571,1566,557,1391,4,65,0,3,0,23,65,5
0,2,1,1,0,4,4,1,0,2,54,8,4,8,1,35,9,9,1,11,11,11,14,0,2,0,0,0,0,1,0
3,3,2,0,0,6,11,0,3,6,112,13,18,52,1,100,5,3,0,5,25,6,19,1,10,0,2,0,1,4,0
255,1461,462,189,0,499,1013,114,144,803,21228,6187,1538,2385,318,16715,1607,1393,175,2111,2760,3457,5498,9,266,0,52,12,60,507,15
264,20801,4053,324,0,592,506,20,1749,654,127784,10847,873,3786,506,97068,10206,9967,186,6436,29823,9578,21315,840,440,33,68,15,127,272,18
0,22,5,0,0,0,1,0,3,0,122,14,1,8,1,180,7,10,0,9,29,10,20,0,1,0,0,0,0,0,1
121,137,37,192,4,94,470,51,5696,845,3253,1473,893,388,548,1868,954,397,188,560,616,389,736,7,26,0,18,0,40,103,8
141,309,56,20,1,394,218,53,185,701,13377,2893,1450,470,633,2097,358,436,9,398,497,1235,1493,30,203,1,67,20,49,280,84
3315,620,148,3158,10971,414,385,1351,69277,8977,12193,12310,13725,968,12571,7396,1951,1350,3061,1825,2024,3437,5077,23,94,11,78,0,296,317,332
4403,395,116,7953,3734,832,2049,2741,3714,18480,15698,20503,18188,1113,15507,6860,2252,1615,7806,3160,3483,3233,5138,18,121,0,217,1779,554,568,1024
6209,2351,497,9725,18263,1322,2722,4614,104354,21401,39458,38894,40325,2384,21006,21499,5823,4255,9436,4879,5624,8136,13111,92,243,0,220,6,965,1082,659
3,14,4,2,0,11,6,1,5,5,204,44,11,8,5,117,14,31,2,13,28,27,43,1,1,0,0,0,1,2,1
7971,239240,63853,12748,0,63152,15134,2761,17728,46072,4049045,178100,68958,126196,6452,2337453,140303,173650,9690,288937,1058374,151718,273718,8989,20181,1402,4616,213,30263,10851,4160
140,4601,1169,117,0,129,188,21,307,198,51094,3966,637,1883,43,36424,3657,1677,76,1716,6934,1454,4863,62,150,6,65,4,25,130,6
217,1629,446,464,5,319,1993,231,1362,751,27140,2010,3307,671,558,10808,2965,2280,426,2668,1937,2945,3915,53,151,0,10,0,49,144,43
18,1526,308,12,0,57,74,10,10,18,10259,595,147,537,64,8643,592,685,9,416,1929,253,879,55,49,7,7,0,9,25,1
2,117,32,4,0,4,8,1,9,3,1539,97,12,76,5,1059,61,61,4,69,186,98,189,16,20,0,1,0,1,3,0
9465,558,150,3049,29875,773,1262,2811,2827,4983,11444,20738,17398,640,30289,4502,1381,1530,2964,2032,2568,2526,4685,8,69,3,96,13,392,549,352
1113,116,41,1471,6054,311,273,948,12237,7852,5382,6175,5545,502,7259,2098,799,520,1431,2582,1316,916,1780,9,48,1,41,8,140,157,158
84,1936,754,12,0,304,388,34,71,330,87124,3070,392,2025,29,13925,2723,1155,6,1264,3623,2523,3935,57,221,5,149,0,142,156,5
4186,531,138,4328,14877,512,293,1361,68734,10051,11903,14661,14220,938,16776,7039,1897,1325,4194,1869,2038,3441,5083,20,89,59,83,2,326,345,510
144,5180,1489,60,0,1107,626,47,182,1941,151602,5888,1175,2795,98,45140,2017,2017,48,3161,9036,11204,15086,203,888,8,483,1,585,483,13
56,395,73,167,0,22,279,26,229,22,4551,463,840,37,189,2069,1185,452,158,116,350,149,382,3,4,0,1,27,4,20,3
2,13,3,3,0,4,3,0,10,1,175,24,12,2,3,80,40,16,3,7,7,9,17,0,3,0,0,0,1,2,0
48,697,153,7,0,329,596,13,193,441,24798,1085,343,755,34,5267,397,145,5,639,1795,3374,4224,40,300,0,193,1,257,159,9
6699,907,230,7374,54562,713,1772,1772,94661,19813,19821,20125,31131,1701,20063,11522,3211,2164,7197,4232,4734,3997,6768,20,164,0,143,1241,509,543,394
2753,958,226,3698,10192,862,901,2113,14825,12609,22606,13648,19349,1724,15703,11142,3507,2196,3587,8807,3657,5174,8277,65,188,113,114,36,435,506,257
56,363,83,15,0,77,1378,46,48,96,8826,647,1645,129,109,2932,436,621,13,387,695,358,567,28,11,0,3,878,35,135,166
552,9010,2308,1537,4,718,2242,450,1692,834,89434,24781,4872,4310,643,71641,9476,12676,1461,5801,16102,6414,13639,49,857,3,56,0,291,705,43
561,8710,2257,1614,4,737,1957,429,1620,861,89381,23776,5141,4283,651,70761,9627,12468,1536,5622,15961,6242,13363,46,860,14,59,0,305,731,45
170,2390,607,19,0,339,341,26,165,596,71986,1301,1102,4240,15,31280,1866,785,4,2329,5385,5951,9162,21,919,0,216,1,153,321,7
10,1521,369,9,0,47,31,2,10,28,9685,1527,85,446,51,9627,455,644,5,159,2366,381,1102,180,91,0,6,3,11,33,1
100,59,13,104,182,19,55,37,1,339,886,567,596,32,415,411,123,90,100,134,146,131,250,1,4,0,5,0,12,16,12
919,6914,1674,306,18,1768,2033,389,397,800,135005,9830,22225,4726,1268,39845,6802,8199,278,30327,12288,5535,8687,3467,203,80,60,367,1324,2795,466
917,1951,373,227,0,2747,1101,206,216,2715,76405,19992,8703,2066,3022,15336,2610,2866,55,2888,6546,7417,9065,48,994,0,135,0,340,1251,684
116,1526,318,28,0,186,99,103,70,146,25912,1604,2245,400,122,6653,1033,1739,24,2622,2069,1025,1646,106,28,0,8,0,101,234,82
232,40527,7630,4084,0,1013,551,47,490,1001,151427,20301,1382,11367,1321,188774,11781,11568,3943,4205,20374,10631,28107,1699,3664,25,389,295,222,649,18
141,5111,1165,152,0,113,213,20,506,205,50560,5514,541,1881,67,38763,3566,1849,115,1551,7644,1614,5308,75,205,0,63,0,22,140,6
2,36,9,10,0,22,98,5,77,12,352,90,62,22,10,228,119,85,9,64,55,48,77,1,8,0,0,0,1,3,0
0,5,2,1,0,3,3,0,1,1,116,11,2,8,2,80,27,24,1,6,17,13,19,0,2,0,0,0,0,0,0
8,533,108,3,0,58,79,1,55,39,7795,197,18,249,2,3809,141,250,1,112,284,297,593,115,250,0,73,2,7,75,0
96,1874,358,108,0,51,99,5,206,58,26169,2054,171,1327,97,16219,926,512,10,684,3743,964,2713,206,360,0,9,0,14,94,3
107,15,4,398,94,23,47,95,202,387,464,584,601,30,609,251,62,46,389,84,76,93,157,1,4,0,6,22,12,16,10
345,35229,7408,174,0,583,867,42,660,737,348711,17798,1565,12541,801,249281,19330,15633,99,7463,31780,22649,42859,1487,5823,9,176,6,104,648,65
21491,2996,757,26694,39036,2768,6368,13752,95326,60864,61553,77284,100060,5609,79435,29408,10148,8056,25772,10050,13248,17854,28099,127,548,0,778,625,3258,2215,2334
2,2,2,3,0,5,4,2,1,9,90,22,19,10,13,28,15,7,3,9,23,8,14,0,1,0,0,0,0,1,1
503,2847,744,167,0,719,554,867,244,524,68935,5423,12801,1523,762,15400,2861,4951,146,12077,5509,3053,4848,380,91,5,33,406,399,855,278
28,73,13,22,0,39,70,14,159,87,683,252,211,62,99,408,71,62,21,39,83,83,132,1,2,0,2,0,3,14,7
343,548,164,3551,34,358,4553,821,511,846,8125,11576,6861,816,5455,6485,2047,1433,3352,1143,1337,2929,5149,90,1510,14,8,25,95,181,4
530,2618,683,201,0,783,585,892,196,554,67142,5549,12900,1547,879,14377,2560,4605,178,12535,5353,2988,4747,364,90,22,33,577,417,898,303
3412,924,265,1881,10990,535,977,2254,4191,4602,14650,14130,11037,803,6898,8402,2014,1943,1822,2299,2821,2411,3978,17,80,0,98,8,285,401,278
4,19,11,1,0,34,18,7,4,8,720,50,92,97,4,434,233,80,0,559,42,106,133,4,4,0,2,0,6,25,2
0,1,0,0,0,0,0,0,0,0,9,1,0,0,0,3,3,1,0,0,2,0,1,0,0,0,0,0,0,0,0
2,41,10,12,0,24,109,6,83,14,400,99,60,24,11,259,132,99,11,73,65,58,92,1,10,0,0,0,1,4,0
1988,1666,455,3659,4669,2627,745,3048,1511,2340,60011,15595,34870,1509,24614,9880,1310,3023,3555,7178,7349,3592,5393,153,79,8,68,5026,979,1866,3326
73,1055,189,314,1,267,2849,59,731,118,6756,2060,1114,474,594,4201,1219,2323,313,1487,1055,1091,1878,6,836,3,5,0,13,47,6
445,8841,1969,55,0,1790,1461,83,18,1916,200393,6669,3685,7433,89,86706,6165,4480,38,8526,13644,6888,14964,271,3194,2,343,4,957,758,14
17879,3896,843,17795,21828,2449,6456,10692,53142,44485,61526,64073,98217,5408,64467,30352,10115,8157,17252,9408,12481,17856,28087,163,553,0,792,1287,3011,2244,1949
2,17,4,5,0,7,4,1,6,1,319,57,20,5,4,130,54,26,4,12,17,15,32,0,2,0,0,0,2,3,1
33,5214,1130,104,0,106,118,5,22,118,38204,2687,125,1416,508,23693,2005,1338,82,478,3769,1004,3156,273,436,0,74,0,30,99,3
2992,669,189,1079,7645,351,128,1542,3275,4313,11096,9075,10725,794,10579,4890,1596,1745,1038,1548,2031,1923,3464,11,60,28,64,83,232,274,118
3513,4901,1344,2123,11914,4278,767,1911,16474,23981,119782,31004,25192,2258,12644,43614,18131,10376,1874,8034,41529,18571,25082,186,394,24,16,267,1424,365,387
1,7,3,1,0,4,5,0,2,3,113,11,4,37,1,145,5,7,1,2,30,9,23,2,9,0,2,0,1,2,0
140,30,8,357,9,29,92,137,1038,467,759,702,775,52,384,443,118,83,350,129,103,149,245,2,7,0,8,9,18,23,14
26,807,165,12,0,69,74,8,61,34,11179,970,183,483,12,6833,440,315,7,734,1557,196,754,27,34,4,6,0,8,35,2
4934,635,172,4068,24087,553,910,1301,18445,5371,10266,18968,13125,763,22564,4661,1553,1417,3906,2585,1764,2428,4040,17,77,0,84,0,374,414,311
10,695,143,3,0,31,35,0,3,23,6987,671,36,638,5,5301,529,148,1,298,677,799,1306,22,135,1,30,0,11,14,1
2795,5342,1178,2404,51,1639,20303,1760,217917,28083,83678,33348,22904,7539,18146,50303,25947,11065,2339,19198,18968,6124,13691,175,544,66,468,21,540,2176,138
163,5484,1292,1257,34,698,1148,679,2404,2338,25939,17877,5569,985,1199,29424,4294,7190,1132,4895,6973,6067,10463,167,274,77,64,9,148,263,30
9325,3489,717,11880,71343,2714,2642,12497,28007,54958,78068,54066,51880,5064,56518,30061,9597,6962,11489,28623,18705,12894,22449,148,561,0,337,2830,1367,1514,1263
43,769,139,121,0,144,771,62,487,217,4407,789,401,192,212,3109,871,843,113,526,668,403,759,12,26,5,2,0,12,22,2
26506,1872,641,44322,6342,3475,7398,16205,66627,82339,64609,106285,98805,6111,119343,29930,10911,8309,42290,11674,14006,17784,28576,130,595,27,806,446,4094,2555,2256
4,35,10,5,0,23,55,3,227,7,571,72,34,8,4,346,95,61,5,77,32,42,80,2,12,1,1,0,1,10,0
14,230,51,25,0,52,431,10,260,22,3237,246,197,172,25,1534,1368,389,24,249,206,159,406,8,28,0,1,0,2,23,1
91,2786,646,117,0,152,316,14,1130,484,43336,4934,327,1431,25,24954,3790,2064,97,2730,5319,3064,5254,97,101,10,36,0,38,171,30
7,71,23,51,122,72,184,22,198,70,2221,254,229,262,64,693,487,271,44,149,111,231,364,1,24,0,4,0,2,17,2
552,9633,2397,1417,4,695,2340,438,1714,796,89122,26764,5055,4549,649,72954,9193,12992,1349,6202,16506,6720,14143,54,843,11,54,0,296,718,39
19,385,85,1,0,31,61,3,58,118,5536,1582,82,479,24,3992,327,269,0,278,853,201,419,5,7,0,2,0,5,12,1
12151,317,87,5320,17205,795,935,2050,1913,6121,8238,26820,15166,435,38202,2851,818,1163,5211,1718,1985,1870,3494,6,51,0,89,15,352,500,314
3,130,31,1,0,14,31,1,2,7,2878,61,80,108,1,1115,103,87,1,63,63,42,124,1,8,0,6,0,4,13,0
0,13,2,0,0,0,0,0,1,0,78,6,1,3,0,88,4,3,0,3,7,6,11,0,0,0,0,0,0,0,0
30,174,43,38,0,59,147,10,510,30,3726,294,276,181,37,1367,1306,286,34,208,217,151,371,3,14,0,1,0,4,20,2
34,977,177,4,0,410,347,5,60,345,20968,537,79,1640,6,7965,235,234,2,832,1062,803,1533,77,542,1,285,0,168,161,2
119,6948,1816,257,0,372,560,25,1285,192,76928,7465,1155,4366,89,58360,5414,3280,192,3801,10835,3390,7890,650,780,8,147,1,172,399,15
212,36488,6372,550,0,424,626,28,964,452,212473,9235,1104,4442,444,177251,19277,12236,387,6633,27110,13231,26522,544,332,20,173,1,96,454,98
10,53,19,67,71,66,186,29,315,87,1991,258,323,247,93,604,500,177,60,155,97,218,340,1,22,34,3,0,2,19,2
4970,22925,4345,12628,1779,8819,57844,2255,14524,8323,295292,53538,63291,10796,18454,162732,36766,23306,11838,42084,56021,28376,52152,282,6709,150,99,0,260,2089,335
4547,933,199,7324,31997,732,785,1360,50982,18671,18078,18747,25978,1198,18084,7280,2506,1766,7105,3361,2991,2040,4449,33,134,79,124,0,517,566,641
262,5397,1024,524,7,1833,1097,98,40,4927,70511,3723,1479,8176,456,63742,10024,3413,359,13664,13372,14497,20044,257,1490,607,317,1,552,769,95
3002,601,151,8179,10767,484,473,2647,1392,10237,25124,15551,13659,1098,21788,7419,1943,1360,7967,2350,4842,3527,5234,27,109,4,118,0,349,374,204
169,15629,3056,118,0,862,629,14,140,606,160958,11241,733,6949,271,112543,7365,4142,97,4166,10423,8421,17383,172,4309,0,381,0,230,592,11
207,39890,6950,649,0,407,561,28,804,431,213028,10085,963,4501,722,181479,19920,13674,462,5847,27729,12570,26852,482,342,33,163,1,89,476,94
144,599,177,223,4,221,2654,360,150,509,7997,1017,2353,191,1620,4009,551,1486,205,1043,2050,1740,3681,54,239,0,4,56,49,154,25
1126,124656,26123,4538,0,3669,17224,1050,8428,862,830800,69967,12602,42805,11327,659516,68571,86464,4192,40383,187463,57598,111120,34070,12227,828,1208,489,1477,3714,124
331,260,64,192,602,51,184,576,22,603,3307,2087,2529,134,2502,1613,509,516,182,840,477,564,961,4,15,0,13,2,34,56,32
42,834,265,13,0,65,110,8,49,60,13653,718,499,442,41,8083,1049,1024,7,589,1438,462,1065,47,55,0,10,109,9,39,16
240,1012,530,47,0,1728,893,220,523,2792,105614,13157,7118,3473,203,18623,6616,3447,8,4696,3390,11338,13119,159,126,3,195,2,367,706,183
222,45209,12257,874,0,480,615,33,467,444,349510,23986,1328,11613,4587,262849,21307,35136,691,4343,44334,20308,47368,1561,6410,7,148,39,99,691,35
1196,1313,410,2671,54,1825,491,2199,1629,8499,27800,15687,17451,2743,9561,12327,1547,2466,2314,2020,25547,5879,8517,20,156,69,195,1610,566,157,856
100,34,9,168,154,20,36,56,0,433,764,717,720,31,614,318,96,74,160,122,144,107,206,1,3,0,5,0,13,15,10
6,15,5,4,0,6,2,2,2,6,164,35,19,5,3,116,71,29,4,10,42,19,37,0,1,9,0,0,1,3,5
11,7,5,14,0,6,5,8,2,71,338,35,47,30,45,122,129,35,13,21,72,27,52,1,1,0,1,0,2,1,3
171,1506,509,65,0,719,407,271,622,1427,41019,4342,1552,1574,331,10814,2476,6052,60,19526,3431,3276,4233,140,85,23,10,323,231,702,60
13254,13307,3801,18238,3405,8973,3617,16696,999,117608,366292,67942,88702,7566,91996,130040,45487,28605,16975,50003,78156,69020,98675,371,491,106,111,1196,865,1904,8643
47,73,55,6,0,162,121,9,126,101,5358,429,150,610,44,3274,784,933,3,3453,1226,301,455,672,59,0,11,0,39,168,49
15,117,27,10,0,48,23,14,2,19,3313,337,265,156,42,753,337,400,9,187,440,316,422,1,73,2,1,0,2,56,1
1,16,4,3,0,8,6,1,7,1,228,48,13,5,2,149,65,35,2,9,18,15,31,1,3,0,0,0,0,2,0
7,116,22,0,0,25,30,10,1,34,1822,180,175,62,2,604,210,189,0,394,99,76,125,9,5,2,2,9,17,10,3
8,12,4,4,0,6,2,3,1,6,157,36,22,5,4,112,66,27,4,11,45,19,38,0,1,0,0,0,2,3,6
1375,4153,1336,1067,0,1114,258,1295,108,1225,171454,32506,20907,2043,16373,30113,9092,12169,946,24356,16092,41259,45948,33,96,0,53,6,182,1340,2047
41,3885,933,117,0,122,208,3,914,294,35771,5720,197,1406,73,27265,4022,3416,96,1684,5928,2489,4832,34,184,0,38,0,21,158,5
30,5584,1383,7,0,382,144,5,50,137,47176,4615,177,520,38,32688,1283,3844,3,1234,5740,1274,3627,195,40,7,21,0,20,96,47
17,1242,238,90,0,44,784,11,583,31,8248,1299,272,294,70,5633,2903,1257,83,577,1525,1026,1604,235,168,1,3,4,7,39,7
5,337,153,1,0,22,48,2,2,41,12681,163,128,204,7,4863,978,323,0,175,598,291,538,12,25,1,5,0,9,13,1
211,127,37,217,0,114,717,192,13247,3072,4120,2129,1331,734,1692,2113,1204,531,211,914,1200,381,856,6,33,0,27,0,49,125,27
1714,37893,8735,396,0,9649,27111,286,15936,14220,1062214,39050,7169,47740,514,290925,12132,10122,203,28647,38402,50989,93597,9125,28955,197,13143,1347,7470,9054,75
801,733,161,3044,6302,998,352,1745,147,1171,30440,9766,25379,748,18783,5642,692,1363,2969,8202,3689,1865,3231,70,43,70,31,8,406,793,1112
2221,6603,1300,2101,464,1511,19122,1379,143851,19785,82661,28941,17138,7864,13500,54803,27471,12353,2037,19239,17827,5824,13356,115,582,68,421,38,511,2179,124
1125,12485,2605,738,124,5290,5266,459,16590,8112,86890,17524,3339,7039,5128,85440,12370,18294,676,20110,21705,15293,25136,347,616,18,37,530,219,706,257
11265,156132,48660,12952,46,94274,27976,7814,12183,96347,3244006,236188,136597,171193,22164,2010015,117231,133206,10418,312967,1310929,175987,312770,18858,17825,1094,5962,2,25301,11998,8001
1,160,47,6,0,3,6,0,3,2,1263,117,6,60,14,1164,61,90,5,36,191,88,193,15,22,0,1,0,1,3,0
28426,7362,2673,16083,12030,5766,9548,16287,484,85978,219882,86258,233324,10091,125230,91579,18020,20496,11032,10844,74779,29967,45612,358,1196,155,372,477,2192,2409,11089
3,22,9,4,0,13,11,1,6,14,465,59,21,23,11,130,108,54,4,29,101,26,49,1,2,0,1,0,1,2,1
23,1093,279,110,0,96,155,12,180,69,10693,1387,300,608,115,9064,748,732,84,546,1926,480,1413,9,81,1,10,0,16,68,1
4542,1049,279,3879,29054,602,806,1263,23218,10967,24687,15544,19169,1307,10115,11275,3602,2848,3746,3851,4011,5254,7915,32,142,0,114,7,366,502,291
478,22905,5218,163,0,338,461,62,268,554,239565,48783,2060,5891,804,166014,6714,4653,87,4234,40522,7712,26308,1975,995,16,224,14,240,576,22
48,42,14,19,28,29,8,46,22,170,859,249,498,36,176,309,81,95,13,68,425,146,246,1,5,0,2,0,3,9,18
314,70,25,129,393,66,175,169,1219,776,2100,1218,1732,155,1512,900,301,278,121,484,374,427,715,3,14,0,16,0,37,50,38
76,50,16,98,9,54,227,26,3667,669,1457,732,453,227,512,942,650,257,97,393,314,185,339,4,10,0,11,0,22,53,7
74,1094,202,323,1,272,3015,64,759,116,7091,2110,1037,491,537,4408,1342,2586,321,1524,1106,1128,1924,6,884,2,5,0,12,47,7
1,4,2,2,0,4,4,1,0,1,91,11,10,3,3,45,32,16,2,6,21,6,11,0,1,0,1,0,0,0,0
114,4609,1292,555,0,357,795,50,503,451,29266,4512,617,1995,441,30748,3708,4893,530,2314,6195,5054,8230,69,517,0,38,0,38,339,5
2564,26077,6912,623,0,19098,56102,819,5225,16848,1137879,30606,12045,73110,1732,335217,11517,11879,306,47191,69997,25602,60310,7142,44435,151,24246,147,12105,11030,163
257,1408,394,97,0,151,278,57,15,82,41409,2463,1416,305,124,8168,1661,2441,71,1794,3014,1899,2430,135,59,0,22,54433,78,153,12
830,155,41,835,4183,184,221,567,1415,1723,3585,4177,5166,229,7449,1480,352,474,808,925,762,747,1228,5,23,0,23,48,78,108,111
52,627,100,14,0,93,113,27,48,59,6975,567,944,221,93,2901,410,695,12,1591,659,470,728,89,14,0,4,1,50,110,32
5,21,4,15,1,17,20,2,32,14,256,72,76,12,19,111,51,28,14,52,28,24,43,0,3,0,0,7,3,4,1
3,14,7,1,0,19,7,5,2,6,567,32,81,45,3,277,165,57,0,327,33,71,87,2,2,0,2,0,2,15,1
27,1157,168,2,0,215,240,10,169,264,25116,1046,194,688,9,6896,303,269,1,464,1017,3244,4097,29,487,0,269,0,224,123,1
2,16,4,4,0,5,5,1,5,6,254,28,17,3,4,143,54,26,3,15,18,12,26,0,3,0,0,0,4,2,0
3,26,9,4,0,13,11,1,8,14,498,62,20,23,12,138,112,56,4,30,104,27,52,1,2,12,1,0,1,2,1
158,5690,1219,220,0,109,253,23,171,182,49598,7488,528,1845,142,40907,3716,2062,184,1393,8645,1792,5827,107,316,0,29,0,18,139,6
62,8628,2043,77,0,638,373,27,149,968,147835,6416,476,2216,95,52652,2405,3025,69,2248,7996,10431,14667,146,533,0,308,0,317,413,6
4422,1412,325,14473,33434,945,1745,3735,81330,21228,29910,45374,31760,1957,35306,15548,3987,3031,13981,3947,4471,5715,8852,48,167,35,183,1,802,863,640
1444,7534,1702,12327,16,4140,17245,1660,3726,6375,77605,27289,35337,3274,18975,51003,29958,14484,10380,20270,18264,26322,38980,324,4642,116,268,5,830,1310,230
26,37,22,21,0,60,24,21,3,49,1679,207,203,79,128,419,573,123,21,94,405,62,126,2,1,0,1,0,3,23,4
145,4714,1170,124,0,120,209,19,340,196,50589,4209,608,1896,47,37243,3642,1700,84,1655,7077,1488,4942,67,160,0,65,0,25,131,6
2869,345,123,2037,21438,503,1054,1666,9969,5536,10120,17023,18459,907,12184,4507,1159,1569,1966,1921,2305,2280,3669,15,99,0,69,9,249,350,321
0,20,3,0,0,0,0,0,1,0,98,8,1,4,0,117,5,4,0,3,11,8,14,0,0,0,0,0,0,0,0
66,385,68,164,1,180,342,36,301,221,3337,422,517,155,170,1926,424,325,151,579,465,242,503,4,20,1,1,3,17,15,8
0,2,1,0,0,1,1,0,1,1,42,5,1,2,1,14,11,5,0,3,7,2,4,0,0,0,0,0,0,0,0
0,33,6,0,0,0,0,0,3,0,155,19,0,8,1,203,8,15,0,8,36,11,24,0,1,0,0,0,0,0,1
2,4,2,0,0,5,7,0,3,3,105,10,7,46,1,125,5,4,0,3,25,8,20,2,13,0,2,0,1,3,0
17,401,92,5,0,122,227,1,5,107,10153,327,44,463,2,3576,158,132,3,256,292,327,674,55,352,0,212,1,22,183,1
48,454,95,12,0,71,242,34,71,71,9308,610,1113,126,80,3379,477,672,11,361,761,384,595,36,11,0,3,250,32,89,155
1,3,1,2,0,4,3,1,0,1,66,10,12,3,3,31,16,8,2,5,17,5,9,0,0,0,1,0,0,0,0
28,2198,516,46,0,47,173,13,46,24,10658,1454,257,514,348,12688,2277,2359,38,580,1740,672,1804,46,58,4,15,10,8,47,3
0,10,3,0,0,0,1,0,3,0,88,8,1,7,0,131,5,6,0,9,21,8,14,0,1,0,0,0,0,0,1
197,43971,7690,752,0,376,500,23,667,414,221430,11663,792,4409,1117,186938,20751,15629,549,5228,29395,12183,27555,483,349,42,170,1,83,498,86
126,3443,1020,574,0,404,801,54,510,495,25568,3925,870,2031,320,25919,2936,3805,548,2354,5336,4493,7123,54,518,1,40,0,43,351,5
1,16,6,3,0,6,6,1,5,4,297,24,18,25,3,126,31,28,3,21,40,25,32,1,1,0,0,0,0,1,0
78,1654,503,16,0,231,517,23,44,426,63154,1316,1386,2554,26,22709,2912,1710,7,1501,4023,1766,3957,37,450,0,82,10,76,133,12
15,125,43,44,0,95,15,22,37,21,4416,349,234,82,31,917,506,134,2,1823,202,192,245,8,5,0,8,0,20,17,38
8,1031,190,5,0,122,136,2,118,53,15779,350,27,392,4,5601,335,263,1,189,433,388,945,51,285,0,107,0,15,113,1
43,2620,704,15,0,290,137,5,38,232,46304,1946,460,439,9,24536,1127,2986,9,2367,2609,1756,2997,73,32,2,38,15,38,154,7
0,28,6,0,0,0,0,0,3,0,141,16,1,7,1,191,8,12,0,8,33,10,22,0,1,0,0,0,0,0,1
3,41,14,4,0,12,34,5,12,11,876,66,51,86,9,511,429,122,4,167,123,91,142,3,5,0,1,0,2,14,4
1,29,8,5,0,9,34,2,8,4,296,36,24,11,4,204,87,47,4,23,40,22,40,1,7,14,0,0,0,3,0
67440,42257,21911,91452,78316,67185,43147,81535,144856,533984,1601208,546887,744301,187799,896411,529603,142991,145495,66588,166483,786436,205656,391704,5527,16521,641,12145,2694,5601,23727,60580
311,72,26,129,370,68,180,165,1136,774,2135,1228,1693,158,1519,925,307,284,121,493,379,435,727,3,14,0,16,0,37,51,39
77,2700,576,10,0,276,219,7,7,112,60197,2542,310,1905,15,27674,1052,967,5,1595,2103,2005,4125,56,242,1,86,2,150,103,6
4645,1141,232,7069,13369,471,2046,2800,57408,10918,16958,20962,17728,1302,23752,7671,2306,1800,6845,2128,3731,5936,9497,21,122,0,138,1,445,524,781
5667,843,210,3891,18993,511,596,1114,13939,9921,19373,13108,17346,967,17009,9715,2461,2171,3759,3088,3371,4927,7291,27,114,0,98,2,312,422,331
2,28,10,4,0,13,12,1,13,13,539,63,17,25,11,155,124,61,4,33,105,30,55,1,2,0,1,0,1,2,1
37,4968,1089,97,0,115,124,5,31,132,39538,2849,126,1394,330,23460,1963,1168,78,534,3631,976,3122,228,486,6,89,2,28,99,3
71,349,61,142,1,183,286,34,232,218,3269,411,515,134,191,1838,367,287,130,557,423,237,495,4,19,0,1,0,15,16,8
538,2508,655,223,0,815,622,923,175,566,66329,5586,12955,1554,949,13869,2415,4422,200,12701,5270,2954,4684,355,89,2329,73,932,422,920,333
43,801,146,124,0,143,768,59,515,223,4533,814,418,193,211,3236,935,886,116,538,699,426,794,12,26,8,2,0,11,24,2
170,16365,3174,120,0,854,584,12,173,600,165389,11924,695,6919,308,116526,7793,4160,99,4075,10768,8597,17679,179,4430,6,372,0,220,589,11
210,803,167,77,1,430,506,53,47,1385,29825,5303,2750,233,803,7267,1310,660,59,678,1837,2572,3401,21,242,42,138,13,93,486,50
7,83,18,13,1,26,49,11,116,9,1058,131,169,135,38,538,190,190,12,92,92,103,206,2,13,0,0,0,1,10,1
2369,1019,214,2062,7076,356,333,1151,14227,7861,15650,9206,10220,1209,7596,10110,2497,1783,1979,2077,2402,3691,5845,39,126,59,85,0,290,321,300
26,770,160,12,0,72,79,6,51,35,11253,996,199,474,13,6762,428,308,7,779,1542,192,750,26,35,3,6,0,8,36,2
78,5935,1417,125,0,233,338,17,146,84,48397,2940,640,2502,87,37485,3134,2502,97,1973,7608,1466,4307,782,418,4,34,4,49,122,10
5,1477,237,2,0,17,25,2,36,58,6810,3471,30,464,36,7001,179,758,1,168,750,253,592,16,13,0,2,0,3,13,1
13,69,42,19,0,60,36,16,10,42,2565,214,158,85,112,779,1659,281,18,89,403,85,177,3,2,0,1,0,2,26,2
1,0,0,1,0,2,1,1,0,1,28,7,5,3,1,8,6,3,1,4,4,2,3,0,0,0,0,0,0,0,0
112,5232,1348,108,0,638,467,21,160,1014,31649,8462,448,4742,61,42773,9209,5382,99,4318,7301,6795,10366,284,260,15,21,0,101,144,9
2396,579,165,2514,5523,420,1326,834,26035,8173,14583,9703,10620,1165,8657,7901,2118,1628,2443,2065,2153,3795,5512,43,108,0,85,8,307,328,276
402,231,58,320,99,58,176,635,34,652,3107,2268,2637,130,3323,1462,472,500,307,880,463,595,1003,3,14,7,14,0,37,58,35
14,1341,322,132,0,86,231,12,179,61,9660,1544,198,674,173,9539,828,901,102,640,2048,459,1498,13,106,1,8,0,17,70,1
28,919,188,11,0,67,70,7,54,31,11271,892,161,520,11,7163,511,355,7,649,1698,205,767,32,34,2,6,0,8,34,2
29,5897,1428,9,0,382,124,5,47,129,48018,5300,182,522,43,33165,1301,4243,3,1250,5787,1280,3745,194,43,7,22,1,19,99,38
2,13,3,3,0,4,4,0,9,1,187,25,12,2,3,86,41,16,3,7,8,10,18,0,3,2,0,0,1,2,0
0,1,1,0,0,1,1,0,0,1,38,5,2,2,1,12,9,4,0,3,8,2,4,0,0,0,0,0,0,0,0
3204,1203,430,1201,20685,665,829,3218,35530,7709,23917,18946,16778,2048,22142,12232,4581,4324,1130,6169,4045,3828,6662,64,166,0,135,1117,422,575,464
105,14,4,406,23,23,44,95,127,383,450,578,576,29,602,241,59,44,397,82,75,90,152,1,4,0,6,0,12,16,10
55,3009,762,16,0,331,142,3,64,154,48195,2298,410,423,9,26840,932,3120,8,2429,2694,1630,2961,177,38,12,31,0,31,135,14
30,1494,337,5,0,177,184,4,3,53,28890,1919,162,910,16,11671,754,695,4,654,1104,1873,3116,20,183,0,148,0,35,92,2
1,15,4,2,0,7,6,1,7,1,239,45,13,5,1,163,66,44,2,11,17,17,33,1,4,0,0,0,0,2,0
1652,9292,1874,807,187,6444,8366,772,34901,9140,81296,12311,4828,9344,5012,74255,11274,15441,705,26355,22028,13548,21760,530,750,9,37,32,326,694,217
1249,7217,1608,1400,416,6068,9921,779,25228,12470,75643,9786,7115,10704,5185,62976,11480,12544,1223,31027,22291,11448,18960,487,915,212,37,27,332,744,320
13,519,103,1,0,22,51,4,68,88,5313,1726,43,474,16,4257,416,275,0,226,646,177,391,5,8,0,2,0,4,11,1
652,10516,2875,334,0,7870,7849,112,5504,5999,441327,8403,2245,17339,106,110398,3354,1470,142,10619,26021,15224,23866,1566,12446,9,4726,0,3847,4486,111
330,87,27,209,758,53,14,329,1093,708,1690,1296,1623,90,1030,693,209,209,201,215,302,285,523,2,10,0,10,11,31,42,22
2,41,12,6,0,9,32,2,7,4,446,54,16,13,4,304,130,71,5,26,59,33,58,1,9,0,0,0,0,3,0
41,762,161,5,0,316,456,10,186,490,26725,1101,234,777,26,5557,376,155,3,641,1859,3641,4540,36,367,0,271,0,296,165,4
1409,373,151,1497,1900,1325,2036,1185,13065,1625,16802,7042,4790,612,7299,6153,2721,1222,1458,947,2427,1448,3148,16,217,190,138,0,183,521,107
306,4134,1165,52,0,1683,1036,158,384,2424,152152,8635,1574,2792,262,39114,2141,2155,39,4749,11399,11026,15011,197,1820,2,373,166,916,771,75
3109,534,157,2715,4332,433,1265,869,30107,8795,13555,10542,10877,1108,9289,7508,2063,1576,2641,2052,2124,3646,5332,39,103,0,86,10,312,331,285
12071,433,121,4631,18504,858,1134,2636,3807,5880,10201,25732,18107,571,37146,3761,1156,1401,4526,2015,2295,2388,4329,7,62,7,99,0,409,559,362
1063,128,41,1818,99,182,513,926,3383,4946,4588,5004,3680,431,5320,2546,718,471,1764,939,916,1179,1854,9,43,0,56,2,137,152,106
2380,27337,7642,635,0,18248,56916,533,9450,26302,1310613,45184,7586,73089,1013,312338,10370,11282,325,42555,55751,42203,80375,9596,54541,340,26782,2644,13164,14860,153
99,163,42,19,0,71,39,33,1,43,3931,491,1838,58,66,1132,443,391,18,316,344,207,320,2,3,0,2,463,6,46,15
4507,439,126,7648,3953,845,2288,2875,3492,18973,16811,20353,18931,1197,16127,7297,2401,1720,7501,3365,3680,3445,5474,20,129,9,228,2586,575,585,956
175,1119,544,41,0,1597,974,228,585,2445,107394,10787,5257,3793,161,22338,8154,3971,9,4929,3837,13042,15019,188,156,0,178,0,368,684,130
29,1582,317,10,0,93,118,23,51,230,31229,751,508,312,21,8436,1493,718,4,763,1319,1591,2184,18,48,2,32,60,25,135,15
137,704,218,199,2,220,3281,349,77,489,9275,989,2229,204,1449,4735,652,1822,183,1070,2347,1980,4080,62,267,67,4,0,50,40,23
3,20,8,4,0,13,11,2,5,14,441,57,22,23,11,124,103,52,4,29,101,25,48,1,2,1,1,0,1,2,1
1014,737,150,1189,3404,218,459,841,3165,3996,11322,5672,5747,734,3846,6837,1825,1213,1142,2372,2444,2524,4190,18,119,76,51,38,183,219,181
8,9,3,4,0,5,6,3,0,7,121,31,25,4,5,86,46,15,4,9,37,18,34,0,1,0,0,0,1,3,8
16,1494,278,5,0,172,149,2,64,158,21346,539,31,883,15,7947,241,264,2,264,785,847,1920,149,314,0,211,0,85,60,1
238,1481,351,1175,410,644,2728,250,564,1258,12815,4755,4542,1001,1045,9989,2664,3696,1078,3300,1911,2294,4318,37,468,95,9,0,74,184,15
6260,1226,325,14865,18000,993,2315,3520,4496,5638,19519,15184,32006,947,13882,9336,2755,2698,14535,2757,4574,3267,6246,19,100,0,134,1170,565,759,411
1,19,6,2,0,6,5,1,6,4,292,23,20,25,3,133,32,29,2,20,39,26,33,1,1,0,0,0,0,1,0
138,81,24,168,56,92,290,81,15885,1150,2751,1383,962,401,996,1341,642,279,163,517,673,386,742,6,23,3,22,0,38,96,13
0,24,11,3,0,5,29,0,9,1,436,22,7,9,1,299,71,47,3,15,27,32,53,2,13,0,1,0,0,2,0
48,766,142,16,0,106,115,40,65,58,8624,676,625,313,68,3822,599,950,13,2007,807,540,828,149,18,0,4,0,62,130,33
4534,1308,262,6248,14839,454,2278,3031,108473,12354,19042,20108,18648,1544,27241,8786,2690,2066,6033,2378,4057,6658,10545,27,143,86,151,344,473,518,852
94,3792,749,60,0,265,723,62,369,42,34308,5820,265,1656,277,24014,1719,2300,49,1030,3946,1721,3762,23,500,2,15,0,12,91,4
10,262,40,1,0,19,25,5,2,27,2738,446,208,93,6,1039,240,227,0,462,153,134,221,14,6,0,2,1,15,28,1
10,224,40,1,0,22,39,5,3,36,3101,388,211,99,6,1077,290,297,0,549,166,159,248,13,6,0,2,1,18,35,1
64,465,116,12,0,102,274,68,23,24,7549,803,1479,176,59,3694,1386,1188,10,923,562,420,719,10,11,0,3,5,48,147,8
12037,5543,1075,10484,7848,1830,6913,7714,31571,32514,70165,48579,85015,5213,55289,35633,11554,9026,10088,8718,12973,20952,32492,182,585,228,704,601,2628,2084,1692
4641,1534,344,14067,35133,912,1857,3632,100572,21905,31164,45189,32945,2033,33790,16128,4213,3178,13575,4030,4577,5868,9152,52,175,0,186,0,798,827,651
547,40701,6148,914,0,4912,1046,128,172,5445,288187,74502,1665,25292,1286,286045,9234,24632,584,15140,34472,25203,43276,325,752,5521,905,15,406,1757,295
91,3109,686,19,0,207,230,8,107,194,63277,1011,379,2804,30,36101,2293,946,8,1537,4378,5898,8790,50,669,7,249,0,73,205,4
203,1845,600,130,0,1123,2222,69,291,1635,75549,3865,2828,5314,104,20998,1467,1427,84,3873,6937,7357,9935,574,2126,6,1164,33,604,545,45
24,1426,408,3,0,96,71,6,4,114,25067,912,120,869,16,12975,1080,803,1,619,1642,1509,2559,100,282,0,31,3,24,66,1
2235,6415,1307,2182,142,1515,18792,1231,153281,20137,83569,29168,17607,7658,13678,54568,28011,12366,2117,18649,17965,5754,13248,117,578,0,417,58,511,2131,124
38,2900,663,4,0,86,70,3,56,73,37253,1193,175,1589,7,20222,1509,939,1,939,2531,2040,3448,154,297,53,20,0,18,55,5
585,2872,688,127,0,926,5025,420,83,1040,69311,3391,9030,2032,752,21435,7823,6824,114,5912,2905,2459,3331,552,52,0,92,31752,130,1004,120
83,38,9,57,987,22,32,73,1324,243,652,421,651,44,241,354,129,83,55,215,124,92,175,2,4,0,3,0,10,13,4
1039,4959,1254,427,19,2405,1802,514,185,913,123204,9450,28216,4666,1637,33650,4487,7121,399,31300,10350,4494,7197,2388,225,598,45,290,1261,3601,601
40,1835,283,17,0,82,50,3,60,71,20737,3034,143,676,62,10706,584,389,7,394,1697,361,1407,145,296,2,31,0,11,76,2
53692,9874,2719,7995,254072,3509,11819,20254,86006,47775,139912,189770,201486,7517,228309,64551,20621,17019,7449,17997,23125,38456,65727,195,1054,185,884,1650,3782,3960,3205
53,1635,288,288,1,220,3150,47,743,95,9273,2254,566,540,307,5608,2176,4001,287,1259,1461,1454,2350,11,852,10,3,0,11,41,6
2460,1449,460,2040,239,1852,3874,5013,167,4579,53964,24340,23672,1342,7359,16383,3336,4597,1998,7290,7045,3291,6358,270,115,101,57,7617,483,448,2663
24,1287,359,4,0,97,85,4,8,161,25721,1203,137,960,12,12149,999,719,1,690,1504,1633,2658,80,244,0,44,4,30,54,2
108,1659,632,5,0,337,497,31,28,279,74062,3845,503,1948,42,15793,2274,817,2,1439,3716,2373,3912,33,287,4,117,0,155,184,8
20,613,205,2,0,72,155,9,4,264,14949,427,309,404,12,6596,765,391,1,227,1181,750,1287,4,280,0,3,2,58,69,5
35,1173,219,15,0,57,443,18,61,42,16017,901,460,178,62,7254,834,1129,12,442,1168,578,928,115,15,0,3,143,35,90,144
37,272,68,12,0,58,369,28,12,24,5278,435,1279,104,43,2185,878,633,11,392,401,307,446,5,5,6,2,12,5,43,7
5094,1042,294,4180,37300,810,1645,1794,4886,7190,18949,22316,17796,1296,14137,8165,2474,2346,3975,4527,2353,2546,5434,43,129,0,120,7,545,618,270
254,803,316,1126,7,566,570,655,647,2268,10525,6762,5058,618,1208,8884,2222,2525,1049,1872,2462,2280,4296,37,284,0,21,0,85,189,27
264,29910,6929,158,0,294,345,53,275,386,178833,38209,1651,5442,1524,178763,5812,7015,115,2653,48169,9416,31281,2487,1741,20,137,14,131,374,22
2893,600,190,1668,12434,428,412,1999,4358,5269,11414,12336,12319,811,21968,5283,1711,2158,1593,2862,2744,2520,4187,21,84,0,65,0,219,291,515
160,5828,1248,229,0,111,232,23,165,174,49240,7673,536,1862,164,40556,3870,2150,193,1375,8771,1847,6014,119,337,0,24,0,18,136,6
27,798,215,15,0,68,32,3,37,55,13288,2190,128,469,10,7591,438,452,5,465,2434,238,936,73,74,2,15,1,17,62,1
2540,329,94,2326,15604,302,74,1140,2503,2905,6489,9313,8191,296,5646,2254,691,715,2278,1066,1118,1116,1813,5,29,0,41,5,159,200,365
276,1328,438,190,0,496,1156,145,105,993,22267,6387,1795,2554,393,16587,1525,1349,175,2104,2781,3930,5984,11,271,0,60,8,72,598,23
28,527,146,6,0,45,77,5,2,13,9172,441,430,162,8,3395,142,240,5,260,622,261,420,21,16,0,4,18,12,16,1
1003,1919,289,258,5,2431,1157,262,133,1643,49437,18343,8798,1434,4006,12936,1158,1891,78,3171,4929,4147,5416,36,459,0,97,2,282,1015,991
74,172,45,15,0,109,109,139,3,44,4657,776,2003,126,110,1434,709,451,13,694,406,252,465,5,6,10,3,1,55,129,22
128,93,28,120,1027,39,56,118,815,706,1947,831,817,137,611,907,376,219,111,383,309,327,498,5,13,0,7,0,23,29,16
28,29,20,5,0,68,33,9,7,50,2064,210,215,147,25,867,259,269,3,973,401,96,150,60,14,0,3,0,11,56,17
2,37,9,4,0,18,10,7,1,13,430,30,92,16,11,173,42,72,3,19,104,26,40,2,1,0,0,0,0,4,0
108,365,94,44,0,154,232,21,1,40,6699,2104,849,132,73,2642,106,233,42,400,967,318,644,7,11,11,5,1,17,35,3
4589,1180,288,12472,32999,993,1558,4010,35260,19959,26564,45027,30265,1772,33464,14316,3606,2751,12059,3738,4190,5356,8352,39,153,189,177,0,806,820,625
112,16,4,411,23,24,55,105,296,414,490,604,624,33,577,270,67,50,402,91,79,100,168,1,4,0,6,19,13,17,11
1,1,1,1,0,1,1,1,0,2,34,8,6,2,2,10,7,3,1,3,9,2,4,0,0,0,0,0,0,0,0
43,4524,1047,92,0,129,126,5,33,155,42965,3457,131,1438,146,23245,1787,981,72,630,3322,870,3028,222,506,1,73,0,31,110,3
734,287,137,237,1765,350,392,745,3187,1457,10489,6181,3557,205,3149,3546,2959,509,234,1695,5297,448,988,15,64,172,25,0,128,617,89
33,672,149,8,0,349,423,7,92,221,18700,428,115,914,5,5419,244,99,3,697,527,361,949,54,458,0,215,0,83,279,6
51,3330,838,11,0,360,129,5,29,122,49187,3031,288,427,11,29421,904,2949,6,2207,3210,1444,2919,335,31,1,39,2,40,117,20
2841,544,142,9858,6547,511,256,2535,245,11570,22971,18018,12459,974,20622,6650,1744,1272,9579,2177,4786,3138,4625,21,94,0,114,0,344,370,230
3693,34941,6224,9340,405,7903,61014,2235,15287,6580,328313,63628,52478,12194,10615,202719,47260,28861,8652,46857,59338,32644,62671,487,8886,487,71,62,223,1751,310
130,79,23,164,63,91,209,73,14458,1107,2642,1317,944,383,992,1278,596,264,160,498,659,375,720,6,23,0,22,0,37,93,13
39,4868,1079,95,0,121,125,2,28,134,40318,2920,138,1412,279,23457,1955,1133,76,565,3589,970,3134,224,501,2,106,0,29,102,3
3929,593,226,1423,34002,603,1818,2583,55220,8728,16540,21386,26019,1561,13173,7395,2464,2539,1360,2996,2892,3413,5677,27,141,0,126,1209,364,466,230
264,1059,208,1112,146,620,1733,297,103,1667,10718,4475,4660,684,1830,7258,1727,1714,1034,2781,1560,1740,3643,33,383,3,7,54,96,188,33
73,1012,176,310,1,265,2729,57,680,122,6459,2031,1213,462,668,4025,1125,2082,309,1451,1005,1057,1841,6,802,6,5,0,14,48,6
74,211,59,15,0,117,156,139,7,42,5745,726,1716,146,89,1853,974,566,13,785,499,302,545,6,7,0,3,0,62,147,18
42,54,15,111,355,64,24,77,242,271,1317,608,642,36,288,470,104,135,102,98,320,140,293,1,5,1,2,36,4,11,7
747,50,18,4564,604,151,182,723,472,3992,2867,5267,2862,230,7375,1309,358,247,4433,557,704,610,976,3,23,0,37,10410,95,107,75
7176,586,158,9668,20313,717,999,2570,3693,6165,12016,11797,21749,534,23630,5264,1447,1550,9457,1770,3045,2794,4498,8,57,0,94,5000,387,482,590
373,2804,679,2573,163,1264,1167,1223,1534,4282,20155,16095,8248,891,2632,19728,2213,4099,2401,4247,3638,4801,9430,119,488,116,78,117,277,420,68
1115,134411,29081,5661,0,3727,18164,1200,7089,900,876853,74766,12235,46209,11625,700941,68860,99915,5301,41198,205998,64842,121845,49086,14005,287,1304,74,1591,3822,120
30,514,149,7,0,53,92,6,2,15,9414,501,470,169,9,3468,156,252,6,276,676,267,433,23,16,5,5,10,14,17,1
1,8,3,4,0,2,10,1,32,1,157,20,6,2,3,99,33,32,3,6,11,12,24,0,11,0,0,0,0,2,0
27,38,25,22,0,60,28,21,7,47,1801,213,197,78,115,432,796,161,22,94,415,64,128,2,1,0,1,0,3,24,4
78,40,10,50,995,20,32,72,1360,232,663,399,635,45,213,369,136,87,48,213,125,92,174,2,5,0,3,0,10,13,4
123,1408,293,29,0,205,100,111,56,150,24890,1618,2547,392,123,6340,938,1637,24,2629,2000,992,1587,98,28,12,8,0,104,245,83
8,1002,188,5,0,124,136,3,123,54,15702,352,29,395,4,5609,337,267,1,192,432,392,946,48,286,0,109,0,15,115,1
45025,98764,37450,37961,50605,56352,38837,44105,66792,445845,2289079,463048,559843,180206,674059,801613,235067,195704,22448,201060,1065412,247930,427616,6986,20753,1152,13571,724,4298,24094,38167
352,887,235,130,0,209,345,179,24,106,31497,1678,2673,307,251,5937,1269,2026,101,1941,2366,1440,1932,92,43,0,27,80,82,214,22
0,1,1,1,0,1,1,0,0,2,36,6,4,2,2,11,8,3,1,2,9,2,4,0,0,0,0,0,0,0,0
233,1725,527,252,0,586,878,101,326,748,21582,6737,1184,2364,280,18347,1933,1627,237,2361,2901,3877,6021,11,326,30,99,1,62,468,10
48,438,117,22,0,91,309,8,2,21,7641,875,711,151,15,3073,141,244,21,259,753,265,451,21,14,0,6,1,24,21,1
1,0,0,1,0,2,1,1,0,1,23,6,5,2,1,7,4,2,1,3,5,2,3,0,0,0,0,0,0,0,0
6,111,64,4,0,31,22,2,1,8,2779,158,71,48,9,1079,502,216,3,199,364,112,257,9,6,2,4,0,2,8,1
419,9883,1508,1341,114,1130,16960,584,2657,925,59367,7035,5868,2628,843,41125,5366,7385,1296,7314,14155,3347,9594,105,112,102,15,277,86,193,14
18,255,96,2,0,29,66,4,1,133,10855,222,292,210,79,3510,521,245,1,188,638,235,466,3,29,1,4,0,8,13,1
10831,2245,546,18218,94759,3001,4699,8034,47004,55919,62388,62303,50479,3791,71648,22974,7537,5745,17734,24781,15635,10477,18082,94,407,240,296,6233,1257,1444,2262
23,2322,434,47,0,61,36,2,22,50,14090,1965,84,579,347,11891,731,707,41,260,2522,364,1399,294,251,2,34,1,26,70,2
708,312,88,285,6655,167,492,568,6053,2274,7011,4470,5154,524,7238,3103,861,855,267,1377,1173,1118,2077,13,45,0,38,0,103,147,94
777,912,208,2402,4552,926,469,1955,203,1066,34248,8743,25740,943,16638,6984,882,1582,2324,9069,3996,2109,3656,103,49,15,35,16,414,784,846
45,568,108,16,0,156,243,28,167,80,4471,421,431,276,112,3417,342,662,13,695,979,556,1050,12,56,1,2,1,9,19,3
76,65,14,85,487,15,45,27,1,297,923,503,540,29,328,419,129,92,82,114,146,130,245,1,4,0,4,0,11,14,11
1,21,6,2,0,4,9,1,6,3,232,30,11,4,2,164,56,38,2,12,21,10,24,0,4,3,0,0,1,2,0
68,4162,858,185,0,89,213,6,82,142,35953,5268,252,2362,261,29465,1828,1734,155,1683,7072,1938,5120,161,348,1,37,0,54,146,9
310,27150,6317,157,0,315,427,61,339,433,188260,35313,2026,5558,2310,169922,5934,5695,110,3471,43660,9396,29865,2469,1720,14,166,56,150,432,24
372,226,61,356,1968,109,210,542,5771,2050,5611,2077,2691,343,3122,2502,880,548,339,1418,886,917,1507,16,42,0,18,1,63,80,34
82,166,46,14,0,69,43,27,3,32,4241,516,1736,63,48,1271,501,418,12,315,350,211,322,2,3,0,1,130,7,46,8
46,9848,2150,145,0,198,318,12,64,85,46230,3763,542,3010,218,48482,3720,4682,120,1549,10163,2135,6126,954,553,9,34,3,41,103,10
53,4766,1111,301,0,89,166,8,77,121,32909,5436,222,2369,706,28473,1799,2240,256,1162,7011,2097,5441,195,456,0,44,0,43,142,5
288,5535,928,502,291,551,12500,597,2070,731,50966,5094,4084,2356,1283,30209,9049,8769,481,6361,5813,3939,7307,96,165,0,10,14,84,191,20
1199,1178,368,2884,76,1789,476,2275,1049,8861,26035,16329,18724,2665,10485,11435,1385,2272,2509,1955,23866,5706,8297,18,149,239,217,1754,543,147,865
3837,549,205,1742,29540,596,1743,2429,56322,8739,15767,21286,25400,1511,14582,6979,2321,2401,1674,2916,2783,3306,5582,26,137,0,123,108,360,460,210
4403,417,121,7658,3970,825,2136,2806,3612,18629,16256,20151,18532,1155,15350,7066,2328,1664,7512,3236,3574,3332,5289,19,125,0,221,1713,559,570,987
40,4804,943,160,0,162,96,2,23,54,48976,3224,170,1534,360,29535,3498,1248,142,787,4066,2312,4750,126,449,0,144,0,73,74,3
2,114,32,4,0,4,8,1,11,4,1552,93,12,76,5,1059,61,59,4,71,188,98,188,16,19,0,1,0,2,3,0
495,22516,5149,168,0,351,435,62,268,575,248751,51871,2172,6014,639,168049,6862,4624,84,4344,40727,7426,25739,1915,884,15,239,57,264,602,22
82,10586,2087,207,3,831,1073,70,124,3172,60867,7338,856,15720,574,79319,11948,5165,79,7562,11645,9340,14022,97,948,13,312,1,241,525,42
2,19,5,4,0,4,6,1,6,5,249,31,14,3,3,148,59,28,3,14,19,11,26,0,3,0,0,0,2,2,0
48,710,129,129,0,146,788,41,527,213,4226,725,385,206,219,2919,768,779,120,529,642,375,710,12,23,1,1,1,14,20,1
4,17,7,5,0,13,11,3,4,17,389,59,30,25,13,111,76,39,4,29,106,24,47,1,1,0,1,0,1,2,1
74,22,8,53,346,37,10,66,10,275,642,378,733,35,320,232,49,63,43,71,327,118,220,1,4,39,1,0,3,9,33
10778,2138,536,18712,94138,2970,2254,7429,47051,55610,61491,62810,49263,3752,72545,22741,7490,5692,18201,24588,15353,10486,18085,93,403,62,295,2136,1251,1428,2166
6110,1188,284,5252,43621,742,1800,2170,71698,15278,21496,18265,34221,1813,12628,14670,3635,2445,5140,4716,4533,4053,7009,28,186,49,140,123,518,592,361
214,1592,434,92,0,137,300,50,14,80,45682,2284,1086,320,117,8784,1844,2661,65,1901,3249,2024,2596,153,61,0,22,6900,74,147,12
12413,379,104,5362,19072,863,1055,2356,3273,6275,9308,27264,17183,507,37949,3285,1002,1278,5247,1913,2105,2130,3984,7,56,2,97,1,396,546,341
3,14,4,2,0,10,6,1,5,5,196,41,10,8,5,109,13,29,2,13,27,26,42,1,1,0,0,0,1,2,1
2206,724,174,6733,5786,472,483,2515,2269,12185,30477,14579,13347,1331,21526,9214,2394,1671,6545,2712,5458,4003,6318,38,136,17,137,440,371,396,242
35,1602,418,32,0,49,238,10,32,41,10831,1080,305,532,195,11273,2481,2023,24,672,1577,660,1631,60,68,0,15,682,8,44,3
466,18823,4255,2609,0,1026,1004,109,3053,2388,172186,17669,2014,15103,1041,147596,7446,7118,2432,11984,22050,13686,29689,482,3089,33,695,8,234,1064,38
6269,3261,951,3828,3786,6236,1002,2449,6787,36923,113463,47310,34517,2900,31369,39417,15750,8778,3536,12486,42834,16454,24515,169,559,22,19,359,2004,468,812
35,66,19,79,310,59,24,62,252,263,1591,549,575,38,250,561,126,159,72,103,364,155,326,1,5,0,2,0,3,10,6
470,11884,3019,1328,0,573,2900,378,1810,751,101975,37601,3438,4979,786,83141,10498,15531,1249,6431,19334,8488,17757,81,771,1,45,0,276,681,36
464,535,159,229,116,815,337,80,87,876,16561,5508,2959,254,2730,3364,543,164,45,437,1616,1341,1826,14,186,1,9,128,111,350,132
2261,532,156,1069,12990,427,697,1365,2441,2644,9613,9616,12517,623,5774,4227,1270,1351,1027,1780,1686,1766,3051,11,56,4,70,0,227,308,198
53,1498,248,277,1,203,5977,54,743,88,8124,2069,802,465,315,4931,1913,3592,276,1059,1326,1261,2056,8,715,5,3,0,10,38,6
1137,5340,1796,889,0,1051,535,996,93,1054,214374,26664,15121,2484,13111,44866,13951,16199,734,26837,19088,49630,55290,50,121,2,49,10,180,1415,1657
680,257,69,476,3759,108,115,854,2187,1116,4037,2326,2710,241,3550,1821,582,598,451,501,533,928,1474,5,28,0,19,1,65,87,74
1,20,6,2,0,4,8,1,6,3,233,30,12,4,2,167,56,39,2,12,21,10,24,0,4,0,0,0,1,2,0
2280,6159,1364,2346,6,1474,18248,957,172025,21541,88283,30536,19157,7201,14279,55368,30193,12770,2279,17345,18693,5707,13250,126,588,13,421,85,507,2067,125
148,4099,1140,97,0,812,687,21,85,1362,31244,6389,539,4580,28,37096,10185,4919,92,5001,7191,7137,10845,262,140,46,18,0,167,178,7
126,96,29,117,1018,38,55,119,1021,696,1989,825,819,139,592,932,388,227,108,391,310,331,505,5,14,0,7,0,23,29,15
625,400,111,237,5436,147,559,551,3448,2124,8361,4356,4518,591,5848,3832,1046,1004,220,1453,1332,1272,2330,18,53,0,38,0,104,153,86
5624,1027,279,9080,33339,862,1467,2963,5637,5859,16469,13637,28271,736,13586,7524,2271,2226,8871,2219,3884,2770,5257,13,80,37,114,1127,474,625,396
10551,257,76,5330,15819,764,784,1694,459,5969,7534,26252,12446,375,36801,2543,667,1081,5221,1592,1966,1673,3102,5,49,0,82,45,316,465,289
457,504,162,228,79,793,293,70,97,914,16757,5221,2956,250,2343,3428,566,167,48,425,1567,1355,1839,15,182,35,9,50,105,342,111
0,22,6,0,0,2,3,0,7,0,162,14,2,3,0,145,21,14,0,7,14,7,16,1,1,0,0,0,0,0,0
1624,321,138,1977,1533,1508,1893,1162,8771,1773,16809,7559,4602,621,9325,6054,2687,1200,1926,1014,2427,1479,3246,14,209,1122,145,131,226,615,126
1,8,3,4,0,3,14,1,29,1,142,19,6,2,2,87,28,28,3,7,10,10,21,0,9,0,0,0,0,2,0
2,135,39,5,0,3,7,0,4,2,1365,120,9,64,9,1089,58,77,4,48,178,94,191,15,22,0,1,0,1,3,0
40,138,37,46,0,72,152,18,230,30,3593,351,294,186,46,1300,1184,208,41,180,213,152,363,2,14,0,1,19,8,21,7
465,670,156,113,289,1017,808,170,28,624,15881,7924,3047,325,4068,3750,534,152,12,740,2034,1152,1669,15,192,0,11,414,180,443,209
1176,4902,1652,933,0,997,392,993,116,1053,197027,27809,18825,2240,13413,38242,11743,14537,788,24965,17851,46652,51646,42,110,6,49,130,172,1371,1826
96,2990,649,19,0,212,275,7,131,232,62846,1028,443,2902,25,34712,1953,822,8,1507,4061,6170,9033,50,729,1,303,1,69,212,4
112,55,14,217,89,27,109,136,917,442,1183,598,654,72,329,712,197,130,210,158,140,218,346,3,11,2,8,0,20,27,14
23382,2540,706,35271,24688,2995,6658,14683,102293,70304,62314,88541,99726,5766,97308,29217,10330,8103,33963,10532,13453,17831,28388,126,556,5,777,105,3496,2299,2167
176,14414,2990,115,0,974,708,12,147,693,163839,10695,825,7659,192,111800,7192,4752,90,4765,10668,8996,18042,169,4357,1,455,0,266,671,11
14,11,3,23,66,4,9,13,1,30,209,140,77,3,77,94,10,36,22,17,72,49,69,0,1,0,0,0,1,1,4
1301,679,198,1688,5334,502,1076,631,105950,8227,12652,9900,7786,1585,3999,8523,2116,1579,1663,2197,2268,1791,3439,68,39,13,31,31,254,417,100
52,603,117,11,0,303,340,81,170,589,17638,977,1814,656,147,3678,264,472,9,1082,1598,2233,2562,78,360,12,134,1,84,101,21
427,3259,842,104,0,827,4816,352,82,942,79952,3178,7270,2075,629,24413,9257,7887,91,5603,3292,2720,3656,585,57,10,15,1779,125,955,114
153,571,96,133,1,163,665,150,80,249,6155,1289,1658,184,603,2843,796,504,131,723,531,378,840,4,90,6,3,0,20,49,3
280,70,20,196,1626,39,10,271,746,552,1294,1099,1586,69,965,531,156,161,189,168,237,237,448,1,8,1,8,2,25,32,17
303,25974,5539,3347,0,1173,730,83,1223,1836,160175,18770,1566,13111,1887,164176,12362,8450,3201,8020,19039,12621,27811,994,3627,49,319,7,198,856,24
34,1963,359,17,0,75,48,4,33,68,19192,2432,108,610,99,11042,661,484,10,371,2006,372,1442,265,262,4,30,0,12,72,2
469,57,20,194,350,76,146,206,1593,859,1787,1392,1958,131,1799,731,255,246,185,466,333,368,625,2,11,0,15,68,38,50,79
108,973,379,213,0,223,3243,249,85,541,14242,1104,1727,229,1243,7307,1052,2990,194,1116,3418,2844,5493,95,370,21,5,0,54,44,22
48,611,112,166,7,134,404,49,486,201,3873,593,397,191,197,2570,680,666,154,500,626,317,615,13,22,1,1,0,16,18,2
39,3046,766,5,0,83,73,2,53,61,34394,1164,173,1527,16,20079,1796,1429,1,844,2819,2085,3588,167,332,18,23,0,22,52,4
212,1651,454,1021,32,673,3228,267,862,1223,15031,5121,3936,1277,911,12035,3236,4700,902,4006,2329,2813,5112,43,489,25,11,0,73,193,15
91,1872,754,9,0,327,551,29,60,343,88414,3736,383,2181,34,14043,2732,1071,4,1335,3845,2701,4284,45,283,1,154,9,163,179,5
209,136,44,123,1007,37,13,286,1122,730,2343,1188,1261,113,575,939,293,278,115,239,385,323,573,3,13,0,11,0,30,42,21
1,22,6,2,0,6,5,1,6,4,313,24,20,26,4,143,34,33,2,19,41,27,35,1,2,0,0,4,0,1,0
98,27,7,102,1136,29,27,81,675,384,640,540,690,41,546,273,97,65,99,214,130,90,176,1,4,0,3,0,12,15,7
254,30069,6603,3519,0,1151,616,66,774,1278,148533,17519,1463,12531,2136,172168,12198,9694,3387,5478,18207,11389,26877,1324,3897,17,323,11,196,724,19
863,166,44,815,4278,192,250,567,2846,1870,3829,4366,5208,254,7160,1583,393,501,789,982,774,789,1300,6,24,3,26,0,84,114,115
636,381,105,244,5294,149,550,555,3740,2172,8109,4366,4639,582,6171,3691,1010,977,227,1452,1304,1251,2299,17,51,0,38,0,104,152,89
2957,1359,464,1059,22810,643,940,2996,27800,6990,25300,17651,15935,2166,20592,13315,4874,4562,991,6310,4085,4011,6985,72,176,3,131,726,414,576,419
1251,1719,380,500,5,1259,1496,784,27,1811,48535,7605,19081,1220,3945,10559,4800,4258,462,5384,2709,1872,2739,324,34,0,49,296,144,1139,238
6,15,5,4,0,6,2,2,2,6,167,35,18,5,3,117,72,29,4,10,43,19,37,0,1,0,0,0,1,3,5
934,168,92,174,803,202,237,511,18,1271,6115,4516,2378,135,2354,2171,1603,286,172,1133,3630,296,671,9,34,68,14,21,72,369,92
5841,478,137,7780,20680,773,877,2356,775,5975,10897,10414,21859,479,23601,4669,1170,1519,7624,1723,2893,2593,4176,8,56,0,95,290,399,489,654
11711,293,83,5478,16710,799,873,1971,1208,6148,8025,27167,14124,414,38157,2752,758,1148,5368,1700,2005,1806,3366,6,50,60,87,86,344,495,308
13,436,97,3,0,84,150,2,32,71,9133,240,34,351,2,3622,197,145,2,191,293,347,685,78,343,0,147,0,13,141,0
3011,5208,1160,2385,45,1697,21536,2262,240024,31030,84559,35478,23598,8231,19101,50156,25559,10984,2319,21011,19667,6505,14325,199,552,20,503,24,566,2311,145
2773,1424,314,3669,20820,686,1686,2133,70326,22018,30321,15562,24489,2314,9516,12434,4464,2533,3500,4851,3668,2437,6762,120,245,63,159,57,606,660,499
60,4047,842,37,0,151,182,10,59,83,60657,1046,219,2314,272,34861,2347,1635,16,896,5650,3946,6832,47,512,0,232,0,54,149,3
24,608,207,2,0,82,155,12,4,359,15997,480,375,428,16,6550,741,404,1,241,1298,811,1408,4,311,0,3,2,113,75,6
267,2412,665,183,5,731,690,254,2358,1958,44186,15740,1363,1365,1268,22087,2643,4403,176,6688,5632,3690,8092,94,149,28,12,0,182,264,188
202,619,97,30,0,641,580,72,37,436,13942,2991,1995,617,568,4168,259,464,24,922,2794,1132,1504,49,366,58,103,0,150,216,86
54,3207,635,49,0,73,89,6,165,73,25352,2180,178,1542,58,16283,1721,811,29,604,2644,1035,2514,274,278,27,14,0,11,50,7
67,3671,797,34,0,176,188,14,73,107,61143,997,257,2517,118,36192,2490,1414,15,1126,5375,4756,7662,51,571,0,244,2,62,167,3
637,13986,2956,7292,3,2800,12566,1293,5786,2715,104445,17191,21560,5458,5052,71827,42645,44973,6520,19918,25701,32407,48644,454,3957,71,130,30,518,922,239
187,27539,5673,406,0,444,348,15,703,391,118923,12347,666,3846,1103,118929,9188,13216,252,2479,32866,7921,21502,687,409,3,55,0,110,232,14
5,16,6,3,0,13,11,6,4,12,749,38,140,29,8,265,110,48,3,116,91,52,94,1,2,0,0,2,2,8,2
1687,360,92,2794,8202,354,85,1294,7520,7689,8498,6836,8931,648,9362,4030,1139,817,2721,1684,1993,1573,2720,10,65,9,75,273,244,258,184
3138,1352,296,4156,24242,739,1590,2161,81340,22589,29036,16737,25352,2176,10652,11533,4196,2425,3978,4710,3639,2541,6514,103,231,125,158,51,616,663,515
185,12498,2814,111,0,1090,803,17,120,811,165175,9654,1066,8095,105,108732,6573,5377,82,5662,10910,9245,18151,170,4304,13,515,0,326,710,12
1586,724,209,3095,2763,754,1243,1414,38354,12424,16083,13378,9650,2092,5830,10454,2970,2004,3065,2328,2708,2011,4132,90,46,0,40,10,366,622,152
27,2521,828,20,0,100,204,8,57,129,63174,1579,188,1544,42,28307,3694,2516,11,729,3873,1394,4247,68,376,0,51,8,35,103,4
698,5843,1670,1297,8,1047,2226,372,1328,1384,94314,10484,7887,3343,795,59889,8190,7939,1246,4989,11440,5758,11961,28,1101,0,41,132,287,682,104
3486,915,264,1979,11567,545,952,2275,4381,4793,14614,14455,11056,794,7340,8284,1997,1932,1919,2291,2828,2420,4007,16,80,0,99,28,288,404,293
318,25339,5310,3273,0,1149,726,73,1225,1926,160172,18877,1651,13200,1799,161674,11859,8120,3126,8543,19298,12663,27734,957,3524,29,334,14,204,817,27
416,1963,447,306,598,1234,1306,209,79,1645,37077,4269,2835,7422,1758,12034,4712,3722,289,3421,10509,5831,6696,201,840,7,129,2156,119,457,37
89,162,44,16,0,69,41,30,2,38,4043,497,1770,59,56,1185,469,401,15,312,344,207,318,2,3,0,2,240,7,46,11
2,237,75,6,0,22,21,1,4,4,2651,146,25,58,16,1892,451,288,5,127,429,118,300,13,8,0,3,0,2,8,1
43,3570,972,7,0,368,120,5,12,136,47038,3147,210,437,14,30654,1159,2816,4,1888,3850,1328,2924,346,33,1,22,0,34,105,38
2,2,1,3,0,6,4,2,1,10,101,24,21,11,17,32,19,10,2,10,23,8,15,0,1,0,0,0,0,1,1
3,40,11,5,0,24,87,4,145,7,582,69,33,9,4,391,103,71,4,50,35,45,86,2,13,0,1,0,1,9,0
6239,809,205,8185,48279,682,1170,1345,93253,17725,17597,18981,27317,1353,22599,10158,2806,1910,7992,3628,4691,3581,6080,16,145,0,131,682,471,506,319
96,7036,1541,227,0,83,163,6,69,96,37358,6259,348,1911,398,48950,2954,2991,160,819,8944,1656,5760,141,334,0,15,0,15,103,4
3,18,8,4,0,13,12,3,5,15,411,57,26,25,11,117,89,44,4,29,104,25,47,1,2,0,1,0,1,2,1
66330,44336,21480,81994,77383,67265,43323,77803,158574,501808,1550655,532874,735923,188096,862040,525969,141777,143931,59966,168375,759948,206188,385071,5692,16410,17737,10704,2097,5646,23641,61396
2,154,47,1,0,12,25,1,2,6,3783,67,34,127,1,1507,139,119,1,71,79,49,153,1,9,0,6,0,4,13,0
68,889,238,73,0,148,142,18,113,118,11258,1132,522,475,108,8642,690,558,61,571,1609,549,1381,4,72,0,3,1,22,70,5
2,178,45,1,0,4,5,1,2,1,1355,166,13,25,3,928,113,93,1,17,142,40,115,8,3,0,1,0,1,2,0
75,6213,1494,132,0,225,324,17,133,81,48557,3097,632,2449,97,38098,3292,2632,102,1930,7743,1532,4482,752,431,1,35,0,50,160,11
471,12837,3269,167,0,3379,4955,117,9232,5056,440676,7457,2163,12016,72,90806,2682,2173,75,7384,14151,21318,29990,1417,9421,14,3175,40,1924,2483,125
9,270,124,1,0,28,75,3,2,81,12133,173,190,214,15,4304,814,296,0,191,631,265,517,12,34,0,20,0,10,13,2
99,10257,2818,340,0,301,553,32,499,142,71571,6174,1049,4301,1180,69538,7880,4784,278,3060,13245,4005,9567,1135,982,7,124,4,123,300,14
386,217,59,370,1904,115,217,575,5966,2121,5505,2099,2696,344,3364,2431,857,539,352,1449,882,918,1512,16,41,0,19,0,64,81,35
2088,726,195,1954,4815,366,1577,804,23697,7164,17663,8259,9963,1374,7617,9421,2476,1870,1884,2258,2341,4481,6385,57,132,0,84,5,306,323,265
337,1163,325,121,0,213,439,104,24,94,35856,2848,2816,406,197,7250,1336,2068,93,2240,2920,1689,2178,153,66,0,25,32,101,207,13
2338,14478,4221,4702,155,8107,3982,6741,373,29786,313376,37302,43506,7213,33110,101677,31202,12339,2518,8639,68578,25707,40888,286,314,68,143,59,555,1287,4460
5397,21681,4176,12949,1767,9003,55424,2439,14466,8609,294045,54223,64021,10651,20503,157697,35622,22410,12165,42575,55801,27998,51242,279,6447,58,82,5,278,2094,333
1106,2952,649,333,0,608,462,1139,677,5731,75065,8299,15689,2661,5008,15638,2957,5175,297,10381,6393,3256,5552,232,86,80,116,1,309,1058,496
357,494,148,3919,21,329,4944,835,417,1100,8034,11476,7278,662,6164,5781,1664,1298,3679,1147,1411,2687,4938,87,1570,0,6,53,92,183,5
2,13,3,3,0,4,3,0,8,1,169,24,12,2,2,81,39,16,3,7,7,9,17,0,4,2,0,0,0,2,0
0,0,0,0,0,0,0,0,0,0,5,1,0,0,0,2,1,0,0,0,1,0,1,0,0,0,0,0,0,0,0
74,168,44,16,0,108,107,130,2,45,4534,780,2025,123,113,1388,690,440,14,678,397,247,460,4,6,0,3,0,53,126,22
189,149,31,218,0,91,674,133,14299,2283,3373,1942,1818,458,2288,1570,757,361,211,638,1134,372,805,4,25,1,23,0,40,96,44
2490,357,105,1978,17132,329,91,1354,3198,2963,7209,9227,7778,348,4607,2641,806,800,1933,1233,1232,1038,1881,6,34,0,46,6,177,221,243
11,547,117,5,0,38,39,1,3,40,8055,566,58,641,3,4335,440,129,1,440,696,758,1190,6,112,1,30,1,14,14,1
435,13305,3296,151,0,3004,4460,106,8990,4486,434107,7027,2076,11122,74,89047,2564,2190,69,6477,13152,19478,28032,1253,8380,15,2757,39,1641,2198,122
0,19,4,0,0,1,0,0,1,2,205,16,1,5,0,148,3,4,0,3,16,6,14,0,0,0,0,0,1,0,0
7489,2554,698,5533,3270,7111,1213,2418,486,38119,101067,54902,37642,2798,48923,35021,13957,7974,5204,12653,39307,15166,23632,139,518,5,19,1888,2203,517,879
39,689,116,8,0,263,247,59,175,411,17477,780,1420,574,104,4020,310,456,7,972,1434,2048,2374,55,364,45,103,0,72,78,18
1659,469,133,1235,11987,313,146,1389,2841,2555,8845,7584,6798,477,3837,3697,1069,1017,1197,1478,1456,1172,2297,10,48,0,50,0,179,235,147
0,13,3,0,0,0,0,0,3,0,97,10,1,7,0,143,5,7,0,9,23,8,15,0,1,0,0,0,0,0,1
5,6,4,7,0,13,8,6,7,24,254,58,43,25,27,78,49,26,6,25,68,20,38,1,1,0,1,0,1,2,1
1263,8277,1891,11955,14,3796,16967,1746,4585,5401,82593,25819,33589,3701,14696,54492,32695,16821,10072,19551,19782,27772,40848,365,4641,163,230,82,764,1209,239
6149,732,188,8304,45783,646,968,1077,87233,15094,15700,17880,24641,1089,22555,8867,2456,1693,8118,3100,4416,3235,5479,13,125,0,115,74,436,474,272
23,1613,339,8,0,152,142,4,5,38,26414,1840,147,807,17,12847,745,699,6,512,1112,1761,3004,21,222,0,205,0,29,68,2
0,1,0,0,0,0,0,0,0,0,10,1,0,0,0,3,2,1,0,0,2,1,1,0,0,0,0,0,0,0,0
9,1048,323,5,0,49,87,1,2,124,18683,412,80,369,8,9431,2288,654,2,199,1205,595,1240,11,90,0,14,0,14,54,4
0,21,10,3,0,5,30,1,10,1,397,20,8,8,1,259,63,40,3,15,24,30,50,2,12,0,1,0,0,1,0
639,6749,1910,1585,7,1006,2179,396,2049,1258,94388,13844,6972,3965,827,64496,9013,9620,1519,5383,13514,6021,12466,35,1164,19,57,3,287,744,76
226,43470,7678,4383,0,957,531,46,479,1006,157291,21518,1237,11037,1451,191346,12106,11966,4236,4132,21022,10555,28598,1716,3731,18,359,2,212,656,18
400,135021,14484,1638,0,7837,724,52,209,3722,332417,105075,651,28632,3274,414556,8190,40340,1224,7390,48711,25826,55545,465,675,103,2053,0,371,1889,109
1560,262,83,3378,13688,313,260,1410,17350,9691,8663,7371,7329,656,9393,3651,1100,771,3241,1394,2118,1581,2551,8,54,0,66,13822,217,223,154
174,696,105,28,0,609,518,66,88,688,15873,2460,1547,679,522,3830,326,535,23,684,2968,1547,1943,67,514,0,113,0,169,226,63
3,3,2,0,0,6,11,0,2,6,110,13,19,52,1,97,5,3,0,5,24,6,19,1,10,0,2,0,1,4,0
6,16,5,4,0,6,2,2,2,5,169,35,17,5,3,119,73,29,4,10,43,19,37,0,1,0,0,0,1,3,5
7550,275481,69364,15827,0,61049,13076,2510,29402,42073,4292981,179477,66904,121045,6243,2477718,155700,184528,12262,262951,1039047,148104,271648,8964,19803,1340,5072,20,29051,10789,4234
3160,478,139,3873,8759,573,392,1841,368,4614,8624,17029,12827,366,11841,4777,963,1274,3798,1450,2232,1734,2867,6,45,0,59,0,211,303,326
29,1408,312,5,0,167,178,4,6,60,28019,1790,187,867,16,10748,753,679,3,737,1045,1729,2886,28,147,5,137,0,33,72,3
3,102,30,4,0,4,9,1,8,4,1631,90,15,76,5,1047,61,53,3,77,183,98,188,12,18,0,1,0,2,4,0
359,2194,484,264,60,1120,1184,174,84,1500,36797,3978,2526,5983,1562,12259,5755,4062,246,3250,10821,5852,6744,193,777,2,117,11,99,433,35
844,648,144,3337,5769,1032,311,1694,120,1318,28606,10688,25053,676,19365,5196,645,1282,3261,7949,3590,1738,3035,56,40,0,31,4,412,797,1354
3,15,5,2,0,11,5,1,5,5,213,51,10,7,5,129,17,34,2,14,30,27,44,1,1,0,0,0,1,2,1
35,1121,182,21,0,131,558,22,163,43,5719,593,292,357,116,5181,465,1159,19,800,1189,821,1519,20,76,0,2,0,8,20,3
2610,398,115,1268,11043,387,482,1077,4616,2634,7656,8797,10266,468,6654,3037,928,1018,1226,1456,1367,1531,2550,8,43,0,57,0,182,249,230
0,35,7,0,0,0,0,0,3,0,163,20,0,8,1,215,9,15,0,8,38,12,25,0,1,0,0,0,0,0,1
429,460,175,1903,76,725,491,831,345,4108,8750,9314,6164,440,2741,6072,1390,1386,1813,1939,1903,1621,3562,23,249,0,20,0,125,253,49
75064,38442,20880,115737,73843,74611,43580,94534,114384,577245,1577661,571124,759127,196731,948163,515066,133798,141266,83784,170530,773353,198315,392047,5279,16350,20783,10999,6567,6173,25095,62903
56924,8385,2279,9620,257505,3837,9940,20344,105000,58881,135125,210683,189061,6658,254013,53931,18539,15873,9063,17447,22119,34803,59910,155,947,40,909,589,3916,3986,3810
172,1434,495,66,0,717,383,285,583,1525,39159,4247,1861,1464,341,9921,2294,5752,61,18683,3354,3117,4045,114,78,39,10,1,224,645,58
153,1229,490,927,1,486,640,593,836,1844,14418,6566,4413,708,782,12216,3264,3874,845,1976,3314,2934,5287,47,337,40,22,0,72,174,21
77,80,17,73,21,16,71,30,1,351,1107,473,412,42,316,533,156,114,69,151,166,162,301,2,6,0,5,0,13,17,13
5125,387,106,6097,22287,612,185,1347,24280,10046,10175,15388,14721,777,21903,6256,1502,1094,5902,1764,1889,3031,4577,16,72,0,83,32,372,398,535
0,34,7,0,0,0,0,0,3,0,158,19,0,8,1,208,9,15,0,8,37,11,25,0,1,0,0,0,0,0,1
13,1418,259,92,0,38,848,8,459,24,7864,1230,239,301,88,5913,3057,1455,85,508,1553,931,1491,162,149,0,3,1,6,35,5
2165,3996,729,3868,482,2191,23197,868,55168,19689,62036,27716,21129,7251,22414,38141,13187,6545,3713,19695,17585,5893,11425,302,619,172,515,82,733,2289,147
2186,705,171,6834,5480,473,476,2552,2172,11947,29780,14580,13509,1302,21993,8933,2332,1624,6644,2663,5374,3960,6184,36,132,51,135,108,367,391,238
1503,710,209,1860,6279,518,1133,917,108079,10178,13967,11039,8293,1737,4228,9339,2463,1789,1834,2023,2398,1825,3550,72,41,0,35,1,267,466,104
124,2809,643,21,0,266,356,8,176,325,68265,1200,524,3343,24,34412,1912,754,7,1681,4516,7241,10273,46,1050,0,278,0,80,248,5
81,2558,561,13,0,311,258,16,6,146,63564,2283,524,2102,16,27175,1370,966,6,1619,2477,2014,4286,32,230,0,87,0,224,118,11
142,621,184,215,4,222,2767,361,96,507,8247,1005,2326,196,1580,4162,572,1560,198,1057,2108,1789,3772,56,245,61,4,0,49,40,24
74,2926,625,51,0,1065,1015,18,379,692,81911,1421,290,3421,12,21004,403,515,26,1695,2721,3225,5323,383,2917,4,1125,8,469,804,26
440,2724,670,2688,185,1309,1297,1376,1342,5121,21485,16475,8569,871,2974,19784,2189,4026,2510,4319,3649,4834,9913,118,470,434,75,40,288,434,98
0,26,6,0,0,1,0,0,1,1,168,24,0,6,0,211,4,7,0,2,20,7,18,0,0,0,0,0,0,0,0
294,295,72,215,395,52,197,568,23,594,3613,2090,2396,145,2290,1813,557,548,204,928,511,588,1006,4,17,8,14,0,36,60,31
1,17,9,1,0,15,6,2,5,16,390,62,25,20,2,394,141,57,0,55,75,24,47,2,1,0,1,0,1,4,3
23987,116489,37807,24625,946,124856,34972,13783,7392,119144,2623371,379570,216548,207895,46586,1693219,84291,107266,23004,248806,1342027,164192,300603,37655,10244,1674,8584,42,20818,14047,16588
8,13,4,4,0,6,1,3,1,6,155,35,21,5,4,113,70,30,4,10,43,19,37,0,1,0,0,0,1,3,6
246,143,44,28,0,167,301,105,2,558,7530,1954,1062,513,341,3366,79,483,2,379,560,936,1482,10,64,0,249,0,253,70,89
240,888,349,1061,11,538,584,661,657,2075,11198,6642,4940,643,1052,9505,2391,2745,984,1894,2623,2400,4464,39,292,65,21,0,82,183,25
92,3045,664,19,0,211,262,8,122,212,62901,1015,402,2847,28,35369,2123,880,7,1537,4165,5999,8866,49,684,0,235,1,68,207,4
2938,1403,309,3931,21419,744,1667,2155,72656,22504,30001,16147,24815,2275,9969,12192,4392,2513,3757,4866,3685,2466,6702,115,242,160,161,4,618,675,511
0,6,2,0,0,0,1,0,2,0,69,6,1,6,0,107,4,4,0,9,17,7,11,0,1,0,0,0,0,0,1
2163,192,55,7372,4853,453,461,1578,81,10311,8403,13922,9389,518,11852,3436,1054,769,7196,1411,2112,1678,2633,7,62,0,103,8461,280,302,427
2143,335,81,3069,4710,329,369,1504,13617,6579,8012,9513,7689,640,10135,4409,1194,844,3002,2508,2009,2089,3401,10,80,0,58,16,218,236,222
2,32,8,11,0,22,96,5,76,13,330,86,66,20,11,205,112,74,10,58,50,42,70,1,7,0,0,0,1,3,0
1,3,2,2,0,4,4,1,0,1,77,11,12,3,3,37,23,11,2,6,19,5,10,0,1,0,1,0,0,0,0
2225,687,167,7226,5140,485,476,2586,2065,11812,29119,14933,13666,1275,22790,8699,2276,1587,7033,2639,5321,3923,6067,34,129,112,134,23,370,394,236
113,18,5,219,846,41,27,98,80,750,705,789,562,50,1356,241,85,59,212,199,159,93,186,1,5,0,4,0,15,17,19
947,141,45,1693,88,181,556,941,2797,5047,4890,4964,3697,454,5338,2684,758,494,1640,976,953,1247,1956,10,45,0,58,245,140,154,111
21,1877,350,10,0,128,120,3,4,31,25984,1822,134,707,18,13571,800,734,8,422,1136,1683,2959,19,226,0,115,0,25,61,2
123,2216,665,725,2,604,2300,301,1144,729,18703,5301,2656,1540,500,15472,4466,6322,605,4743,3262,3426,6149,52,348,37,13,1,72,186,13
117,467,247,23,0,603,211,50,73,764,22500,3538,2966,443,877,4997,1631,425,1,667,1683,2052,2499,19,126,4,12,1,33,244,73
325,14438,2902,225,0,713,408,27,4336,919,122779,8708,1164,3498,251,87222,9591,7860,123,7951,24062,10863,20045,848,333,1,96,12,187,299,16
126,2022,504,120,0,245,332,16,210,510,45852,3325,656,1659,47,21692,2864,1579,97,3510,4624,3659,5560,36,117,0,38,0,60,183,15
19,4,3,25,0,6,6,10,1,70,237,42,67,24,77,77,59,17,25,14,59,24,46,1,0,0,0,2,2,1,5
43,587,109,17,0,156,247,29,148,74,4362,396,419,297,105,3396,335,686,15,698,941,569,1060,13,56,11,2,0,8,19,3
17,255,102,1,0,32,81,4,1,127,11368,207,282,224,58,3788,592,259,1,199,602,249,489,6,31,0,4,0,10,13,1
1297,9640,2162,1548,1312,6882,1726,407,3767,25011,149561,18914,16129,5851,3978,57718,14081,10580,239,15075,27861,16378,23472,501,531,592,109,0,1238,548,1028
112,39,14,125,4,57,216,45,7346,988,1452,950,578,233,702,909,634,254,123,432,334,191,351,4,10,0,14,0,26,57,8
5850,1231,292,4988,40653,728,1852,2161,66946,14930,21640,17812,34215,1797,12246,15063,3703,2492,4878,4676,4544,4052,7037,29,190,0,140,211,507,563,357
6,75,17,10,0,13,22,2,53,3,797,119,34,14,6,518,245,68,7,36,45,37,86,1,5,0,0,0,1,5,1
4181,443,118,9004,12333,1302,597,1978,5685,18095,15706,21903,18906,1226,32011,6608,2025,1427,8824,8158,3361,3437,5533,30,126,57,121,3068,492,546,637
1,15,5,3,0,4,5,0,8,0,180,28,8,2,2,112,48,25,3,5,9,10,20,0,5,0,0,0,0,2,0
91,29,7,88,1128,26,27,74,797,336,620,495,676,39,452,276,98,66,85,202,124,87,169,1,4,0,3,0,11,13,6
17,1951,465,3,0,82,48,1,8,53,23344,509,78,704,33,14034,1112,914,1,375,1831,1128,2172,66,263,0,21,3,17,36,1
3,15,5,7,0,10,16,1,10,7,291,35,37,10,8,161,88,28,6,28,34,23,38,0,5,0,0,0,1,4,0
107,207,48,226,19,77,437,81,4550,909,3450,1439,958,246,771,1443,709,316,221,552,767,316,688,5,25,0,17,3,30,87,8
1256,1450,299,581,6,1110,1401,685,9,1659,40159,7886,19290,941,2996,8613,3977,3650,541,4305,2282,1611,2448,163,25,0,39,1058,120,946,269
39,4795,1283,6,0,403,167,7,22,175,48147,3102,169,505,23,31956,1299,2834,3,1477,6056,1298,3330,262,38,0,21,0,27,109,97
172,286,54,36,1,569,226,76,100,626,13083,4414,1567,317,1257,2665,362,405,15,571,871,1088,1365,9,132,0,17,0,67,337,139
587,1423,349,479,569,1257,1219,318,30,2165,30022,5212,4366,6791,2870,8430,2505,2489,462,2611,9542,3850,4683,143,315,33,58,6289,174,428,24
2,6,3,8,0,3,6,2,1,3,208,23,16,2,7,75,27,17,6,8,9,12,22,0,5,0,0,0,0,3,0
2515,612,194,1673,13341,439,417,2062,6239,5547,11824,12732,12495,857,22527,5462,1809,2224,1599,2992,2769,2599,4333,23,86,6,70,99,229,303,529
5,1217,204,1,0,19,25,2,32,52,6089,3045,35,459,33,6232,147,692,1,180,637,235,532,15,12,0,2,0,3,12,1
10849,505,138,3610,24041,827,1245,2761,3386,5367,11037,23124,17999,625,34486,4290,1309,1504,3518,2086,2491,2538,4629,8,68,7,100,110,410,568,374
2143,296,82,2189,11247,284,52,758,986,2691,5633,8518,7006,218,6455,1907,553,640,2147,841,1032,1034,1683,4,25,0,33,1249,130,170,205
1332,106,38,1293,4684,299,249,873,12991,7346,5110,6104,5072,472,7424,1980,732,481,1253,2310,1252,874,1694,8,45,3,39,265,132,148,155
14036,12438,3467,20078,3171,9298,3207,17253,709,115176,342414,70257,91368,7283,96922,121912,42444,26855,18818,48986,74236,66559,95493,344,466,21,108,182,861,2182,8977
71130,40483,21757,103615,80138,70212,44600,88503,131675,556462,1610122,560445,752624,193855,923203,526889,140069,144579,75197,169552,789003,203489,394853,5434,16549,881,12696,3431,5872,24516,61566
8,76,16,14,4,28,51,10,128,10,1045,129,180,140,39,510,181,178,13,97,91,101,203,3,13,0,0,0,1,11,1
3,20,8,4,0,13,11,2,5,15,433,57,23,24,11,122,100,50,4,29,101,25,47,1,2,0,1,0,1,2,1
87,32,8,71,1098,24,29,76,1050,290,628,455,665,41,332,305,111,72,69,203,123,88,170,1,4,0,3,12,10,13,5
37,3001,713,4,0,83,73,5,50,63,34918,1160,180,1535,11,19938,1640,1239,1,872,2669,2035,3478,165,321,0,23,0,20,53,4
38,884,181,14,0,52,176,19,60,45,13927,818,587,146,66,6105,710,952,11,376,1071,501,808,68,12,0,3,2,30,80,145
162,129,37,194,0,109,752,150,10793,2598,4028,1941,1133,736,1431,2216,1269,559,188,923,1116,395,861,7,34,0,26,0,47,124,24
718,10624,2868,392,0,8390,8223,147,4173,4908,435420,7810,3034,18271,168,120714,3960,1439,157,10462,33530,12609,21812,1671,12258,11,5092,2,3838,4113,101
2,106,30,1,0,3,3,0,1,2,676,84,6,37,4,588,21,25,1,14,92,15,56,10,7,0,1,0,1,2,0
5,78,18,9,0,12,28,1,69,2,748,128,34,13,5,534,245,73,6,34,45,34,84,1,6,0,0,0,1,5,0
381,18150,3599,1066,0,784,1613,329,204,925,170322,14125,8703,2461,755,98216,18491,17785,699,8007,32605,6908,13322,342,231,1,45,2555,478,442,129
865,301,85,292,6656,155,475,568,6256,2262,6813,4503,5231,507,7457,2976,831,828,273,1356,1144,1098,2024,12,44,0,37,6,102,144,95
1555,278,81,3171,13354,290,52,1371,16773,8768,7864,6641,7431,602,8800,3470,1045,735,3054,1370,1892,1517,2435,7,53,0,64,13673,203,209,166
1,181,57,1,0,10,22,0,1,4,4007,70,14,118,1,1640,153,128,1,59,86,50,154,1,8,0,5,1,3,12,0
16869,4120,873,16028,22337,2273,6359,9972,47038,41580,61463,60266,96549,5361,61050,30588,10163,8191,15529,9192,12419,18059,28241,150,539,19,780,573,2904,2193,1863
32,953,153,2,0,240,285,8,205,366,23565,969,233,698,11,6133,266,217,1,535,1171,3217,4006,29,513,0,288,0,215,165,1
1448,731,209,3017,3544,732,1241,1385,33646,11855,16098,12973,9500,2103,5528,10574,3007,2013,2987,2289,2693,1964,4107,93,46,125,38,8,362,612,148
3,24,6,12,0,20,59,4,77,14,299,87,73,17,13,164,87,52,11,61,40,35,58,1,5,0,0,0,2,3,0
259,14440,4300,100,0,625,1549,54,1863,964,226510,8630,2517,5166,118,150468,17878,8391,26,11130,24263,18129,29518,922,339,36,152,1,313,459,30
2689,26650,7038,659,0,20808,61876,806,6706,20927,1194364,34138,10882,79951,1671,333212,12210,12270,325,44806,69003,30320,66385,7941,50338,203,27835,2055,12798,12156,173
5973,3400,993,3635,3614,6092,1021,2370,8147,36549,115303,46011,33735,2836,28569,39773,15950,9014,3344,11838,42839,16823,24736,174,536,0,19,671,1961,465,792
6,8,6,11,16,18,2,8,4,35,380,77,75,32,63,94,35,21,11,38,105,31,58,1,2,0,1,0,2,2,4
120,805,227,76,0,163,145,19,81,152,11462,968,568,424,112,8522,706,546,66,555,1441,559,1384,3,56,0,3,0,25,59,6
121,435,135,284,4,172,476,90,153,223,5660,1116,1269,320,526,2841,1060,1724,282,551,890,924,1435,9,248,29,3,0,22,25,8
12,425,58,1,0,23,42,3,3,26,4119,668,206,135,6,1653,365,322,0,583,230,204,338,23,10,0,3,0,19,34,1
575,614,119,973,17,257,896,212,1384,953,8776,1909,5223,304,2853,3686,927,619,956,1583,878,1583,2334,11,73,30,8,0,57,146,48
0,32,8,0,0,2,2,0,6,0,209,18,1,3,0,179,24,19,0,7,18,8,19,1,1,0,0,0,0,0,0
943,269,77,340,5714,175,454,675,7753,2333,6388,4638,5459,485,8142,2728,769,777,319,1367,1094,1165,1937,11,41,22,38,0,103,143,109
3250,677,207,3014,12252,507,565,1895,3590,4894,11382,15469,12043,533,10371,6414,1546,1532,2943,1702,2387,2189,3608,8,59,9,80,471,239,337,428
125,2609,561,101,0,90,136,6,4,87,25520,2510,189,1841,74,15149,1618,649,17,874,2577,906,1950,383,264,2,6,0,11,53,12
27,4909,927,95,0,51,52,4,38,37,22937,1840,157,1174,257,19693,1307,2180,76,325,2967,1044,2877,196,268,8,11,0,10,38,4
1,168,49,6,0,3,6,0,3,2,1262,117,6,61,15,1175,63,94,5,35,195,88,194,15,23,0,1,0,1,3,0
7,18,3,19,1,15,17,2,29,14,233,70,90,7,27,93,42,22,17,34,22,20,37,0,2,0,0,6,4,4,1
8992,661,176,4256,25022,553,926,1330,18426,5317,10468,18978,13267,774,22065,4702,1581,1446,4088,2583,1776,2438,4064,18,78,0,84,0,376,418,309
792,2656,641,1043,2553,1421,860,2606,5081,1281,69697,7922,24583,1939,9353,15575,2518,4456,964,7202,7108,3965,6199,331,94,171,63,2344,660,1196,1202
166,4874,1403,59,0,1223,826,69,259,2233,154850,6363,1187,2956,122,44756,1965,1991,47,3236,9780,11799,15665,217,1111,5,475,1,686,526,17
1048,18144,3543,865,6,4744,4164,316,20543,7615,102483,28256,2292,7025,5849,103557,17385,24491,816,19839,21412,18827,30538,398,629,33,58,174,157,693,203
1,8,3,3,0,3,14,1,24,1,132,18,7,2,2,77,25,24,3,7,9,9,18,0,8,0,0,0,0,2,0
0,0,0,0,0,0,0,0,0,0,5,1,0,0,0,2,1,0,0,0,1,0,1,0,0,0,0,0,0,0,0
62,35,10,265,35,84,27,135,264,374,915,904,804,45,462,369,82,112,253,113,284,122,264,1,6,0,2,82,5,14,14
5,37,17,1,0,37,26,6,4,8,1045,68,83,128,5,767,316,123,0,706,62,165,207,7,6,0,3,0,7,33,2
4,80,21,8,0,11,34,2,39,2,733,153,30,13,5,606,265,87,6,31,51,36,89,1,6,1,0,0,0,5,0
12,333,46,1,0,21,34,3,3,22,3161,577,249,113,6,1255,261,228,0,523,177,151,257,19,8,0,2,54,17,31,1
0,25,6,0,0,1,0,0,1,1,168,24,0,6,0,206,4,7,0,2,20,7,17,0,0,0,0,0,0,0,0
2107,50594,8990,7798,122,6266,69269,2161,15873,5681,377468,86960,33069,13683,7523,252787,61107,39789,7238,44794,71523,36319,75027,1118,9092,63,74,0,193,1634,230
4496,339,102,18563,1111,819,1927,2603,3993,17973,14303,20991,17203,1015,17408,6300,2055,1485,18083,2942,3229,3016,4801,15,112,0,205,2609,531,549,1105
28,2460,798,20,0,100,205,8,69,130,61674,1561,206,1540,43,28124,3632,2480,11,725,3839,1390,4222,63,378,0,57,0,35,103,4
528,49,17,377,1395,90,113,206,693,920,1521,1563,1919,107,1855,611,209,221,365,422,313,315,558,2,10,0,14,605,38,53,62
281,35246,9135,357,0,467,695,38,563,499,318687,20535,1376,11160,2657,263688,18761,22015,253,5283,32940,20155,43345,1345,5507,20,151,3,100,591,35
903,180,55,1305,201,167,629,902,1890,5005,5578,4659,3526,498,4994,3025,865,556,1258,1024,1020,1365,2158,12,51,0,58,0,140,153,117
93,832,319,34,0,327,353,44,30,757,39799,3350,2833,398,146,10263,1790,1291,23,745,1847,2850,3639,34,205,0,141,16,85,429,31
629,11317,3210,236,0,5428,7075,90,8863,7001,475788,8809,1931,15423,76,102204,3202,1942,98,10718,20168,22700,31814,1720,12951,21,4850,59,3229,3837,121
154,4959,1423,57,0,1147,718,56,222,2066,150248,6099,1242,2844,112,44467,1964,1956,45,3175,9265,11327,15163,212,993,14,447,0,627,491,15
5,34,16,1,0,37,24,6,4,8,973,66,86,125,5,707,289,113,1,688,58,155,194,7,5,0,3,0,7,32,2
2902,7991,1873,3871,92,4889,14218,1970,5373,28135,172643,54519,28607,3683,10035,63191,20767,26596,3270,10096,29877,12081,24332,221,955,2773,165,516,192,953,139
75,47,11,43,919,18,38,74,1840,212,730,388,600,55,171,435,161,103,41,234,133,100,188,2,5,0,3,0,10,13,4
1,118,33,2,0,3,2,0,1,2,681,86,5,37,4,609,22,28,1,12,97,15,57,10,8,0,1,0,1,2,0
3179,710,238,1615,19778,507,522,2538,25498,7184,15690,15186,13818,1242,24736,6965,2661,2694,1539,4001,3016,3163,5362,31,106,3,99,21,303,388,700
27,39,29,5,0,84,45,9,20,48,2688,268,186,213,26,1280,368,377,3,1318,528,133,203,139,19,0,4,0,14,86,21
413,1753,454,112,0,1667,3006,181,359,5204,79662,5169,2445,4908,1156,22943,1745,1376,71,2727,7942,3390,6199,415,1762,0,1583,2,809,796,187
4694,24254,4556,12530,948,8731,60012,2224,14720,8123,298715,53715,62213,10980,17145,167936,37850,24138,11699,42371,56610,28885,53375,289,6971,121,76,4,251,1984,334
327,1033,201,474,14,247,1108,174,3611,670,12571,1723,4656,467,1362,5626,1375,1038,461,1997,1109,1770,2466,13,87,5,9,0,35,130,24
0,8,1,0,0,0,0,0,0,0,62,4,1,3,0,68,3,1,0,3,6,5,8,0,0,0,0,0,0,0,0
10088,661,182,2885,36155,856,1461,3081,2025,5354,13217,22760,19391,741,28274,5361,1635,1756,2800,2331,2953,2707,5294,10,80,32,108,57,439,627,355
125,106,31,112,993,32,58,131,2096,691,2112,799,813,141,547,1004,443,266,104,459,303,347,537,6,14,0,7,0,23,28,13
141,28,8,368,16,29,89,134,1010,469,724,711,766,50,400,423,112,80,360,125,99,143,236,1,7,0,8,0,18,23,15
344,35209,7721,189,0,569,887,35,644,684,346347,18472,1521,12435,976,255686,19577,16877,113,7122,31962,22517,43301,1435,5722,33,173,10,100,650,58
116,744,266,40,1,344,316,46,44,838,36982,3764,3153,410,189,9190,1630,1195,28,717,1679,2812,3588,31,187,0,139,35,83,428,42
4745,1209,329,3484,31306,611,870,1468,23418,11193,28546,16576,20222,1515,8287,12013,4848,3292,3357,4610,4671,5406,8334,26,166,56,122,6,397,544,297
492,8659,1981,51,0,1843,1436,96,15,2062,203919,6931,4055,7479,98,87179,6347,4571,34,8872,14503,6909,15111,278,3037,0,339,0,1062,773,15
159,1023,210,42,0,263,89,151,24,192,20796,1836,3878,340,151,5263,696,1333,38,2523,1729,842,1361,63,25,0,8,0,113,271,98
3264,705,219,2862,12695,491,583,1931,3948,4795,11729,15082,11931,552,9952,6569,1601,1570,2793,1732,2444,2226,3647,9,61,0,81,14,239,337,470
138,2451,460,70,0,1872,1461,26,155,636,77729,1527,501,4172,42,23255,795,314,35,2597,6140,1366,3153,212,2647,0,917,0,824,1024,30
8,11,4,4,0,6,3,3,1,7,147,35,23,4,4,105,57,22,4,10,44,19,37,0,1,0,0,0,1,3,7
934,2194,506,262,0,1085,3793,565,62,1259,58827,5001,13940,1403,1986,14437,6301,5433,238,5451,2924,2229,3121,436,41,5,33,15122,134,1075,195
17,394,88,5,0,115,221,4,5,106,9971,317,48,453,2,3439,139,124,3,258,283,291,627,46,329,1,187,0,23,174,1
1711,36275,8559,402,0,10260,28830,331,15609,15618,1087537,39784,6090,49407,491,291108,10986,9913,205,29669,38552,51591,93425,9485,30734,35,14091,564,7929,9675,75
2,18,6,4,0,17,5,9,1,20,354,22,99,11,13,121,28,49,3,16,92,19,30,1,1,0,0,0,0,4,1
54092,7635,2064,10589,236937,3658,11327,19914,109749,65773,138269,213336,182540,6455,256236,50181,17873,15493,10018,16690,21580,32887,56738,144,915,94,907,1445,3758,3778,4210
68,225,61,14,0,116,185,121,9,39,5768,699,1638,148,85,1934,1044,602,12,794,500,313,563,7,7,9,3,0,63,149,17
312,1026,390,111,22,526,175,249,239,1545,28588,3193,6251,535,772,7023,2369,3840,108,9679,3051,3121,3987,125,53,0,7,1,159,447,71
3777,315,91,12147,6183,1135,481,1718,531,15353,12537,20284,14954,1022,36301,5168,1597,1118,11864,5433,2911,2924,4707,21,103,0,106,2425,408,452,629
3552,349,117,3546,9052,407,793,1025,60302,10600,10320,12161,9768,857,14441,5768,1652,1267,3423,1773,1868,3124,4623,23,77,0,81,1,291,296,332
577,8476,2249,1751,5,766,2061,448,1747,906,91239,23215,5763,4290,686,70656,9835,12517,1664,5506,16012,6171,13287,44,865,7,58,0,294,694,48
65,1579,505,14,0,203,466,15,42,385,61391,1190,1021,2326,23,22212,2839,1658,6,1317,3900,1678,3794,33,426,1,73,1503,70,123,11
2308,263,80,3472,11246,326,339,1573,13002,10048,9253,10376,7439,768,15973,4578,1362,924,3365,2589,2351,2352,3812,11,89,0,64,365,227,230,308
0,23,6,0,0,2,2,0,7,0,166,14,2,3,0,148,21,15,0,7,14,7,16,1,1,0,0,0,0,0,0
1,174,56,1,0,10,22,0,2,5,4039,71,16,117,1,1607,152,127,1,62,87,50,154,1,8,0,5,0,3,13,0
24,39,25,23,0,61,34,20,10,46,1833,219,205,76,108,437,897,182,23,93,412,66,129,2,1,0,1,0,3,24,3
2,15,4,4,0,5,5,1,4,6,261,28,17,3,4,144,54,27,4,15,18,12,27,0,3,0,0,1,4,2,1
3837,306,99,4114,8967,457,592,1066,34628,10073,9092,14214,8858,729,13349,5220,1367,1101,3979,1630,1739,2688,4038,17,66,0,79,0,300,315,294
525,656,123,873,27,253,920,202,1809,871,8885,1802,5116,319,2717,3808,952,634,857,1638,874,1605,2336,11,76,0,8,2,53,143,44
6,676,123,2,0,43,52,1,40,26,7810,228,13,212,3,3882,143,389,1,84,304,298,599,115,206,0,56,0,7,53,0
9,231,47,16,0,42,46,7,72,15,2735,228,110,119,30,1146,1630,1010,16,176,424,285,400,16,76,0,1,0,3,25,1
1526,7188,1625,12496,18,4274,17253,1722,3101,6753,75338,28163,36088,3073,21391,49311,28646,13550,10544,20399,17613,25279,37723,299,4612,9,313,10,861,1359,234
26,37,23,21,0,59,25,21,4,48,1706,204,191,78,124,422,619,131,21,93,407,62,126,2,1,1,1,1,3,23,4
1102,1999,454,334,4,1211,2641,703,49,1510,53550,6233,16797,1391,2445,12434,5549,4928,308,5669,2774,1987,2838,404,39,0,37,16158,147,1150,203
55,65,16,31,768,14,55,56,2118,193,960,363,453,77,121,602,223,139,29,282,157,126,234,5,7,0,3,0,10,14,3
1,20,6,7,0,7,24,1,22,2,322,35,17,8,4,177,94,38,6,10,17,15,35,0,7,12,0,0,0,3,0
19,2641,497,105,0,52,32,1,14,43,12585,2022,54,563,353,12492,657,768,97,196,2758,357,1401,238,235,0,31,0,20,53,2
1,0,0,1,0,2,1,1,0,1,25,6,5,2,1,7,5,2,1,4,5,2,3,0,0,0,0,0,0,0,0
3,14,4,2,0,10,6,1,5,5,198,42,11,8,5,111,13,29,2,13,27,26,42,1,1,0,0,0,1,2,1
80,650,161,17,0,125,325,74,27,27,10053,984,1653,223,65,4891,1750,1574,15,1147,731,556,952,14,14,0,3,15,56,181,10
81,74,16,78,13,17,69,32,1,355,1059,491,451,40,327,506,149,110,74,150,163,155,290,2,5,0,5,0,13,17,13
736,642,173,2356,422,1639,522,1505,4455,10501,16679,20652,7715,660,5741,7356,1824,1330,2234,2683,3092,5479,8962,24,126,0,5,310,97,269,206
0,0,0,0,0,0,0,0,0,0,5,1,0,0,0,2,1,0,0,0,1,0,1,0,0,0,0,0,0,0,0
3,17,7,4,0,13,11,3,4,17,393,58,29,25,12,112,79,40,4,29,106,24,47,1,2,0,1,0,1,2,1
59,3829,788,112,0,99,224,8,186,147,37338,4281,278,2333,151,30236,1836,1625,92,1766,7198,1870,4802,138,285,0,43,0,72,141,11
24,543,146,6,0,44,76,5,2,12,9024,393,392,158,8,3357,130,231,4,258,586,260,413,23,16,0,4,18,12,16,1
0,2,1,0,0,1,1,0,1,1,42,5,1,2,1,13,11,4,0,3,7,2,4,0,0,0,0,0,0,0,0
40,779,249,13,0,66,109,9,48,54,13112,718,496,409,38,7583,928,997,7,556,1390,430,989,49,57,5,9,76,8,38,15
0,2,1,0,0,2,2,0,2,1,65,18,1,3,2,36,23,13,0,3,17,4,6,0,0,0,0,0,0,1,0
12,491,138,7,0,70,161,11,10,165,13660,567,376,249,33,5409,1355,236,3,274,1214,923,1419,8,67,1,162,2,24,54,7
1228,648,243,1074,447,1462,3255,1731,8477,1358,23691,6724,5947,925,4720,9244,3791,2091,1035,1285,3234,1916,4005,34,335,12,157,0,182,527,87
1114,8839,2042,11176,14,3623,15450,1602,4784,4869,86316,23786,31476,4148,11405,57687,34288,19979,9566,19564,21052,29117,42468,430,4706,302,199,68,709,1149,242
36,1266,270,6,0,180,177,6,5,72,28071,2023,255,859,15,11432,769,664,4,940,973,1537,2517,51,139,55,107,1,37,69,3
17,4,4,22,0,5,3,10,1,68,249,39,60,25,64,82,78,23,22,15,59,24,47,1,0,0,0,0,1,1,3
1,190,53,6,0,3,6,0,2,2,1253,120,7,63,15,1209,64,106,6,34,204,87,197,15,24,0,1,0,1,3,0
21,1918,356,10,0,128,119,3,4,31,26319,1830,125,704,18,13703,815,745,8,425,1137,1684,2968,19,221,0,112,0,25,61,2
3408,248,74,7931,3552,615,2126,2338,4059,15596,11287,17900,14770,848,18616,5065,1613,1152,7768,2359,2620,2585,4082,11,93,298,168,1322,416,423,1022
14,1395,333,137,0,76,253,12,183,63,9613,1539,169,689,176,9645,851,938,105,611,2094,454,1491,14,111,2,7,0,17,69,1
1729,725,212,2219,6397,590,1078,1198,89962,11648,14862,12205,9131,1844,4981,9622,2678,1880,2191,2071,2525,1930,3773,75,43,15,38,6,291,521,122
30,2295,776,21,0,111,224,9,102,158,62390,1457,307,1674,39,27905,3640,2448,12,805,3966,1425,4391,61,397,0,56,2,36,108,5
143,7144,1464,1300,19,688,1142,486,2401,1943,29215,18179,3933,1016,1222,33395,4761,8044,1171,4755,6961,6828,11649,166,342,76,63,0,147,278,30
7,15,4,4,0,6,2,3,2,6,160,35,20,5,3,114,71,29,4,10,42,19,37,0,1,0,0,0,1,3,5
23,362,88,69,0,400,316,21,1,139,13377,909,918,142,335,4681,784,99,28,545,1217,551,987,6,131,0,231,12,97,236,7
747,1952,651,1605,8,1655,522,2156,2204,8311,38551,10673,11601,3306,6552,17293,2610,3927,1294,2487,34563,7075,10081,29,200,195,265,4,562,174,666
123,104,31,113,985,32,56,127,1921,686,2074,803,824,137,549,981,428,256,105,440,302,340,525,6,14,0,7,0,22,28,14
153,86,27,172,12,92,453,94,16698,1290,2900,1479,1007,419,924,1438,724,304,167,531,672,385,746,6,24,0,22,0,39,100,12
315,94,29,184,947,45,14,336,1188,718,1788,1267,1580,92,895,723,222,218,176,216,314,283,515,2,10,0,10,0,30,41,22
195,798,173,67,1,370,441,47,51,1336,30409,4860,2758,266,666,7307,1368,681,50,660,1683,2599,3430,25,227,1,139,7,83,472,52
3471,830,258,2500,14430,521,708,2027,4796,4616,13358,15005,11387,651,8669,7282,1789,1729,2434,1984,2672,2353,3814,11,69,0,88,5,266,372,411
0,36,7,0,0,0,0,0,3,0,169,20,0,8,1,230,9,16,0,8,39,12,27,0,1,0,0,0,0,0,1
97,2678,586,52,0,1265,1259,19,282,807,83208,1441,342,3970,14,20793,503,504,27,2151,3853,2785,4737,361,2551,0,1099,0,626,874,27
92,830,227,73,0,161,149,18,90,136,11246,998,551,439,107,8498,689,549,63,559,1480,558,1375,3,60,0,3,0,24,62,6
20737,3326,789,23711,26576,2742,6601,12842,77675,54621,61483,72510,100718,5534,72648,29733,10072,8078,22955,9866,13030,17822,27995,133,544,951,793,228,3200,2262,2282
278,264,59,491,20,189,390,133,22,381,3185,1818,2439,222,2300,1625,505,688,490,587,477,549,929,6,167,0,2,55,34,38,17
3481,258,77,7899,3352,622,1810,2377,4195,15786,11649,17842,15117,868,18311,5201,1663,1187,7737,2408,2675,2643,4173,11,95,12,172,301,424,429,1026
242,36797,7374,3895,0,1055,585,54,535,1063,148281,19110,1432,11738,1366,184080,11611,11044,3758,4335,19529,10661,27619,1606,3787,28,355,9,223,650,18
184,275,47,45,1,560,211,68,68,475,10341,4774,1767,271,1189,2535,248,323,18,625,848,885,1155,7,98,0,7,458,60,257,214
226,977,384,1011,5,525,607,656,699,1980,11959,6584,4847,667,947,10143,2582,3008,933,1921,2808,2525,4656,41,302,0,21,0,79,179,24
790,6681,2366,817,0,988,516,769,56,926,259239,21788,5622,3051,9082,56627,19923,21461,639,29391,22235,61156,67659,79,148,0,43,1520,180,1492,1373
45,4382,913,70,0,132,133,5,138,177,44523,4015,163,1708,64,22399,1575,802,54,732,2864,856,2959,135,396,0,63,1,56,119,4
6299,625,163,10350,20136,703,1047,2589,4904,5941,12153,12995,21315,533,23474,5356,1514,1517,10117,1745,3021,2790,4510,8,56,2,93,2009,377,473,555
2,43,10,12,0,25,111,5,81,14,416,102,58,26,11,271,138,102,11,76,67,60,94,1,10,0,0,0,1,4,0
0,15,5,0,0,2,2,0,16,0,173,14,2,3,1,127,20,11,0,9,12,7,16,2,1,2,0,0,0,0,0
150,162,41,241,33,76,435,101,5918,1233,3192,1488,1051,234,910,1128,656,296,235,545,769,287,638,5,22,42,19,0,30,83,10
4519,875,190,8412,31308,781,702,1469,37324,18743,17504,19537,25611,1148,22840,7094,2418,1687,8153,3299,2935,2007,4361,30,127,23,124,0,525,573,711
3003,1267,448,1111,20962,628,831,3119,34326,7435,24650,18141,16525,2075,20679,12532,4679,4395,1042,6093,4056,3840,6708,66,169,4,131,1714,407,560,436
6,361,160,1,0,23,44,2,3,38,12751,168,155,207,7,4960,998,330,0,173,605,296,550,12,25,1,6,0,8,13,1
3159,465,136,3904,8155,573,368,1811,251,4559,8441,16968,12576,353,11692,4626,923,1245,3829,1416,2215,1686,2789,6,44,0,56,0,206,298,318
3462,598,146,3421,11259,447,367,1385,71125,9363,12232,13031,13875,971,13324,7374,1961,1359,3316,1855,2041,3463,5132,22,94,0,80,0,306,326,356
62,4432,898,36,0,144,166,13,34,71,61730,1155,207,2122,364,34557,2407,1809,16,840,6037,3621,6542,49,496,0,222,0,50,139,3
211,132,36,234,0,110,695,197,12596,3067,3946,2188,1521,665,1930,1917,1065,476,227,852,1194,365,831,6,30,0,27,4,48,119,28
11,605,128,4,0,36,33,1,10,29,7698,714,43,673,5,4879,524,129,1,372,742,771,1245,14,138,1,27,0,15,15,1
11,167,37,9,0,43,28,3,11,13,3607,246,174,136,22,938,607,509,8,194,443,342,458,4,51,3,1,0,2,37,1
2383,522,140,1177,17852,318,98,1309,1895,3852,8775,7843,10498,609,11801,3634,1131,1386,1140,1213,1722,1592,2882,9,47,0,52,440,191,227,123
2,2,2,3,0,5,4,2,1,9,89,22,19,10,13,27,14,7,3,9,23,8,14,0,0,0,0,0,0,1,1
5,22,12,1,0,37,22,7,4,8,753,56,95,113,4,495,243,86,0,621,45,118,147,5,4,0,3,0,7,28,2
2,9,5,2,0,7,7,1,3,4,241,24,21,23,3,99,29,17,2,21,34,23,29,1,1,0,0,0,0,1,0
50,384,73,33,1,182,181,25,99,100,3747,450,557,183,128,2540,294,286,29,559,528,374,712,8,43,0,1,0,8,22,13
15,1225,288,11,0,51,49,5,13,33,8991,1369,112,557,39,8711,437,528,6,221,1964,383,1054,189,102,0,7,0,13,39,2
82,32,8,170,46,47,181,40,74,505,858,691,610,91,588,423,228,108,168,204,254,119,209,2,6,0,8,0,19,38,11
1111,5464,1847,874,0,1070,535,1017,95,1039,219382,25864,13363,2593,12788,46171,14715,16806,718,27409,19409,50816,56588,53,125,62,48,39,183,1447,1605
91,49,11,109,324,16,45,39,1,346,793,568,655,28,476,355,107,79,105,114,134,118,225,1,4,0,4,0,11,14,11
2909,580,149,8122,9591,468,487,2790,1103,10514,24756,15741,13410,1083,20549,7254,1918,1343,7901,2294,4830,3450,5086,26,106,395,116,1,342,364,203
37,865,156,20,0,133,467,20,156,51,5127,421,357,341,90,4587,356,1024,18,720,1058,722,1323,16,68,51,2,0,8,19,3
1,136,34,2,0,3,2,0,1,1,678,92,4,37,5,617,23,31,1,11,102,16,59,12,8,0,1,0,1,2,0
34,1943,345,17,0,75,51,2,31,69,19318,2487,114,612,91,10912,642,462,9,362,1924,364,1420,232,273,7,29,0,12,74,2
693,668,179,2129,430,1589,503,1485,5492,10506,17110,19784,7491,665,5393,7519,1864,1347,2012,2706,3136,5579,9081,24,126,7,5,1,94,261,197
422,141,46,449,2821,126,176,449,8320,2568,4700,2221,2340,315,3756,1912,702,451,427,1293,833,746,1228,13,34,0,19,3,62,77,43
0,19,7,3,0,6,38,1,13,1,315,17,9,8,1,202,50,31,3,18,19,24,40,2,9,0,0,0,0,1,0
6761,823,225,9611,28387,807,1113,2476,6357,5217,13760,12945,24339,608,18806,6227,1870,1816,9403,1999,3342,2986,4948,10,65,1,97,200,434,557,470
95,1831,726,6,0,332,538,32,34,342,85801,3744,382,2165,37,14179,2640,1020,2,1411,3812,2699,4294,43,302,0,148,3,165,180,6
1290,475,188,1241,458,1274,2570,1631,14088,1428,19171,6604,5097,738,5786,7277,3172,1547,1204,1057,2742,1612,3459,22,256,5422,142,238,167,490,95
17,590,159,5,0,40,62,4,2,10,9513,357,335,160,7,3528,119,238,4,249,578,274,428,19,16,0,4,0,11,15,1
30,1319,279,5,0,173,178,5,6,66,27640,1797,217,843,15,11246,768,664,3,862,1000,1582,2613,44,130,2,115,0,34,73,3
4109,6321,2343,17604,12017,24762,3199,8914,73,47619,196567,66529,96710,8242,40571,62782,20540,9365,14492,8170,57890,26508,41382,204,253,1002,150,82,434,1427,4153
69,1198,220,316,1,251,3264,67,822,99,7381,2064,839,488,395,4633,1554,2996,315,1385,1154,1160,1927,6,886,14,4,0,10,44,6
2156,771,185,6147,5373,441,494,2449,2392,12475,32217,14160,12975,1402,20318,9844,2549,1771,5962,2792,5647,4139,6638,42,144,0,139,174,372,438,247
3,83,21,7,0,11,31,2,31,2,706,136,26,13,4,640,245,92,5,27,49,36,90,1,6,0,0,0,0,4,0
41,696,130,18,0,143,336,27,168,60,4628,374,364,338,86,3914,350,848,16,713,967,639,1166,14,65,0,2,0,8,19,3
1,6,3,2,0,4,3,1,1,1,109,11,5,3,3,59,39,21,2,5,21,6,13,0,0,0,1,0,0,0,0
2,99,29,1,0,3,2,0,1,2,688,84,6,36,3,573,21,23,1,15,91,15,55,9,7,0,1,0,1,2,0
1,1,1,1,0,1,1,1,0,3,33,10,7,2,3,10,6,2,1,3,10,2,4,0,0,0,0,0,0,0,0
249,23256,4691,332,0,563,466,21,1409,561,123921,11289,893,3803,670,102950,10284,11000,192,4916,30258,9223,21750,776,454,7,128,2,120,273,17
3,13,4,7,0,24,5,13,0,28,365,25,126,13,21,116,29,48,5,19,99,20,31,1,1,0,0,0,0,5,1
643,211,112,237,736,241,274,591,534,1281,7210,4874,2751,154,2537,2557,2011,356,235,1285,4152,335,762,11,41,2182,17,0,86,457,88
0,16,5,2,0,6,6,1,5,1,263,47,11,5,1,188,75,50,2,10,19,18,37,1,4,0,0,0,0,2,0
787,76,26,2474,617,148,310,755,2869,4618,3527,4662,3257,315,5709,1786,494,334,2390,712,785,842,1318,6,31,0,46,31,107,117,93
3746,4736,1315,2251,13470,4488,766,1947,16645,25482,119276,32690,26259,2291,13729,43258,17904,10321,1996,8254,41626,18505,25212,181,399,138366,17,114,1492,378,409
102,68,18,157,28,74,40,65,5551,866,2119,1025,870,254,968,972,421,191,152,375,548,295,570,5,17,0,18,0,30,73,12
1104,140,48,1527,5009,340,697,941,9151,8507,6402,6311,5685,580,8153,2442,935,605,1489,3001,1467,1013,2028,12,57,0,45,4169,157,175,119
1666,313,85,3520,9746,338,66,1369,12833,7981,8046,7011,8144,618,9379,3699,1072,762,3423,1575,1931,1574,2532,8,57,0,69,12921,233,244,176
2284,287,72,8135,4952,304,311,648,561,4836,6183,10973,8111,324,6714,3022,806,672,7946,923,1398,1224,2000,6,40,0,69,0,180,227,140
25,693,152,5,0,322,370,7,96,215,18422,432,99,858,5,5537,256,105,2,681,484,383,985,68,454,6,227,0,71,281,4
5,41,19,1,0,38,27,6,4,9,1121,70,81,131,6,831,345,133,0,737,66,177,221,8,6,0,4,0,7,35,2
931,6457,1587,315,40,1887,2006,412,357,813,133353,9680,22895,4765,1326,38266,6269,7949,288,30973,11937,5400,8467,3296,203,737,57,351,1315,3022,476
146,25,7,379,29,28,83,128,940,462,661,701,747,46,408,385,100,72,372,118,93,133,220,1,6,0,7,0,17,22,15
15,51,17,80,119,64,163,26,302,105,1868,252,369,221,143,604,486,146,72,145,91,170,273,2,23,0,4,0,4,25,3
168,3491,1031,98,0,892,798,26,78,1634,30460,5589,640,4060,23,32096,10088,4580,93,5207,7083,7124,10846,234,130,4,17,0,211,203,8
34,1419,293,3,1,96,182,32,4,255,32330,632,677,285,18,7416,1045,681,1,698,1317,1561,1972,17,53,0,32,621,29,163,9
2,7,5,3,0,12,9,3,27,12,308,38,12,23,10,102,96,45,3,22,55,19,32,1,2,0,0,0,1,1,0
8,253,49,16,0,40,35,9,87,15,2712,240,113,118,32,1197,1700,1048,15,172,428,255,370,16,71,0,0,0,3,23,1
364,2294,517,258,18,1124,1160,175,85,1491,38107,4068,2460,5785,1516,12573,6495,4264,240,3297,11519,5832,6746,186,749,235,117,53,98,435,35
17,657,218,2,0,68,148,7,4,223,15090,401,257,408,10,7083,913,419,1,224,1172,729,1250,5,242,6,4,1,29,67,5
191,1124,419,87,2,539,201,244,363,1605,32373,3281,4557,617,548,7486,2166,4548,83,11532,3042,3041,3920,118,57,5,7,154,163,450,59
74,2148,816,10,0,234,314,17,65,258,82849,2282,312,1559,27,17868,2640,1434,5,1190,3281,2478,3952,59,157,7,150,23,88,152,7
3351,418,132,3335,6111,438,1006,962,59143,9603,11420,11661,10905,978,12715,6265,1796,1361,3243,1986,1987,3348,4932,29,87,0,83,0,310,321,316
149,559,162,243,3,219,2663,361,235,509,7463,1052,2442,180,1791,3670,496,1286,224,1007,1939,1644,3549,48,221,11,4,0,49,39,26
3200,1281,409,3115,468,2084,2917,4327,93,5887,53413,33713,23386,1120,11313,13811,2437,4150,3068,6603,7400,3247,6182,178,98,70,51,5104,502,470,4332
9709,1289,398,14544,83868,3007,1355,5920,22142,43780,47130,58724,43797,2996,38475,19173,6057,4581,14048,20831,11408,8863,15070,70,335,0,251,35,1110,1308,1393
720,52,18,3931,527,146,186,709,718,3940,2842,4975,2784,229,6959,1305,358,247,3813,552,692,610,974,3,23,0,37,10410,93,104,74
159,1591,383,557,94,1098,514,519,1825,6531,27398,12124,4986,764,1853,12927,3229,2004,483,2870,4595,7760,11411,34,124,0,4,5,73,213,332
169,16898,3199,130,0,813,584,14,135,584,164834,11984,693,6704,320,117099,7847,4170,107,3965,10717,8559,17678,182,4469,2,372,0,215,570,11
44,568,112,12,0,61,189,26,73,55,10175,633,817,124,75,4198,521,743,10,342,846,423,662,44,11,0,3,4,31,84,130
0,2,1,0,0,1,0,0,0,0,42,10,3,3,1,20,16,3,0,6,7,2,4,0,0,0,0,0,0,0,0
298,3790,817,162,0,919,732,106,47,914,45150,4629,1235,4329,1027,17984,12963,5325,148,3227,13559,4282,5242,124,374,329,49,1,62,352,24
27,37,24,22,0,60,25,21,5,49,1742,210,198,79,121,427,673,140,21,94,411,63,126,2,1,21,1,0,3,23,4
5773,1081,292,11493,27890,891,1673,3125,5969,5795,17542,14117,29780,800,13232,8044,2416,2373,11236,2364,4098,2876,5517,14,86,5,120,264,498,657,397
45,606,190,153,1,168,397,61,543,144,7260,1039,795,340,217,3866,1642,3100,152,691,1236,1465,2033,10,358,3,4,0,21,23,6
3,14,4,9,0,8,18,1,24,4,250,32,33,7,7,124,76,20,8,13,13,12,28,0,4,0,0,0,0,4,0
4533,585,163,3764,22127,544,873,1215,17412,5270,9792,18731,12829,727,23024,4505,1463,1339,3611,2548,1704,2351,3911,16,74,0,81,0,363,402,310
219,913,176,140,2,803,2038,89,27,1367,29429,7711,2686,272,1319,7638,1019,713,114,1276,2495,2209,3091,25,293,0,171,1519,165,659,63
18,1414,282,5,0,204,165,2,76,190,22068,586,40,1034,16,8404,249,272,2,300,810,975,2131,133,322,0,245,0,96,68,1
153,93,27,191,9,90,460,83,10755,1155,2747,1425,1001,385,1309,1395,705,292,187,552,612,357,694,6,22,0,21,0,38,96,11
830,4470,793,1869,556,1397,30684,694,1869,1191,47195,6626,11283,2316,2427,29080,5353,4525,1799,7697,9563,2731,6985,75,83,913,16,2208,114,315,38
58,498,94,11,0,133,207,64,111,488,16630,1504,1403,443,83,3293,674,620,6,279,375,2352,2703,50,153,1,157,12,39,116,58
146,83,25,173,32,94,354,87,16946,1202,2837,1440,977,412,993,1390,679,290,168,532,682,392,754,6,24,0,23,0,39,99,13
1,22,5,3,0,5,7,1,6,3,234,32,12,4,2,156,58,35,2,13,21,10,24,1,3,0,0,0,1,2,0
33,1391,292,3,1,87,186,27,3,243,33079,615,712,258,17,7121,973,672,1,630,1337,1526,1903,17,52,1,29,10,29,162,9
188,27989,5874,434,0,442,324,17,668,387,122974,13125,615,3857,1183,121607,9401,13757,273,2459,34511,8063,22158,693,409,6,59,0,109,239,14
17,97,23,23,0,46,22,15,11,25,3066,320,297,142,67,668,355,311,20,153,450,265,376,1,68,0,1,0,2,66,3
6,7,5,11,90,14,2,6,2,30,311,71,74,24,61,76,28,16,11,30,90,26,49,0,1,0,1,0,1,2,6
101,683,131,21,1,405,412,56,136,930,18880,1815,1572,694,335,3413,265,597,18,792,3118,1849,2221,76,444,12,134,3,117,159,34
0,1,1,0,0,1,1,0,0,1,40,5,2,2,1,12,10,4,0,3,8,2,4,0,0,0,0,0,0,0,0
2687,41153,7487,8411,287,7245,65597,2209,15316,6029,347193,74791,44173,12929,8446,224727,53744,33482,7806,49398,63704,34788,68919,827,9126,78,72,4,216,1736,255
794,1411,451,439,9,1136,484,1541,50,884,54722,7701,17421,1388,2598,10917,1787,3640,408,13120,4481,2456,4033,179,76,0,34,76,469,1078,478
839,17827,3998,1029,45,6235,1328,271,7049,20233,228957,21492,8216,7878,1774,101684,26317,18835,106,24911,34806,21346,28557,1038,928,162,84,4,925,611,711
290,4206,731,523,55,567,12068,428,1861,677,43284,4287,5018,2027,1325,24932,6686,6730,503,6297,4639,3621,6403,73,163,9,10,10,85,171,18
35,3845,896,9,0,63,71,3,41,54,30832,978,139,1447,80,21138,2214,2642,2,567,2986,1923,3336,207,468,1,40,0,30,44,3
32,4417,995,10,0,58,79,4,44,55,32310,1049,128,1472,123,22000,2306,3369,2,495,3299,1868,3241,155,519,18,39,0,31,44,3
1139,635,184,1539,5221,464,977,509,95833,7161,11596,8980,7645,1425,4005,7864,1842,1394,1516,2319,2162,1743,3321,63,38,0,28,2,240,376,95
44,2845,901,12,0,167,163,10,55,140,74624,1889,220,1066,28,22346,2122,1891,4,846,2805,2579,4351,56,93,0,129,0,44,128,10
16,1186,285,12,0,57,57,5,16,35,9347,1456,108,593,37,8746,454,529,7,252,1995,398,1089,198,103,0,7,0,15,41,2
0,14,2,0,0,0,0,0,1,0,82,6,1,4,0,95,4,3,0,3,8,7,11,0,0,0,0,0,0,0,0
14,791,179,8,0,188,188,4,105,89,16856,408,60,539,4,6102,371,225,2,312,446,497,1088,56,306,0,188,2,35,166,3
1380,389,156,1421,1277,1230,2136,1246,13637,1600,17085,6955,4812,637,6982,6302,2791,1262,1383,967,2475,1461,3172,17,224,14,139,14,178,512,104
120,859,140,262,1,155,801,148,378,241,7263,1246,1197,299,292,4220,1634,1034,258,1116,693,493,1159,7,121,0,4,0,13,64,3
59,58,14,32,796,15,47,60,2084,202,859,361,514,68,125,534,197,126,30,255,146,113,210,4,6,0,3,0,10,13,3
6,19,13,12,1,32,3,8,19,41,869,113,69,51,68,225,127,70,12,67,172,49,92,1,4,0,1,0,2,4,3
2132,7429,1476,1099,15,1486,2400,1448,14,4212,118314,27921,40852,3212,2993,56008,13809,11530,975,8465,18761,5089,9154,113,166,914,66,3012,738,592,1790
1,7,3,2,0,4,3,1,1,1,119,12,5,4,3,65,41,25,2,5,22,7,13,0,1,0,0,0,0,0,0
3,100,28,8,0,10,33,2,25,2,905,164,20,15,5,825,312,123,5,31,63,47,113,1,8,0,0,0,0,5,0
205,2009,595,402,0,592,849,73,436,659,21895,6204,1095,2106,272,19363,1965,2099,386,2376,3322,3887,6062,15,412,4,48,0,54,389,8
996,239,67,380,6798,167,393,723,9744,2134,5635,4421,5478,425,7976,2369,671,683,359,1256,974,1082,1743,9,36,41,34,0,96,131,141
4276,1494,309,5576,15079,468,2725,3414,132670,14672,22435,20360,19998,1927,25128,10390,3282,2478,5379,2861,4664,7711,12085,37,175,4,174,472,541,617,999
387,4343,1096,118,0,571,499,695,328,477,86306,5634,11344,1483,568,20663,4468,7045,98,11131,6739,3592,5703,465,103,12,33,112,363,808,259
79,3575,771,32,0,179,215,14,60,119,60527,981,290,2524,83,36025,2516,1304,14,1215,5222,4924,7799,51,592,0,237,0,64,172,3
132,2453,440,77,0,1571,1167,28,115,472,70680,1374,680,3215,52,23041,811,303,39,2774,6789,1042,2879,175,1976,0,934,0,648,715,27
149,90,27,172,4,87,466,86,12414,1211,2768,1421,1005,390,867,1390,705,293,168,535,624,360,701,6,23,0,21,0,37,95,11
2,40,10,4,0,18,10,7,1,13,452,32,91,17,11,182,44,75,3,20,109,28,42,2,1,0,0,0,0,4,0
848,10043,2195,261,0,1251,2531,342,718,883,143509,10296,18946,4783,1096,51230,9646,9747,215,25356,14236,5947,9822,3377,220,324,73,29,1024,2114,432
49,5369,1200,334,0,82,176,7,73,103,31817,5500,221,2358,812,32532,1689,2619,299,965,6900,2112,5429,197,508,0,53,1,39,137,5
101,3325,676,59,0,275,634,70,201,43,33155,5383,286,1634,252,22288,1695,2018,45,1094,3507,1493,3391,18,411,3,10,0,12,85,5
3,17,5,2,0,11,5,1,6,4,214,71,9,8,5,152,22,38,2,15,28,30,46,1,1,0,0,0,0,2,0
48484,10918,3025,7025,204672,3399,12648,18644,75930,50844,153963,192033,203212,7499,203706,73971,22565,18731,6467,19053,23953,38674,67489,236,1145,94,947,14635,3779,4069,2807
106,5515,1389,107,0,592,503,20,175,948,31630,8859,365,4548,73,43589,8892,5497,98,4133,7291,6597,10126,275,298,600,22,0,92,137,9
1105,11205,2004,576,6,881,2047,612,91,1801,127567,11384,20796,2551,1753,58358,14410,12217,456,5990,21201,5841,10604,135,171,186,54,173,469,464,744
121,132,36,199,1,95,473,52,5866,861,3201,1479,913,388,566,1824,932,386,195,567,610,385,729,7,26,0,18,0,41,103,8
17,1282,243,92,0,43,814,7,579,30,8172,1294,281,302,77,5690,2963,1307,84,567,1531,1011,1583,222,162,0,3,6,6,38,6
2440,496,134,1356,14173,350,102,1371,1274,4000,8594,8160,10527,602,13048,3597,1062,1399,1315,1249,1816,1600,2881,9,47,0,54,347,199,239,133
192,10649,2403,108,0,1191,981,22,154,988,163720,8154,1168,7845,55,101511,5300,5127,72,6648,10688,8291,16853,197,3718,12,508,14,405,693,14
3025,853,205,4244,8798,949,892,2200,13176,13578,21149,14724,20048,1646,18053,10314,3228,2064,4130,9036,3567,5002,7981,58,177,0,119,0,458,518,271
18,764,184,8,0,244,231,5,95,122,18773,491,77,624,4,6456,358,191,2,446,489,566,1225,65,333,2,260,0,53,218,3
4332,464,121,8540,13391,1291,605,1932,6630,17969,15872,21464,19258,1220,29837,6751,2053,1449,8374,8265,3369,3462,5569,30,126,8,120,600,491,545,616
292,5209,1283,114,0,526,459,638,264,445,97931,5786,8756,1516,527,23816,5328,8201,92,11051,7528,4045,6398,526,111,0,40,13,351,782,259
688,304,144,238,2285,349,517,752,3361,1465,11125,6184,3689,214,3303,3770,3103,527,234,1728,5528,472,1029,15,68,19,25,0,129,618,87
17,2032,475,3,0,79,46,2,8,53,23939,535,72,701,30,14012,1113,909,1,373,1852,1139,2199,66,266,0,21,0,18,37,1
6648,929,262,4536,41550,689,1308,1588,6384,6249,16924,19832,15934,1066,15252,6748,2090,1978,4350,3617,2053,2371,4854,32,106,16,100,3,456,514,242
62,3081,616,50,0,813,901,17,370,537,76747,1236,264,2820,13,19224,360,479,26,1372,2304,2742,4718,348,2899,0,913,0,391,761,24
64,1231,209,309,0,179,803,112,627,246,9661,1452,579,423,180,5947,2377,1857,303,1488,1141,733,1637,14,319,0,6,0,11,59,2
58,3195,627,53,0,739,789,17,337,469,76881,1184,254,2622,14,19073,348,482,28,1254,2141,2620,4605,346,3077,3,806,7,379,778,24
9,240,47,15,0,42,40,7,69,15,2665,232,112,122,30,1153,1646,1027,14,178,417,273,387,15,75,0,0,0,3,24,1
95,8098,1770,187,0,81,127,7,61,93,39559,5618,329,2058,418,53752,3025,3583,100,776,10040,1713,6027,171,497,0,16,3,14,102,5
1380,177,47,763,4362,188,281,592,4824,1962,4105,4412,5202,285,7000,1698,444,527,737,1044,781,839,1386,6,26,0,28,4,87,119,117
171,2380,684,511,0,576,780,55,474,634,22596,4139,802,1852,252,20958,2376,2713,491,2352,4068,4087,6343,29,577,21,48,0,54,356,6
2,28,10,5,0,14,12,1,12,13,533,64,18,25,12,153,121,60,4,32,105,30,55,1,2,0,1,0,1,2,1
26788,111481,36703,27043,930,130813,36192,14353,6758,127471,2592143,408263,230108,213924,52455,1660499,81040,105289,25379,244790,1357793,165875,306420,38868,10016,5615,9070,23,20913,14665,17930
2,145,38,1,0,14,30,1,3,7,3465,65,54,128,1,1406,131,112,1,72,73,48,146,1,9,0,6,0,4,14,0
1,12,5,1,0,3,3,0,16,0,194,13,3,3,1,122,20,10,0,11,11,9,19,1,1,0,0,0,1,0,0
2,102,29,1,0,3,3,0,1,2,677,85,6,37,3,578,21,24,1,14,91,15,55,9,7,0,1,0,1,2,0
144,3314,988,590,0,427,797,54,451,521,25449,3980,857,2088,300,25411,2895,3783,563,2399,5264,4503,7080,53,534,508,42,0,44,470,5
95,38,10,146,244,19,82,54,0,421,778,659,707,31,650,334,101,77,139,115,143,114,217,1,3,0,4,0,12,15,11
5856,512,144,8124,20425,757,897,2355,1488,6033,11214,10386,21929,493,23469,4872,1249,1535,7958,1737,2942,2662,4284,8,57,0,95,0,398,490,634
0,10,1,0,0,0,0,0,1,0,67,5,1,3,0,75,3,2,0,3,6,6,9,0,0,0,0,0,0,0,0
2129,1337,398,3877,4136,2809,1124,3086,440,2823,54688,17309,37597,1343,23833,8914,1197,2752,3777,7085,6522,3246,4928,115,73,0,70,3086,1028,1956,3459
656,10525,2944,307,0,7451,7634,112,5047,6323,451071,8586,2019,16914,95,109370,3295,1530,130,11077,24524,16866,25550,1590,12693,0,4823,1,3850,4579,111
30,2544,550,75,0,31,42,1,27,26,14307,2362,118,661,377,17626,1358,1101,44,275,4344,931,2550,195,803,0,14,1,9,73,2
28,2295,529,47,0,47,170,11,38,23,10737,1519,257,509,360,12855,2281,2413,39,572,1774,673,1822,46,58,0,15,1734,8,48,3
0,12,3,0,0,0,1,0,3,0,93,9,1,7,0,139,5,7,0,9,22,8,15,0,1,0,0,0,0,0,1
127,835,139,265,1,154,839,160,386,244,7234,1275,1278,297,320,4196,1632,1003,261,1054,686,478,1132,7,119,1,4,0,13,58,3
1805,2113,510,2379,3337,1956,602,3243,3331,1879,62601,12288,31618,1628,20712,11367,1634,3461,2282,6789,7423,3766,5736,201,80,0,69,12666,825,1489,1896
445,1844,391,73,0,454,904,95,64,84,29914,3413,759,2308,520,15061,2330,830,55,2514,1924,1173,2771,15,148,0,6,34,40,184,35
1348,9350,2085,1625,937,7078,1764,438,3157,25436,145716,19000,17132,5915,4303,56419,13787,10622,265,14844,27444,16712,23934,488,521,799,113,0,1274,558,1088
346,3124,553,963,23,651,9063,342,1299,714,34905,3443,5025,2016,2104,19028,4888,4685,918,5568,3775,2756,5092,41,204,23,8,20,92,150,25
4537,843,185,8805,30748,748,690,1518,30875,18770,17190,19683,25159,1112,24435,6910,2355,1625,8534,3209,2870,1964,4276,29,123,87,124,1,517,565,713
1266,10783,2462,1514,906,6903,1678,384,5900,24676,165575,19832,13953,6220,3195,63881,15690,10939,201,17618,29728,15807,22524,566,601,128,101,29,1201,557,948
62,513,77,16,0,122,94,33,18,68,6074,608,1636,195,160,2359,304,573,14,1602,577,443,679,49,12,0,4,8,52,126,49
96,4449,926,67,0,255,652,54,352,44,40510,7252,194,1778,272,27991,2037,2767,54,1100,4684,2076,4438,30,575,9,19,0,12,98,4
45,2177,413,119,0,47,61,1,47,45,18708,2106,150,796,216,16759,1409,813,82,475,4018,1122,3072,189,798,0,18,0,16,97,2
97,2556,602,112,0,169,313,10,1310,496,44396,4405,358,1505,24,24252,3594,1937,90,2965,5088,3275,5397,96,101,12,36,0,43,173,31
241,1479,410,97,0,144,310,53,13,82,43031,2385,1258,303,119,8363,1727,2521,70,1789,3098,1941,2486,140,59,0,22,31830,76,149,12
135,37,13,133,7,58,211,52,8633,1067,1465,1024,588,234,745,914,625,256,131,441,346,195,357,4,11,0,14,2,26,58,9
454,75687,9534,1253,0,6269,1064,76,188,4464,292714,84580,985,33223,2021,349905,7356,30692,976,10722,38590,24609,46227,432,692,358,1540,0,467,1831,332
263,898,325,173,34,584,173,303,120,1806,23788,3021,8879,463,1540,5366,1751,2970,169,8466,2764,2878,3760,76,43,0,7,0,170,432,95
2294,291,73,8098,5088,309,336,652,783,4975,6174,11091,8219,330,6830,3034,811,683,7911,939,1395,1228,2011,6,40,0,71,0,181,228,145
49,46,13,150,328,69,24,93,248,319,1206,700,714,37,349,429,96,128,140,103,310,134,284,1,5,0,2,0,4,12,9
49,752,139,16,0,106,118,44,61,61,8700,684,677,310,74,3770,593,942,13,2003,811,543,837,142,18,0,4,0,62,131,34
0,22,5,0,0,1,0,0,1,1,196,19,1,5,0,168,3,5,0,3,17,7,15,0,0,0,0,0,0,0,0
63,411,108,38,0,126,480,9,2,26,7269,1176,836,170,22,2963,129,238,36,297,804,279,499,21,15,0,7,5,27,24,2
3,51,14,5,0,25,123,4,125,7,725,80,25,11,4,497,122,98,4,56,43,53,104,1,16,0,1,0,1,9,0
169,1295,471,70,0,644,286,299,487,1754,37703,4036,2770,984,384,8663,2176,5381,66,16051,3184,2922,3812,115,71,161,8,5,191,545,53
17,21,18,27,145,120,31,60,34,45,2156,489,116,142,250,588,408,98,27,155,335,130,188,4,12,0,3,0,19,20,10
200,1076,404,102,5,525,186,237,301,1524,30307,3198,5425,567,654,7285,2219,4254,99,10522,3016,3162,4051,138,60,19,7,1,166,462,65
560,1823,312,779,72,890,3572,365,786,952,27673,3775,5878,1252,3091,13588,3503,1863,724,5365,2192,2251,4153,26,263,0,7,230,87,144,98
453,834,229,164,1,254,358,210,21,125,32300,1854,3793,300,347,6010,1345,2205,133,2072,2408,1457,1965,84,39,27,31,20,93,233,42
39,1109,265,8,0,209,174,11,1,116,28461,2768,524,933,17,10578,833,681,5,1021,1022,1607,2625,42,212,0,108,0,54,75,3
0,25,6,0,0,1,0,0,1,1,168,23,0,5,0,204,4,7,0,2,20,7,17,0,0,0,0,0,0,0,0
8,910,171,2,0,24,17,1,1,17,6799,558,31,466,5,5867,302,205,0,179,548,648,1151,27,163,7,21,0,6,12,1
450,1720,408,185,29,799,538,421,1672,2586,36646,6987,2426,1287,925,16058,3402,3460,175,6083,6799,2936,6227,73,182,1,12,0,206,246,213
160,510,144,285,13,222,2511,363,202,519,6807,1192,2714,172,2214,3273,434,1031,263,911,1795,1529,3395,41,202,34,4,0,52,40,30
113,880,166,354,1,328,3248,125,390,215,6971,2368,1836,571,1235,3908,1054,1580,353,1682,1093,1185,2167,10,1058,483,4,0,18,60,6
3338,401,128,3357,7365,436,940,976,61380,9801,11173,11618,10669,953,13292,6136,1769,1340,3261,1934,1964,3320,4888,28,84,2,82,0,305,313,323
83,60,13,95,393,17,48,32,1,310,881,535,579,30,374,402,122,89,91,121,144,127,241,1,4,2,4,0,11,15,11
154,104,30,198,12,90,474,76,7917,1018,2825,1422,993,377,723,1489,758,308,194,560,588,355,686,6,23,0,19,1,38,97,9
2887,9137,2719,6259,481,12246,3841,7343,343,31182,245834,39183,63358,6949,30075,80503,22033,10470,4024,8371,54792,23445,36587,224,280,50,131,141,490,1219,3920
298,2093,516,170,26,704,689,269,1984,2044,39486,9249,1371,1273,936,18801,3260,3653,162,5938,6037,3159,6835,77,140,15,14,2,180,238,221
49,3685,632,45,0,645,776,13,294,298,75339,1155,160,2272,13,19668,393,500,24,1049,2438,2235,4188,235,2973,0,619,0,349,681,19
302,1672,495,102,0,1637,3385,90,250,3875,82832,4424,2728,6115,235,20991,1363,1427,63,3736,6079,5232,7948,615,2839,8,1635,34,792,687,94
3,81,23,1,0,5,6,1,5,2,1261,107,23,22,1,638,93,56,0,28,113,38,94,4,2,0,1,0,1,2,0
17,21,19,27,96,121,34,59,37,44,2238,476,113,144,244,641,417,84,26,153,342,130,188,4,13,0,3,0,22,20,10
3,81,21,7,0,10,35,2,30,2,707,144,27,13,5,623,258,85,5,27,50,37,90,1,6,0,0,0,0,4,0
28,1719,373,8,0,160,162,3,11,126,23044,2977,102,1390,52,10749,522,267,2,499,1423,738,2071,197,520,1,99,3,16,93,2
648,697,185,1907,967,1531,479,1423,6401,10454,17476,18788,7264,661,4921,7653,1897,1359,1794,2691,3175,5666,9159,25,121,347,4,16,91,251,189
3556,942,327,1046,29527,687,2187,2673,29999,8025,20586,20381,26453,1864,9828,9972,3128,3117,989,3445,3525,3869,6399,34,174,0,141,22,407,540,269
62,192,56,13,0,60,99,31,8,33,4897,519,1811,79,48,1563,583,523,12,331,389,236,361,3,4,0,2,3759,7,41,6
62,927,160,10,0,640,475,8,26,382,23740,449,282,1663,15,7953,253,157,4,1201,1479,480,1130,77,996,6,280,6,195,208,5
446,66908,8454,1172,0,6052,1129,105,173,4664,283892,79326,1101,32351,1738,332266,7225,28800,910,11814,36784,23870,44046,414,703,27,1226,0,426,1822,416
178,149,30,213,0,87,664,126,12815,2163,3283,1882,1859,434,2276,1518,716,345,206,604,1121,369,791,4,24,0,22,0,38,92,47
1182,2678,510,1996,1245,1648,24070,778,486,1586,41954,7757,13526,1416,4576,23337,3370,3559,1885,6833,6211,2098,5889,141,88,43,40,1365,223,493,28
13,253,54,23,0,46,467,13,229,21,3205,231,178,167,24,1629,1341,476,22,229,219,158,387,9,30,5,1,0,2,21,1
10297,163879,50802,12030,51,90532,27869,7286,13424,91115,3371112,224538,126027,178314,19279,2082868,123931,138884,9232,326303,1308091,179149,318172,15029,19906,773,5664,16,26861,12410,6840
46492,5654,1578,11401,186263,3313,7634,14061,40865,67625,129482,198897,144810,4903,271658,38843,14172,12887,10874,13667,19031,27473,47083,115,793,0,820,9,3252,3265,5022
616,7319,2082,1791,6,973,2169,423,1767,1136,95713,16898,6564,4328,808,67589,9837,11112,1703,5556,14948,6100,12796,43,1071,11,63,0,280,754,60
3,69,18,1,0,4,3,0,3,3,768,105,11,38,1,463,17,13,1,26,74,13,49,6,5,0,1,0,1,2,0
63,206,59,14,0,60,124,35,9,31,5035,505,1805,80,50,1681,612,578,13,344,394,254,382,3,4,0,2,4928,6,41,6
3284,5811,1301,3958,347,4583,15824,2019,3601,27064,122881,40823,31443,2966,12482,48567,15194,14979,3503,8438,23513,9661,20906,203,928,222,137,1407,204,885,260
83,72,15,81,25,17,67,33,1,350,1036,501,471,40,332,494,145,107,77,149,161,152,285,1,5,0,5,0,13,17,13
23,330,84,16,0,217,184,7,1,75,11068,219,138,473,3,3486,91,52,12,429,332,143,457,23,204,0,139,0,60,153,3
25,1335,274,10,0,57,69,6,14,20,10566,514,129,545,27,8000,627,596,7,455,1885,231,790,49,43,0,6,0,8,25,1
927,278,79,327,5837,172,464,637,6902,2322,6546,4640,5400,495,8058,2824,793,798,308,1379,1116,1125,1975,12,42,0,38,3,104,145,105
3,17,5,2,0,11,5,1,5,4,213,70,10,8,5,149,21,38,2,15,28,29,45,1,1,0,0,0,0,2,0
139,2735,530,56,0,314,660,81,97,49,30623,5543,392,1729,294,17914,1274,1394,44,1468,2838,1229,2909,14,329,1,7,0,24,105,8
14,163,60,38,0,115,30,14,98,18,4998,407,340,118,36,1368,705,199,2,2053,244,279,350,16,8,0,9,0,24,22,31
605,12908,2734,236,0,917,2354,236,1011,874,166375,10086,9691,4617,1000,62872,13912,11820,178,21108,16332,6476,10995,2858,240,846,74,65,786,1775,461
31,1108,229,11,0,66,57,6,23,25,11196,580,135,551,13,7545,656,422,7,547,1919,221,748,39,33,2,4,0,8,29,2
2630,392,84,4333,5351,298,611,742,6263,4756,6161,10465,10929,388,8462,3505,953,812,4266,1027,1248,1500,2454,8,46,0,80,2500,192,242,258
1089,157,51,1236,4275,154,163,587,356,1590,3139,3855,3230,136,5271,1202,354,457,1200,393,462,737,1162,3,19,0,15,2565,67,88,123
677,186,68,1357,108,819,613,962,0,4822,7527,9915,6520,450,5137,3057,839,1079,1306,1184,2563,896,2075,9,78,0,17,255,73,154,300
1273,112291,23243,4257,0,3888,19765,1042,13265,995,850549,70966,15221,38544,8885,620516,74669,69954,3866,48092,169726,50663,101979,27277,10670,185,1450,948,1388,4229,168
49,516,107,109,0,19,622,35,558,21,4580,516,732,65,51,3057,1736,767,101,158,586,176,458,5,9,0,2,0,4,25,1
35,158,38,40,0,61,119,15,317,33,3544,312,276,181,37,1313,1189,215,36,181,196,140,342,2,12,0,1,19,5,17,4
33,969,171,4,0,432,419,4,60,349,21048,516,85,1715,6,7991,235,230,2,851,1084,752,1460,85,559,1,337,0,169,170,2
355,22325,4748,3031,0,902,911,116,3884,2332,166061,20662,1508,14266,1402,155708,8394,7168,2854,9850,22504,12918,28618,679,2881,30,541,23,207,948,36
976,218,60,455,6230,173,359,700,10089,2044,5084,4411,5398,382,8135,2127,600,626,433,1193,890,1025,1631,8,32,0,32,0,94,128,161
0,0,0,0,0,0,0,0,0,0,8,1,0,0,0,3,3,1,0,0,1,0,1,0,0,0,0,0,0,0,0
4938,4043,1175,2930,6695,5579,824,2188,13985,33038,120470,40506,30201,2588,19266,41875,17194,10051,2647,9769,42812,18225,25716,178,446,307,18,178,1841,475,546
29,5497,1178,112,0,97,114,4,24,92,36639,2667,139,1420,742,24413,1950,1693,92,402,4105,1037,3127,327,366,4,63,1,33,93,3
198,1735,506,908,14,685,3304,281,945,1076,15814,5253,3676,1401,747,13076,3494,5152,782,4425,2496,3032,5432,43,462,18,11,0,74,191,15
4,6,4,5,0,14,9,5,7,21,260,52,37,25,21,81,59,31,5,25,65,19,36,1,1,0,1,0,1,2,1
5,77,18,9,0,13,24,2,56,2,756,122,34,14,6,518,240,70,6,36,44,35,84,1,5,0,0,0,1,5,0
13,51,17,76,96,62,153,30,400,93,1897,269,355,247,121,588,477,150,69,152,94,192,305,1,22,0,4,0,3,23,3
163,397,113,346,7,166,417,97,93,243,5028,1101,1446,300,731,2474,894,1318,344,542,725,783,1256,9,209,16,3,0,26,28,8
0,2,1,1,0,5,5,1,1,2,66,11,7,10,1,42,11,12,1,14,13,14,18,0,2,0,0,0,0,1,0
524,302,98,576,207,684,766,667,136,4154,10236,7124,5637,434,2760,3516,1082,1327,536,1251,2554,963,2137,12,72,0,16,15,58,119,96
55,290,81,14,0,107,238,74,11,34,6573,724,1528,145,71,2587,1350,855,12,806,551,372,651,9,8,0,3,1,56,141,13
151,5564,1192,198,0,106,229,26,169,183,49443,7099,517,1831,119,40448,3575,1997,163,1395,8452,1735,5659,98,295,0,32,0,18,137,6
416,3102,809,141,0,660,536,852,297,507,71264,5312,12660,1487,683,16524,3170,5320,122,11643,5679,3121,4950,392,92,93,33,507,383,818,267
4198,650,155,9839,29877,779,598,1563,3396,18312,15604,20266,19255,899,26497,5908,2027,1260,9522,2644,2464,1685,3728,20,102,0,113,2122,481,529,671
399,2524,587,213,1,1119,1251,162,78,1340,39826,4081,2220,5195,1414,13582,8621,4437,196,3532,12714,4947,5881,156,531,29,101,3088,96,407,32
3,10,5,1,0,18,5,2,2,19,324,32,23,12,2,233,97,31,1,63,76,20,40,4,1,0,0,0,2,4,4
2462,327,91,2331,14900,294,70,1072,2247,2925,6325,9257,8159,279,5994,2157,663,694,2284,1012,1089,1090,1782,4,28,0,40,3,153,193,327
0,2,1,0,0,1,0,0,0,0,43,9,2,2,1,22,20,4,0,5,7,2,4,0,0,0,0,0,0,0,0
4,14,5,8,0,10,17,1,7,8,312,37,42,9,9,156,84,28,7,27,32,24,39,0,4,0,0,2,1,4,0
128,2445,468,65,0,1739,1422,21,171,660,77258,1471,439,4097,34,21802,706,325,34,2369,5566,1560,3267,236,2705,0,840,0,809,1038,30
388,12311,1794,1308,127,994,16783,519,2535,924,67386,7575,4682,2739,867,46478,6356,8797,1264,7551,16388,3724,10735,116,118,701,16,34,65,190,14
4,23,7,4,0,13,18,6,10,13,751,35,59,50,8,330,173,60,3,155,101,64,112,2,3,0,0,0,2,10,4
32,805,180,68,0,82,1013,15,1705,76,8311,1331,474,367,23,4907,2166,955,55,742,1287,1187,1741,117,232,0,7,0,41,42,8
18,455,93,1,0,25,70,5,59,107,5469,1567,62,472,20,4135,360,258,0,246,724,187,402,5,7,0,2,0,5,11,1
291,2253,576,179,29,736,705,268,2001,2074,42076,11733,1494,1316,988,20346,3020,3900,171,6329,5865,3342,7179,85,145,7,13,0,182,249,217
21,348,82,53,1,244,172,17,1,141,12337,582,667,134,191,4525,1072,138,21,395,1075,511,885,6,123,4,186,0,53,130,5
294,3573,596,694,36,595,9283,369,1585,720,36891,3562,4755,1835,1796,20463,5150,5279,665,5571,4035,2910,5328,43,182,44,9,30,81,170,23
26928,1494,570,42874,6769,3570,5535,15584,14756,80766,60663,108437,92135,5877,110201,28570,10720,7860,40714,11236,13499,16794,27140,116,570,0,763,49873,4361,2590,2089
1514,1965,423,447,0,673,143,2519,127,6894,59719,11786,19087,1910,11352,11483,1879,3679,414,9383,5121,2784,4870,125,72,0,117,22,308,1028,773
2218,592,171,988,13628,426,819,1328,2321,2806,10661,9845,12811,690,6012,4767,1404,1483,948,1915,1800,1834,3318,13,62,0,76,13,236,325,182
449,1931,455,98,0,1818,2857,199,124,3026,72024,5758,2934,4090,1592,24134,1479,1237,67,3807,8095,2682,5322,280,1279,10,1224,0,762,775,173
4401,513,133,8346,16955,1355,659,2107,8557,18230,17003,21374,20008,1312,26567,7380,2239,1571,8189,9112,3518,3732,5973,34,136,28,124,50,525,641,614
19,382,99,39,0,146,125,9,1,143,12708,452,476,137,87,4862,1323,184,16,332,1078,552,933,6,94,0,155,1,34,85,5
75,857,331,33,0,331,360,39,28,734,40438,3225,2718,394,144,10439,1826,1309,22,751,1884,2874,3670,34,206,0,134,11,85,429,30
120,2286,678,721,0,575,2104,291,1229,724,19146,5284,2512,1529,487,15648,4505,6382,603,4629,3391,3468,6226,51,330,20,13,0,71,183,12
0,7,1,0,0,0,0,0,0,0,59,4,1,3,0,65,3,1,0,3,5,5,7,0,0,0,0,0,0,0,0
0,4,2,1,0,4,3,1,1,1,97,10,2,8,2,66,23,19,1,7,16,12,18,0,2,0,0,0,0,0,0
53916,7262,1964,11390,235380,3690,9554,19295,108081,68360,140179,215409,179486,6325,262567,48197,17415,15123,10806,16341,21239,31846,55084,138,890,16,908,1027,3712,3714,4508
0,2,1,1,0,4,4,1,0,2,51,8,4,8,1,34,9,9,1,11,11,10,14,0,1,0,0,0,0,0,0
19,1105,267,13,0,56,53,3,15,38,9602,1571,102,545,30,8387,464,510,7,281,1962,375,1070,175,104,0,8,0,14,41,2
139,5000,1180,146,0,117,224,22,493,212,51428,5215,576,1902,58,38790,3635,1828,108,1603,7619,1594,5257,74,188,1,67,0,23,140,6
24,1382,283,10,0,56,67,8,17,20,10462,531,132,541,34,8148,621,622,7,441,1889,236,810,49,44,4,6,0,8,24,1
18,1165,289,113,0,96,172,11,186,60,9993,1394,244,622,128,9169,774,749,88,589,1908,466,1423,11,90,0,11,0,16,65,1
351,19721,3838,1043,0,694,1605,284,226,833,176663,14868,6943,2585,732,104816,19699,19193,688,7749,32981,7349,14116,345,240,0,44,309,453,419,130
68,2387,873,15,0,226,236,14,93,220,81458,2232,283,1357,29,21077,2636,1763,6,1132,3163,2587,4243,71,121,13,154,0,62,160,11
698,1182,279,1670,2859,911,658,2001,257,935,39807,7772,25803,1175,11514,8910,1163,1896,1597,10144,4422,2394,4113,150,58,11,38,141,432,812,650
7,14,4,4,0,6,2,3,1,6,156,34,20,5,3,113,70,29,4,10,41,19,36,0,1,0,0,0,1,3,5
22,697,152,6,0,294,352,5,95,199,17900,437,90,814,5,5481,250,104,1,642,461,388,987,74,428,0,231,1,68,265,4
4535,1226,246,6646,14104,458,1967,2904,84982,11542,17894,20332,18038,1405,26258,8181,2472,1919,6428,2231,3870,6257,9960,24,131,0,144,6,454,517,807
2,18,4,7,0,8,22,1,26,3,250,31,24,7,4,134,74,26,6,11,13,12,28,0,5,0,0,0,0,3,0
21,2294,550,10,0,133,118,2,5,70,22449,698,67,1068,80,12340,424,480,4,341,1705,1322,2681,303,706,1,118,1,15,87,2
14,1363,325,134,0,81,236,12,185,62,9505,1520,177,676,175,9532,833,920,103,624,2035,452,1486,13,110,0,7,0,17,68,1
33,1218,257,8,0,177,166,7,4,84,27597,2431,335,826,15,10868,737,637,5,898,917,1443,2373,48,158,1,96,3,42,67,3
18,48,9,26,43,27,33,8,44,15,905,112,219,92,86,308,103,80,25,89,67,77,153,1,7,0,0,1,5,12,3
6,74,23,52,32,69,176,24,193,68,2292,258,214,262,63,722,511,276,45,152,113,242,378,2,25,0,4,0,2,17,2
2,24,13,1,0,16,6,3,5,19,508,82,23,25,3,528,171,78,0,61,93,31,61,2,2,0,1,0,1,5,3
2,7,5,3,0,12,9,2,35,12,316,38,11,23,9,105,102,46,3,22,56,19,33,1,2,0,0,0,1,1,0
3268,657,198,3218,11429,526,579,1895,3194,4965,11087,16067,12340,513,10815,6282,1498,1504,3145,1685,2343,2151,3573,8,58,4,80,842,241,341,384
2263,362,96,2023,6825,370,381,1024,2425,2688,6866,8680,9238,383,7371,2546,732,871,1973,1285,1301,1380,2304,7,38,0,49,0,162,223,232
2,7,4,2,0,7,7,1,1,4,215,22,20,22,3,89,24,15,2,20,30,21,27,1,1,0,0,0,0,1,0
108,847,343,211,3,210,7428,247,82,513,13056,1096,1989,207,1361,6492,933,2647,193,1021,3224,2595,5120,78,331,0,5,5,52,42,23
325,398,114,307,126,501,754,425,428,2777,11281,4538,4102,420,1748,3934,1227,1441,278,1177,2438,1072,2211,14,64,48,13,0,45,94,55
30,2425,523,73,0,32,44,2,23,26,13837,2296,124,661,384,17440,1329,1088,42,266,4233,941,2517,197,788,0,15,0,9,73,2
97,3529,689,59,0,259,619,65,260,41,32388,5314,292,1590,259,22356,1659,2065,46,1028,3587,1507,3413,20,429,0,12,0,11,84,5
386,17371,3488,1007,0,766,1598,325,198,935,167148,13117,9092,2423,763,96409,18263,17206,673,7911,32185,6762,13028,298,220,18,45,1549,468,423,130
11603,470,129,4225,21313,881,1205,2712,3754,5611,10633,24802,18475,600,37520,4052,1233,1462,4125,2097,2407,2533,4533,7,65,0,101,1,423,582,376
1803,722,211,3013,3479,743,1222,1480,45789,12799,16091,13584,9798,2078,5949,10366,2947,1998,2983,2335,2721,2062,4136,88,46,0,41,5,358,615,152
240,21400,5040,250,0,462,897,30,1438,724,228897,9526,1503,5212,77,166834,18151,9390,123,9735,25196,16172,28460,1040,257,292,225,3,181,467,54
33,1035,213,12,0,69,68,4,35,28,11272,735,138,573,13,7413,608,396,8,593,1862,217,762,40,33,6,5,0,9,33,2
236,18823,4769,181,0,511,1026,28,4720,817,225869,8516,1805,5103,81,160486,17653,8757,69,10147,24421,16737,28513,1109,301,3,192,1,232,451,45
1929,244,81,3788,14317,344,41,1250,10482,9520,8793,8144,7311,619,9156,3561,1060,750,3647,1332,2218,1489,2432,7,51,0,64,122,226,237,136
56658,62664,27110,55050,60236,66156,42607,62544,127159,459913,1942316,485952,647679,194573,787963,657124,178992,166916,36850,207140,890151,240822,419021,6233,19903,994,11092,1640,5147,25111,56134
1,15,4,2,0,7,6,1,6,1,237,45,13,5,1,160,68,40,2,11,18,15,31,1,3,0,0,0,0,2,0
288,3727,638,627,48,573,9923,365,1663,699,39086,3690,4546,1852,1600,21913,5512,5688,602,5799,4233,3177,5723,49,178,35,9,22,79,155,21
72,546,136,13,0,111,297,69,27,24,8600,883,1549,197,61,4234,1521,1375,11,1011,630,479,822,12,12,1,3,8,49,162,9
0,16,4,2,0,6,9,1,6,1,258,47,12,5,1,180,72,48,2,10,18,18,36,1,4,0,0,0,0,2,0
157,512,80,119,1,151,507,146,60,239,5724,1145,1645,158,652,2476,668,410,117,650,473,348,784,3,81,0,2,5,20,45,4
4460,2291,519,5025,4772,637,4441,3828,61486,17714,35817,21841,20007,2859,21907,19977,5331,4166,4875,4319,7061,11846,18841,77,298,82,241,516,815,783,1465
130,169,42,238,15,75,438,99,5489,1165,3191,1470,1052,230,899,1172,652,294,232,537,761,288,640,4,22,92,19,0,29,83,9
3,137,33,1,0,15,33,1,3,8,3144,63,71,124,1,1282,119,98,1,72,66,46,135,1,9,0,6,1,5,14,0
29319,106958,35450,29567,1068,136083,37763,14848,6292,137616,2548615,435497,242244,220357,58142,1622611,77685,103512,27874,240786,1360352,166990,311593,38667,9732,2408,9517,6,20746,15467,19407
516,46,17,453,1375,95,100,205,340,937,1471,1612,1951,100,1979,598,191,221,439,416,336,310,545,2,10,0,13,0,38,50,65
1072,3111,709,330,0,591,471,1004,749,5693,78456,8170,15268,2708,4682,16300,3191,5502,292,10405,6690,3334,5703,241,88,35,117,77,308,996,485
1163,4968,1657,905,0,1004,428,985,118,1062,199763,27314,18351,2306,13055,39646,12217,14794,760,25392,18026,46610,51771,44,113,2,49,24,173,1354,1809
4633,6653,2609,12076,3791,22024,3391,8083,155,44186,229986,56958,86638,8468,35610,69816,22321,10466,9194,8927,60138,26714,41053,225,277,5505,207,19,479,1405,3970
2785,351,101,2312,15944,342,84,1283,3048,2972,7033,9691,8049,337,5063,2536,774,777,2262,1219,1213,1130,1895,5,33,0,45,0,180,225,413
10,1569,381,10,0,46,31,2,9,28,9851,1585,83,441,50,9843,469,659,6,160,2423,383,1122,185,92,0,6,0,10,33,1
5,5,4,7,0,13,8,6,6,25,249,60,46,24,31,75,45,23,7,25,68,21,39,1,1,0,1,0,1,2,1
60,898,149,16,0,605,405,11,22,307,21597,408,318,1374,15,7289,223,131,7,1125,1388,409,998,68,845,0,246,0,166,190,6
1563,1775,560,1244,530,1687,5015,4038,318,3627,61995,18697,23701,1613,4320,21247,4817,5637,1210,8254,7082,3797,6929,406,147,128,59,24295,525,485,1940
3,44,12,5,0,24,102,4,138,7,652,74,31,10,4,430,113,80,4,54,38,48,92,1,14,0,1,0,1,9,0
34,1255,226,15,0,55,216,17,61,42,16329,910,400,176,61,7493,859,1180,12,441,1185,596,959,127,15,3,3,14,35,90,142
5,873,169,4,0,44,153,8,19,73,13507,546,156,287,13,5834,1235,449,1,240,1323,1114,1720,10,69,0,47,0,18,45,2
72,49,12,40,939,17,39,71,1924,203,747,381,606,57,155,453,168,107,38,235,135,102,191,3,5,0,2,1,10,13,4
697,11464,2545,8403,5,2998,12379,1487,5280,3287,96254,17572,25184,4897,6412,66271,39678,35304,7335,19171,23830,31406,46031,483,4391,55,140,2,564,936,233
4,10,6,1,0,16,4,5,4,7,513,28,87,35,3,211,118,45,0,255,29,55,69,2,2,0,2,0,2,13,1
11761,15328,4473,18171,1096,8150,2905,14237,1748,115703,424879,59795,81317,7830,86467,145558,53388,31235,16727,48224,84554,74530,105740,443,541,460,122,1105,905,1752,7892
69,33,9,296,136,87,26,138,251,358,811,1002,832,45,466,350,77,105,285,109,268,117,251,1,6,0,2,472,5,15,15
374,2956,510,997,30,701,8659,353,1287,736,33055,3377,5068,2128,2109,17822,4577,4338,945,5627,3584,2639,4857,40,207,14,8,27,92,152,26
15,3009,687,12,0,105,80,2,6,50,23815,632,42,824,43,13907,480,703,5,260,1944,1219,2574,268,554,0,102,1,11,72,2
257,1461,352,581,118,1113,514,555,2121,6934,25734,12303,5264,734,1934,11963,2984,1886,506,2828,4379,7369,10941,32,119,45,4,4,73,211,349
245,3793,886,1596,26,851,1035,796,2459,2400,19923,14908,6599,872,1371,22708,2650,5209,1458,4148,4737,4940,8850,144,323,1,67,18,175,282,32
372,1694,442,93,0,1573,2751,145,299,4891,77013,4714,2314,4872,758,21251,1580,1388,61,2400,6625,3447,6072,489,2210,0,1523,4,765,735,165
972,172,45,793,4317,181,265,581,3785,1908,3957,4403,5211,269,7069,1637,417,513,766,1008,777,813,1341,6,26,0,27,3,85,117,116
9873,1424,428,15222,86270,3024,4565,5944,30154,45390,49688,60157,44542,3069,42429,19844,6299,4779,14723,21308,12073,9098,15546,74,344,0,257,106,1128,1329,1429
55,1280,253,6,1,149,240,11,2,382,36520,945,1036,311,67,6401,963,302,1,530,1021,1593,1968,20,47,0,26,25,31,289,3
113,1464,606,5,0,350,380,34,30,253,69642,4140,514,1788,40,17101,2108,746,2,1503,3786,2246,3786,30,289,1,106,0,150,181,14
2080,304,80,3159,8570,321,341,1533,14831,7881,8264,9465,7493,673,11908,4294,1228,854,3080,2451,2066,2118,3445,10,81,114,59,5,211,221,254
23,1696,314,11,0,85,129,21,29,186,30238,816,332,322,17,8487,1437,720,5,747,1249,1589,2200,22,42,0,26,0,21,135,10
4419,2590,592,4796,7963,617,4564,3743,51066,16948,39220,21383,18661,3057,19222,22346,5930,4595,4645,4501,7516,12761,20280,88,327,134,242,213,834,830,1474
385,67,24,141,509,70,169,177,1269,777,2018,1257,1800,150,1662,860,290,268,133,484,364,412,697,3,13,0,16,0,37,51,39
773,71,25,2672,619,147,290,749,2517,4616,3470,4686,3218,306,5981,1717,475,323,2581,695,781,815,1277,5,31,0,45,20,106,115,90
315,3154,778,2054,126,1091,1006,1014,2130,3161,19890,15417,7599,878,1764,21307,2389,4652,1890,4062,4068,4797,8831,140,479,100,77,22,229,388,45
2,21,7,5,0,9,28,1,11,5,291,40,31,10,4,184,93,36,5,26,40,22,38,1,6,0,0,0,0,3,0
94,42,10,134,186,18,47,53,0,411,792,629,696,32,690,351,106,80,128,113,142,120,229,1,4,0,4,0,11,14,12
7,96,22,14,0,27,49,11,112,10,1264,153,155,143,39,634,232,233,13,97,108,115,231,3,15,0,1,0,2,11,1
29,964,199,12,0,68,70,7,36,30,11483,848,142,556,12,7326,550,374,8,645,1784,214,778,36,33,0,5,0,8,34,2
0,1,1,0,0,1,1,0,0,1,37,5,2,2,2,11,9,4,0,2,8,2,4,0,0,0,0,0,0,0,0
1286,493,195,1225,786,1300,2620,1698,13614,1408,19662,6596,5211,752,5578,7484,3259,1607,1188,1072,2800,1643,3521,23,263,88,143,41,167,491,94
3,80,21,8,0,11,36,2,37,2,709,148,29,13,5,606,260,85,5,29,50,37,90,1,6,0,0,0,0,4,0
4623,715,209,2454,7194,619,1234,3239,4695,6990,13837,19447,17347,996,30372,6250,1720,1817,2376,2576,2761,2886,5147,14,88,0,133,276,358,470,409
1,7,3,5,0,2,5,1,8,2,165,22,12,2,4,68,25,16,4,8,9,9,19,0,6,5,0,0,0,3,0
27,103,34,53,0,108,16,27,24,26,4151,355,386,76,39,766,406,112,3,1765,199,174,225,6,5,0,9,0,20,18,47
3362,4938,1090,2508,48,1834,22954,2952,282664,34818,82692,38803,26289,9200,20665,48317,23557,10364,2437,23409,19997,6845,14691,240,547,17,546,25,636,2469,150
5307,1200,335,4172,25357,910,2044,2054,3156,7684,21796,24587,19095,1530,15424,9876,2910,2772,3950,5213,2683,2960,6306,56,153,0,138,246,628,723,299
3546,897,267,2111,13599,547,875,2318,4221,4980,14479,14786,10959,769,7616,8028,1960,1896,2048,2241,2842,2394,3957,14,78,0,98,0,287,398,305
476,33246,6102,151,0,802,1179,66,2507,1398,414617,17566,1868,14716,523,209315,23467,9130,82,10761,38081,24691,44587,1493,6387,13,211,22,133,811,184
1176,11944,2519,750,135,5391,5662,493,17638,8320,86876,16554,3726,7256,5145,83758,12305,17752,685,20629,21937,15017,24597,373,630,39,38,496,232,641,259
21,1219,258,4,0,255,216,3,68,231,21766,561,44,1174,9,8371,241,245,2,396,840,1091,2160,92,385,0,351,0,114,92,1
106,41,14,118,5,59,219,38,6016,891,1435,866,532,229,630,906,627,251,116,418,324,186,342,4,10,0,13,0,25,56,8
2,84,24,1,0,3,3,0,1,2,710,83,6,35,2,523,20,18,1,18,84,14,53,8,6,0,1,0,1,2,0
22,956,239,15,0,56,43,1,17,41,10683,1988,123,521,16,7960,446,461,8,340,2062,320,1025,128,91,0,10,0,13,44,1
39,763,155,13,0,51,175,21,59,49,12719,749,657,138,69,5532,635,872,11,360,1005,472,758,59,12,0,3,41,30,79,145
89,14402,3617,292,0,292,580,29,272,132,71553,8008,1021,4834,1661,83590,6065,6607,250,2365,16221,5037,11568,2022,1321,8,120,0,132,286,11
269,18127,3481,290,0,629,407,19,2095,754,127850,10049,826,3680,338,93671,10021,8898,153,7092,28396,10074,20752,939,362,0,80,17,156,278,17
1,11,5,1,0,3,2,0,16,0,197,13,4,4,1,122,20,10,0,12,11,9,19,1,1,0,0,0,1,0,0
6,120,64,4,0,31,22,2,2,8,2779,157,59,50,9,1109,502,218,3,209,365,114,262,10,7,0,4,0,2,8,1
1,15,6,3,0,7,33,1,12,1,268,15,14,8,1,160,43,22,3,20,16,22,36,3,8,0,1,0,1,2,0
27,509,180,2,0,87,187,16,4,354,13830,482,716,471,25,5786,589,341,1,272,1162,759,1315,4,295,0,3,488,236,77,6
0,26,6,0,0,1,0,0,1,1,168,25,0,6,0,215,4,8,0,2,20,7,18,0,0,0,0,0,0,0,0
20300,9209,3642,16120,3275,3581,12315,17559,2418,68943,307223,77899,278712,15758,90732,154842,40172,39008,10090,18002,79506,40482,57615,863,1897,271,568,6325,2110,2740,8963
9,204,43,13,0,41,40,7,56,13,2872,199,146,123,26,1039,1350,823,13,173,423,302,417,9,72,2,1,0,3,26,1
108,935,369,212,3,220,3235,247,83,536,13893,1101,1801,223,1265,7092,1021,2907,193,1090,3369,2771,5383,90,360,7,5,2,54,44,22
348,1110,308,129,0,215,430,116,24,99,35611,2685,2988,400,206,6991,1328,2066,100,2253,2843,1626,2118,150,66,0,26,193,105,212,13
2,292,84,7,0,25,21,0,4,5,2860,153,26,64,20,2145,454,307,6,131,496,131,336,17,9,0,3,0,2,8,1
56276,8938,2447,8850,280604,3745,10124,19930,95773,52577,133744,202257,194666,6883,246594,57021,19065,16136,8301,17507,22244,35955,61813,165,966,0,892,913,3870,3986,3501
3244,637,177,1159,7662,363,126,1521,3066,4414,10833,9210,10610,777,11443,4714,1529,1696,1117,1540,1985,1912,3449,11,58,0,64,78,233,274,127
3,18,8,4,0,13,12,3,5,16,404,57,27,25,12,115,86,43,4,29,105,25,47,1,2,0,1,0,1,2,1
2495,4188,913,3159,25,2342,26040,1679,169847,28877,78567,34409,24085,9477,22908,46044,18102,8703,2990,24428,21292,7112,13914,345,720,98,580,46,838,2647,167
0,2,1,0,0,1,0,0,0,0,42,10,2,3,1,20,16,3,0,5,7,2,4,0,0,0,0,0,0,0,0
26,1284,344,3,0,100,82,5,11,171,25643,1158,150,973,12,11461,967,693,1,687,1427,1670,2671,72,236,0,33,2,29,56,2
5332,1451,339,5506,22671,903,2113,2288,39401,14927,23868,19205,35269,1882,13450,17975,4191,2876,5391,5271,5019,4488,8016,35,217,13,155,71,586,665,390
7,99,58,4,0,31,22,2,1,10,2654,149,103,43,9,978,460,198,3,177,354,106,242,7,6,0,4,0,2,8,1
4311,310,93,8764,1075,788,2409,2552,4148,17448,13486,20665,16739,970,17754,5977,1936,1406,8608,2814,3070,2916,4642,14,107,0,197,1919,510,527,1124
10,962,312,5,0,54,92,1,2,137,18455,398,100,393,8,9346,2324,643,2,218,1239,604,1242,12,93,0,15,4,14,55,4
490,1848,422,325,542,1310,1374,245,70,1665,36310,4572,3600,8259,1932,11374,4200,3399,309,3436,10536,5547,6405,152,775,10,128,3388,162,468,35
1,16,9,1,0,14,6,2,5,16,383,59,24,19,2,377,138,54,0,53,74,23,45,2,1,0,1,0,1,4,3
5,12,3,13,0,9,14,1,15,5,257,30,43,6,11,112,63,18,12,12,11,12,28,0,3,0,0,0,1,5,0
29,1795,393,9,0,163,163,3,13,118,22542,2945,92,1314,52,10813,502,278,2,476,1485,770,2107,200,660,0,109,2,15,88,2
275,1718,547,116,0,1498,2888,121,268,3077,83850,4301,2978,6324,159,21195,1345,1418,72,4668,5859,6242,8944,682,2699,6,1470,28,764,617,77
1143,48437,9390,456,0,7086,22285,206,18682,7982,1004931,32972,3556,39040,423,296822,18746,11652,246,20867,39390,46102,90887,5877,28460,0,9104,20,5805,6599,57
314,9458,2042,73,0,1479,1355,42,27,1664,189609,6886,2602,7459,68,89537,5497,4437,52,7956,11923,7239,15132,253,3391,0,422,0,701,718,14
20,711,161,7,0,283,322,2,81,176,18420,479,81,764,4,5771,269,116,2,597,468,434,1060,74,368,0,275,0,64,267,4
1,15,5,3,0,4,4,0,8,0,179,28,7,2,2,114,49,26,3,5,9,11,20,0,5,0,0,0,0,2,0
13,2066,403,15,0,50,58,6,9,18,11948,896,101,512,80,10584,670,915,12,352,2396,297,1088,65,57,2,7,0,8,23,1
0,0,0,0,0,1,1,0,1,1,23,4,3,2,0,8,6,3,0,3,3,2,2,0,0,0,0,0,0,0,0
3290,568,167,3600,10137,560,499,1843,1608,4843,9875,16912,13385,446,11922,5653,1244,1414,3528,1618,2298,2003,3315,8,52,0,72,29,235,332,357
2628,1494,332,3369,19845,671,1740,2081,67234,20924,31218,15068,24199,2397,8772,13082,4622,2591,3203,4862,3698,2508,6914,130,254,28,156,344,596,650,482
74,7082,1838,72,0,689,402,31,144,1164,139231,5625,602,2393,72,48937,2161,2579,63,2247,7370,10084,14069,156,528,5,327,0,334,408,7
216,4242,956,1371,14,766,1066,681,2218,2278,20287,15053,5901,878,1241,23815,2885,5524,1249,4313,5242,5040,8936,134,247,60,62,40,156,254,28
2850,558,142,8791,7629,485,485,2670,626,10890,23138,16823,12844,993,20776,6782,1771,1275,8552,2182,4726,3227,4740,22,97,0,113,0,337,362,220
23,1110,280,108,0,96,167,10,148,62,10338,1377,268,613,115,9034,751,733,84,557,1898,469,1404,10,84,0,11,0,15,64,1
1083,142,48,1476,4829,331,1405,909,8517,8548,6506,6207,5583,579,8278,2458,944,609,1438,2957,1479,1018,2042,12,57,0,44,4526,155,172,119
6,19,3,17,0,17,20,2,23,14,225,69,84,9,22,95,41,23,16,42,23,21,38,0,2,0,0,1,4,4,1
311,35301,8156,243,0,517,789,45,611,577,330795,19142,1474,11950,1496,259846,19146,18744,159,6268,31676,21474,43170,1354,5583,2,160,6,97,618,44
10,885,185,7,0,155,158,2,148,69,16414,397,44,464,5,6092,379,295,1,228,451,458,1042,43,293,1,148,0,17,139,1
232,1404,303,1157,861,589,2505,211,474,1226,11382,4431,4688,869,1067,8802,2291,3095,1072,2954,1712,2045,3899,32,444,108,9,0,70,173,14
118,2638,738,734,1,578,1907,263,1207,735,21464,5436,2165,1678,484,17627,4951,6914,616,4788,3670,3905,6908,67,349,14,14,0,71,203,12
542,18423,4817,204,0,451,609,76,457,727,290792,37837,3015,6236,120,169769,7802,4970,85,5826,37657,4899,21016,867,433,86,233,126,284,780,23
45,653,203,152,4,176,391,58,534,145,7714,1039,720,354,208,4142,1777,3343,150,738,1304,1581,2178,11,374,23,4,0,22,23,6
2,108,31,1,0,4,6,0,2,2,1312,155,13,22,1,737,99,76,0,25,121,40,104,5,2,0,1,0,1,2,0
1,8,3,4,0,2,5,1,13,1,149,22,10,2,3,66,23,18,4,7,8,8,17,0,6,0,0,0,0,2,0
130,803,137,332,1,273,3119,162,269,249,6511,2187,2126,528,1536,3339,852,1118,331,1464,1045,1051,2049,9,980,12,3,26,19,61,4
79,5658,1354,124,0,243,340,17,162,82,48690,2838,651,2584,80,37009,3030,2405,94,2050,7587,1437,4219,896,412,3,37,1,55,143,10
51,508,91,212,1,135,332,42,520,184,3351,443,439,176,164,2198,570,509,197,509,576,263,527,12,21,0,1,0,14,14,3
4196,4052,944,5524,905,5903,14186,2202,765,28901,45711,42008,30144,3125,22901,37671,10259,10415,5098,8280,20035,7844,18284,189,917,3330,140,1809,246,916,1195
54,614,99,15,0,100,115,28,44,62,6939,578,1026,224,100,2834,396,682,13,1641,660,470,728,84,14,0,4,0,52,114,33
3045,375,136,2132,23431,519,1163,1773,19897,6105,11137,18095,19532,1033,13049,4980,1342,1722,2061,2107,2432,2498,4025,18,109,0,78,1,273,373,342
1038,509,142,1712,2996,492,822,710,36266,5002,9693,7978,7250,1123,4011,6552,1398,1026,1690,2102,1914,1555,2868,46,33,0,23,0,259,350,113
119,38,12,130,26,56,191,57,8572,972,1352,949,615,206,758,841,525,238,128,402,346,189,343,4,10,0,13,0,25,54,9
582,265,91,739,145,736,759,828,29,4605,9354,8389,6326,461,3757,3459,1034,1269,699,1258,2680,983,2234,13,89,0,17,2,64,132,179
4043,391,107,10132,9410,1265,549,1889,3186,17204,14682,21942,17763,1158,36356,6081,1867,1312,9910,7004,3249,3263,5261,27,119,0,116,14070,466,518,634
27,1299,271,9,0,57,59,5,15,22,10854,518,139,544,23,7945,639,579,6,472,1928,230,795,47,42,13,5,0,9,26,1
4591,1669,372,12842,38170,962,1990,3647,114228,22323,32811,44686,34568,2163,32678,17123,4590,3391,12368,4229,4727,6067,9603,58,188,61,191,17,814,853,678
1,7,3,2,0,4,3,1,0,1,125,12,4,4,3,68,44,26,2,5,23,7,14,0,1,0,0,0,0,0,0
469,2448,875,1300,1,1476,535,1714,1434,7488,46501,8760,8397,3528,5627,21609,3474,5108,988,2721,40800,7945,11323,36,227,119,227,21,498,191,543
238,1578,438,455,3,327,2132,257,1529,806,26911,2111,3557,705,578,10545,2895,2318,418,2837,1927,2752,3718,48,147,5,11,0,47,148,41
116,5768,1621,58,0,980,571,38,125,1702,145844,5533,858,2780,68,47249,2119,2182,48,3127,8211,11332,15314,182,728,6,413,0,479,464,9
243,358,100,443,26,178,429,119,39,350,4869,1430,1908,286,1536,2208,863,1018,441,604,679,717,1181,7,216,44,2,21,32,35,13
0,2,1,0,0,2,2,0,1,1,59,17,1,3,1,32,20,11,0,3,16,4,6,0,0,0,0,0,0,1,0
24,11,12,38,85,83,36,53,13,39,1293,538,166,95,295,303,189,105,37,106,233,87,133,2,6,0,3,0,8,15,13
10,221,46,17,0,44,40,9,40,15,2810,221,120,123,28,1132,1585,971,16,178,430,306,423,15,77,0,1,0,3,25,1
141,2372,404,74,0,1377,784,39,102,389,62174,1297,819,2522,55,20712,677,282,38,2649,6579,884,2571,144,1546,0,801,0,508,564,26
65,3924,826,35,0,157,184,11,65,86,60769,1028,224,2369,213,35470,2372,1575,16,943,5525,4156,7048,46,526,0,235,0,55,154,3
30,883,197,75,0,76,988,15,1537,65,8693,1385,431,354,25,5235,2443,981,61,748,1480,1277,1865,208,229,13,9,0,22,47,7
448,1902,474,100,0,1755,3026,196,174,3657,77475,5681,2815,4344,1529,24450,1647,1311,67,3501,8495,2904,5664,311,1351,0,1392,0,794,801,177
79,2778,595,46,0,1072,1298,18,326,729,80064,1363,327,3594,11,20080,425,509,24,1882,3173,2968,4932,318,2426,5,1156,12,465,789,25
480,20253,4824,184,0,385,753,75,827,636,271859,46463,2422,6015,223,168859,7166,4583,81,4798,37932,5542,22048,1140,557,15,246,89,297,788,22
117,2523,542,54,0,1451,1424,19,252,826,84745,1477,353,4255,21,21498,632,481,27,2377,4818,2282,4115,410,2763,3,902,9,801,994,27
8,296,141,1,0,27,63,2,3,63,12939,172,166,222,9,4744,947,325,0,200,631,287,542,14,30,0,5,12,10,15,2
118,2427,693,710,3,552,1840,261,1220,711,20062,5263,2395,1569,473,16294,4658,6537,593,4551,3527,3630,6472,58,319,713,14,1,69,180,12
113,1762,365,28,0,163,95,89,100,137,28131,1646,1886,404,127,7477,1250,1968,23,2586,2212,1109,1781,118,30,17,8,0,95,223,87
25,40,28,22,0,65,40,20,13,45,1980,224,206,83,100,467,1058,211,22,100,433,69,136,3,2,2,1,0,3,25,3
1152,4301,1093,502,277,2587,1778,576,129,1093,115548,10026,32434,4436,1929,31651,4051,6796,474,30889,9906,4188,6834,1945,213,102,49,146,1337,3663,676
1658,723,211,2086,5490,566,1106,1101,98236,11231,14484,11846,8880,1796,4807,9457,2588,1844,2060,1991,2467,1878,3671,73,42,0,37,1,282,502,115
2387,26918,6846,605,0,18380,52944,698,7237,19624,1141680,31808,9768,73398,1447,310228,11491,11340,305,39482,64423,28354,62300,7737,47830,154,24406,2901,11871,11353,168
35,764,132,17,0,128,378,19,153,51,4449,354,355,310,78,3905,320,847,15,676,926,622,1135,14,67,12,2,0,7,17,2
3677,555,141,4539,13695,471,319,1363,70145,9820,11979,14163,14146,946,15750,7146,1920,1339,4413,1864,2038,3445,5105,21,90,9,82,1,320,340,445
4407,6379,2427,15153,7074,23533,3259,8888,98,46712,209388,62824,93580,8341,38978,65283,21406,9819,12107,8475,58822,26827,41575,212,262,232,125,123,446,1414,4073
956,6018,1497,324,17,2045,2000,437,313,858,131690,9564,23607,4800,1398,36771,5727,7744,298,31411,11635,5208,8196,3105,206,705,55,475,1330,3142,489
59006,5754,1592,11568,191437,3367,7900,14618,50405,68778,132523,203492,148866,5023,274988,39405,14434,13000,11029,13879,19112,27460,47296,117,795,0,832,83,3296,3307,5067
930,2017,367,241,0,2650,1142,199,178,2446,72871,19661,8652,1890,3388,15039,2355,2684,63,2888,6297,6765,8354,44,846,0,128,26,329,1186,721
1231,11384,2404,758,170,5473,6019,519,19395,8493,86180,15463,3976,7409,5132,81637,12113,17032,689,20880,22047,14607,23855,401,641,53,39,782,242,635,261
77,21,7,58,396,38,10,68,9,282,624,398,755,35,335,226,46,61,48,71,320,115,217,1,4,0,1,0,4,9,35
131,318,60,19,1,381,210,56,140,706,14218,2689,1474,496,515,2164,384,456,9,428,490,1320,1595,35,223,1,77,6,51,270,74
63,3106,725,12,0,236,187,6,4,89,56075,2727,202,1873,26,29092,1396,1054,8,1415,2485,2376,4666,77,377,0,128,0,101,92,4
2508,418,88,3260,4988,292,654,734,5983,4819,6557,9923,10462,404,8344,3832,1037,881,3211,1040,1291,1618,2622,9,50,0,80,3657,193,242,236
110,72,20,148,81,80,63,63,9096,958,2347,1130,897,311,954,1098,486,221,144,430,604,332,640,6,20,0,20,0,32,81,12
2056,327,85,2591,5564,341,259,1060,51,2620,5934,8732,8284,282,7514,2130,533,747,2532,1053,1340,1145,1910,5,32,0,37,0,132,191,206
4682,4214,1213,2752,7529,5368,924,2059,15201,31264,120240,38815,29324,2529,17504,42297,17338,10144,2476,9439,42534,18389,25717,178,432,17,18,358,1784,435,503
93,3923,784,62,0,262,687,58,397,43,35492,6160,259,1661,278,24740,1742,2401,50,1046,4124,1811,3916,24,525,0,17,0,12,93,4
1,18,5,7,0,8,22,1,21,3,274,32,22,7,4,144,74,29,6,10,14,13,29,0,6,0,0,0,0,3,0
113,8266,2253,309,0,338,423,16,431,176,76963,7573,931,4461,251,62822,6770,3927,240,3397,12398,3602,8492,860,860,21,138,7,140,349,14
2,129,36,1,0,5,6,1,2,1,1279,145,12,24,2,790,110,80,1,23,129,41,110,6,3,0,1,0,1,2,0
2708,5468,1193,2432,28,1573,19910,1555,193635,25961,82839,32158,22322,7369,17355,50791,26266,11258,2369,18501,18422,5919,13369,162,549,16,449,167,531,2105,135
54266,7992,2163,9651,243827,3679,9720,20274,109023,61754,136056,208505,185687,6542,248877,51932,18145,15586,9105,16867,21792,33850,58188,150,931,60,897,360,3769,3811,3948
140,3009,867,563,0,460,769,46,412,527,23671,3668,874,2050,255,23382,2663,3420,539,2395,4753,4218,6595,48,547,10,46,0,50,350,5
3900,1702,441,2413,22171,631,820,1564,16507,11722,36915,17050,17315,1992,7711,16726,5772,4389,2293,5827,5784,5926,9973,50,217,10,140,28,454,629,311
1,3,2,2,0,6,4,2,2,8,137,21,13,12,6,46,29,14,2,11,24,9,16,0,1,0,0,0,0,1,0
27,751,206,15,0,70,29,2,35,59,13461,2010,117,420,9,7488,434,435,5,448,2383,216,887,46,56,0,16,4,15,63,1
6,902,165,1,0,21,22,2,43,60,5674,2550,42,476,24,5651,185,565,1,205,596,214,477,13,11,0,2,0,3,12,1
260,37332,10424,508,0,461,665,42,552,460,319114,21385,1227,11343,3765,258984,19561,26290,376,4687,36809,19993,44649,1371,5726,7,216,6,102,628,33
30,1374,306,4,0,172,179,5,6,64,28090,1787,192,890,15,10883,770,686,3,792,1046,1726,2863,33,145,1,136,0,33,71,3
3,279,84,7,0,25,21,0,4,5,2810,152,27,63,20,2117,450,306,6,128,497,128,331,16,9,0,3,0,2,8,1
4366,1023,272,3752,26747,558,802,1221,22190,10619,23924,14916,18996,1231,10438,11179,3361,2715,3619,3632,3854,5233,7820,34,137,4,109,0,347,478,302
22,338,86,15,0,226,205,6,1,82,11356,234,124,504,3,3605,98,56,12,452,335,154,475,25,229,0,147,0,63,164,3
129,180,43,236,8,74,432,90,4719,1052,3190,1441,1034,224,871,1237,645,291,231,521,748,290,645,4,22,108,18,0,29,82,9
2462,190,55,7432,5555,499,1082,1742,687,12549,8991,15984,10703,618,16478,3789,1167,868,7257,1725,2220,1889,2982,8,69,20,129,134,318,334,569
113,1826,378,28,0,160,94,87,110,135,28793,1671,1852,406,129,7722,1311,2041,23,2588,2258,1135,1823,122,30,0,8,0,94,223,88
232,2087,670,227,0,1364,642,42,39,2157,30830,4101,617,2092,45,25306,6910,3692,216,7669,5718,6342,9478,258,178,6,13,1,482,420,8
0,1,1,0,0,1,1,0,0,1,39,5,2,2,1,12,10,4,0,3,8,2,4,0,0,0,0,0,0,0,0
423,1267,277,154,132,704,315,482,43,1968,28238,5213,3417,988,1056,11157,2622,2182,134,4365,5101,1651,3496,39,127,0,11,0,161,205,191
135,659,110,185,1,152,852,160,148,229,6041,1282,1593,226,488,3432,1071,668,181,741,568,412,921,4,91,0,11,0,16,54,3
5,20,4,15,0,15,22,2,39,14,242,69,78,10,19,103,46,25,14,44,25,22,40,0,3,0,0,14,3,3,1
13,79,16,2,0,31,29,2,2,33,1470,191,261,42,13,501,142,139,1,407,81,61,107,5,4,0,1,1169,15,20,4
2,7,4,3,0,12,9,3,21,13,298,39,14,23,10,98,90,44,3,22,55,18,32,1,2,0,0,0,1,1,0
113,765,280,38,1,341,325,46,40,805,37685,3651,3085,406,172,9484,1671,1222,26,725,1716,2811,3587,32,192,0,138,8,83,429,38
0,8,1,0,0,0,0,0,1,0,64,4,1,3,0,70,3,2,0,3,6,5,8,0,0,0,0,0,0,0,0
43,49,17,16,5,28,8,39,24,148,930,225,442,37,160,340,94,105,10,69,459,154,255,1,6,0,2,5,3,9,17
2487,891,188,2375,6943,391,348,1169,20660,8006,14132,10070,11269,1103,8215,9005,2238,1613,2295,1967,2234,3331,5354,33,112,283,83,13,296,328,300
6768,2930,836,4565,3204,6642,1242,2437,3417,37681,108250,50110,35791,2895,39378,37623,15104,8469,4256,12665,41671,15929,24118,155,557,0,19,611,2098,489,854
4,104,29,1,0,4,6,0,2,2,1310,150,14,22,1,721,95,73,0,25,122,39,102,5,2,0,1,0,1,2,0
6,780,169,4,0,47,162,9,31,84,13198,595,210,302,14,5768,1209,440,1,274,1307,1146,1780,9,65,0,49,51,19,49,2
215,26240,5205,364,0,492,395,23,1078,458,117230,11205,832,3778,883,112037,9674,12081,209,3235,30650,8443,21188,717,427,11,64,1,110,239,15
33,501,147,8,0,64,128,5,2,17,9335,560,516,170,10,3463,163,256,7,290,716,268,438,30,16,1,8,9,18,18,1
665,238,66,524,4989,102,99,883,2366,1096,3718,2320,2949,209,4115,1568,513,521,497,449,505,864,1339,4,24,2,18,0,60,80,84
3272,493,144,3857,8999,573,411,1853,525,4672,8852,17109,13000,380,11950,4944,1011,1306,3782,1487,2253,1788,2955,7,47,0,61,0,217,310,333
17,82,15,12,0,35,89,12,107,68,695,212,165,73,57,443,83,66,11,40,79,84,133,1,3,0,2,0,3,14,4
34,1215,223,15,0,56,218,18,61,42,16168,905,428,178,62,7379,847,1155,12,441,1176,587,944,121,15,15,3,838,35,90,142
76,2095,805,10,0,244,322,18,66,272,84189,2362,311,1661,27,16310,2667,1368,5,1202,3358,2459,3888,55,164,2,154,0,99,152,6
2,35,9,4,0,18,9,7,1,13,419,29,93,15,10,167,40,69,3,19,104,25,38,2,1,0,0,0,0,4,0
181,1861,539,796,6,689,3278,298,1023,982,16361,5232,3304,1514,648,13795,3741,5518,673,4820,2659,3162,5677,48,430,33,13,0,75,193,14
3009,972,332,1028,27373,713,2263,2648,27159,8200,20946,20191,26295,1916,9801,10291,3198,3198,971,3488,3575,3896,6514,35,179,46,144,29,411,548,269
1,14,4,3,0,4,4,0,10,0,159,25,9,2,2,91,42,20,2,6,7,9,17,1,4,0,0,0,0,2,0
14,1450,341,136,0,74,226,11,184,59,9792,1576,161,688,169,9836,875,967,105,586,2128,461,1518,15,111,0,6,0,16,69,1
6,17,5,4,0,6,2,2,2,5,174,35,15,5,3,122,77,31,4,10,43,19,37,0,1,1,0,0,1,3,5
5,29,15,1,0,37,25,8,4,8,895,64,92,125,5,626,267,102,1,660,54,140,177,6,5,0,3,0,7,31,2
769,952,219,2219,4167,905,523,1986,215,1066,35081,8542,25899,985,15587,7275,925,1632,2142,9189,4062,2140,3711,110,50,0,36,0,413,779,808
9,12,4,4,0,6,2,3,1,7,156,37,23,5,4,111,62,25,4,11,46,19,39,0,1,0,0,0,2,3,7
2,8,5,3,0,12,9,2,41,12,326,38,10,23,9,110,107,48,3,22,56,20,34,1,2,0,0,0,1,1,0
426,1580,375,182,67,748,468,402,1254,2554,32405,6509,2608,1178,977,14298,2861,3033,172,5494,6291,2616,5661,63,165,2,12,12,189,229,199
1,176,57,1,0,10,22,0,2,5,4047,71,16,119,1,1625,154,128,1,61,88,50,154,1,8,0,5,0,3,13,0
213,130,36,237,0,114,703,190,11991,3064,3993,2178,1420,696,1798,1996,1122,500,230,888,1187,367,831,6,31,26,27,0,49,122,28
1,0,0,1,0,2,1,1,0,1,29,7,6,3,1,8,6,3,1,4,5,2,3,0,0,0,0,0,0,0,0
16,215,49,28,0,53,384,10,319,24,3356,259,224,172,28,1477,1373,362,27,245,208,161,413,7,24,2,1,0,2,22,1
47,1374,284,4,1,129,252,16,2,353,38037,827,966,303,48,6803,990,438,1,597,1194,1638,2024,19,49,6,27,150,29,250,5
68,876,260,16,0,497,317,14,2,462,36558,1811,1476,317,143,8108,694,359,4,1331,1053,1743,2226,21,154,8,36,53,110,386,11
258,29156,6335,3388,0,1144,596,74,850,1333,147659,17219,1443,12345,2093,168468,12146,9288,3260,5710,17916,11447,26521,1214,3870,27,316,10,189,729,20
2,16,4,8,0,8,16,1,34,3,242,32,28,7,5,130,78,23,7,11,13,12,27,0,5,8,0,0,0,3,0
88,591,136,18,1,348,421,74,128,855,19731,1486,1994,686,236,3544,271,585,14,1025,2690,2281,2647,96,453,13,171,7,108,139,25
3165,753,166,2566,9328,402,391,1332,39192,8123,13020,10881,12729,1006,9414,7991,2059,1450,2485,1885,2087,3434,5137,27,101,0,79,0,294,319,307
1,15,4,2,0,4,5,0,8,0,171,27,6,2,1,110,47,27,2,5,9,10,19,0,5,0,0,0,0,2,0
365,3286,580,1037,38,694,10090,358,1372,773,36846,3849,5860,2071,2342,19915,5148,5091,993,5845,4011,2915,5362,44,192,36,9,25,94,166,25
9,54,19,65,43,67,181,29,285,87,1973,250,300,247,88,605,492,183,58,157,96,216,338,1,22,0,3,6,2,19,2
47,1429,321,8,0,170,186,4,19,148,24334,2612,164,1617,57,10386,577,217,1,692,1247,643,1837,163,245,0,56,2,18,108,4
1246,6784,1726,1386,294,3052,704,1653,4773,14313,138139,21453,16065,1956,6700,52674,22619,11554,1185,5739,43284,20361,25895,214,388,115,14,617,1008,287,251
42,839,154,126,0,135,733,56,563,219,4691,830,424,184,211,3349,1003,925,119,525,731,436,813,12,26,0,2,0,10,23,2
1,19,11,1,0,15,6,3,6,18,436,74,26,22,3,453,152,68,0,56,81,27,53,2,1,3,1,0,1,5,3
1,14,8,1,0,14,6,2,5,16,358,48,22,17,2,329,128,46,0,52,72,21,41,2,1,0,1,0,1,4,3
9,13,4,3,0,11,5,1,2,6,206,48,13,7,6,99,11,22,2,11,28,22,38,0,1,0,0,0,1,2,1
43,1836,707,17,0,164,327,13,49,304,68260,1108,642,2176,24,26346,3413,2045,9,1114,4123,1698,4454,69,466,5,79,16,50,126,8
10,1671,301,96,0,30,878,4,255,21,7916,1132,165,272,92,6375,3121,1866,90,448,1613,947,1508,78,139,0,3,1,5,30,3
12,1465,270,95,0,38,950,10,418,23,7962,1232,222,312,93,6129,3154,1556,89,506,1596,934,1497,140,150,0,3,1,6,33,5
1576,1757,551,1279,466,1669,5500,4102,291,3681,60893,19014,23841,1582,4597,20673,4664,5531,1245,8095,7036,3732,6861,390,143,123,59,27079,514,475,1972
2,6,2,7,0,3,6,2,2,3,176,20,15,2,6,66,23,15,6,8,8,10,20,0,5,0,0,0,0,3,0
0,0,0,0,0,0,0,0,0,0,4,0,0,0,0,1,1,0,0,0,1,0,0,0,0,0,0,0,0,0,0
100,228,53,189,192,73,438,77,3772,831,3747,1461,882,261,696,1600,790,349,184,575,791,339,729,6,28,0,17,0,29,88,8
37,6225,1277,160,0,94,159,5,508,226,35458,8028,121,1333,253,30871,4062,3879,120,921,6744,2057,5300,46,180,0,39,0,24,257,3
54,1584,522,13,0,196,470,14,43,377,61797,1128,812,2354,22,22423,2901,1668,5,1276,3878,1663,3798,36,420,12,74,9429,66,123,11
86,4149,998,89,0,271,337,20,568,95,50717,1924,746,2376,57,33430,2497,1863,58,2296,7312,1387,3907,582,287,3,56,0,46,145,7
3580,339,114,3602,9129,395,778,1048,57575,10630,10162,12391,9616,842,14719,5722,1616,1245,3473,1751,1853,3075,4558,22,75,0,80,4,292,296,328
128,193,45,237,15,75,431,79,4142,968,3282,1437,982,230,846,1335,667,299,232,526,751,299,660,5,23,0,17,0,30,84,9
3,206,71,6,0,29,21,1,3,4,2787,157,27,58,12,1702,497,264,5,167,395,118,287,14,8,0,3,0,2,8,1
103,7423,1978,277,0,358,497,26,1238,188,77759,7791,1039,4438,119,60279,5933,3551,210,3600,11526,3470,8116,701,803,19,148,0,155,376,15
2,133,37,1,0,5,6,1,2,1,1280,146,12,24,2,810,112,82,1,22,131,41,110,6,3,0,1,0,1,2,0
14,66,41,18,0,61,37,16,11,42,2516,213,164,85,113,762,1631,275,18,90,395,83,174,3,2,47,1,0,2,26,2
2635,410,87,3576,4855,288,1161,751,6271,4736,6419,10126,11155,401,8316,3718,1007,852,3521,1034,1271,1586,2574,9,49,47,80,831,192,240,251
107,360,93,37,0,147,177,26,1,46,6701,2140,871,125,76,2616,100,241,35,395,1006,326,648,5,10,0,5,0,13,31,4
2260,314,75,7706,5955,300,410,630,2176,5017,5969,10892,8681,340,6927,3043,828,706,7537,957,1332,1236,2036,6,41,0,74,7000,179,224,165
97,593,171,9,0,412,620,35,98,269,24183,1116,543,769,71,6086,389,129,6,960,1888,3270,4224,31,359,0,122,196,256,197,28
50,418,90,13,0,73,279,38,66,78,9161,616,1300,128,88,3210,462,650,12,370,737,377,586,33,11,0,3,152,33,89,163
4114,675,159,9653,29930,733,549,1504,5042,18301,15851,19788,19613,919,26253,5992,2065,1295,9341,2681,2512,1711,3774,20,104,0,113,676,479,527,675
3,68,18,1,0,4,3,0,3,4,768,104,12,38,1,456,17,13,1,27,73,13,49,6,5,0,1,0,1,2,0
2824,547,141,9427,6624,494,355,2534,351,11332,22860,17742,12580,975,21390,6651,1738,1266,9162,2172,4769,3148,4638,21,94,0,114,0,341,367,228
221,591,101,438,2,197,2403,309,87,414,6256,1906,2872,574,2469,2601,543,624,437,1434,1042,971,2124,7,979,0,3,1142,53,81,5
170,1993,653,123,0,1014,1705,57,267,1036,68693,4106,2263,4783,72,20181,1841,1697,84,3402,8083,7181,9348,579,1677,8,920,7,536,512,26
2878,436,119,5464,5986,442,414,1540,2979,5284,8102,14321,10356,427,18790,2924,824,1018,5371,1291,1892,1590,2972,6,45,2,67,53,206,275,363
12,9,3,31,65,5,7,10,1,30,184,149,75,2,95,84,9,31,30,15,66,44,62,0,1,0,0,0,2,0,5
0,1,0,0,0,0,0,0,0,0,9,1,0,0,0,3,3,1,0,0,2,0,1,0,0,0,0,0,0,0,0
642,800,227,226,0,303,307,263,17,164,34009,2312,5850,305,558,6025,1450,2357,191,2191,2521,1477,2002,79,38,0,39,20,110,290,74
3,63,19,4,0,13,29,6,10,11,1104,76,41,79,11,700,615,151,3,177,142,122,187,3,6,0,1,13,2,15,3
6,8,6,12,23,21,2,8,5,33,410,80,79,34,62,101,40,24,11,41,109,32,60,1,2,100,1,0,2,3,4
486,2330,569,3047,476,1287,1514,1705,809,7434,21914,17335,10318,804,4577,17890,1969,3460,2861,4066,3408,4475,10525,92,375,85,73,450,317,455,146
0,32,6,0,0,0,0,0,3,0,150,18,0,7,1,198,8,14,0,8,35,11,23,0,1,0,0,0,0,0,1
169,135,43,25,0,160,310,88,4,556,7803,1641,994,520,232,3425,82,449,2,407,531,976,1489,11,92,23,254,0,206,73,70
17,22,19,26,87,122,34,59,41,44,2285,479,112,144,238,650,432,89,25,156,347,133,192,4,13,0,3,0,22,20,10
5,1141,193,1,0,19,22,2,36,53,5963,2929,35,460,31,6073,148,663,1,186,621,230,517,15,12,0,2,0,3,12,1
622,246,123,207,1113,284,324,656,1966,1327,8479,5284,3155,173,2749,2930,2398,418,204,1423,4611,374,843,12,50,41,22,0,110,513,86
1659,8482,1822,2207,783,8241,1759,608,1458,27200,132993,21271,21486,5764,5882,50723,12999,10820,409,14556,26632,16971,24195,441,489,269,116,0,1313,586,1438
0,1,1,1,0,1,1,0,0,2,34,7,5,2,2,11,7,3,1,3,9,2,4,0,0,0,0,0,0,0,0
5586,2822,603,9090,15044,1421,3030,5597,66230,20704,45729,38053,41992,2646,18051,25212,6782,5043,8807,5335,6207,7929,13224,136,282,10,236,30,1042,1201,665
0,24,6,0,0,2,2,0,7,0,170,14,2,3,0,151,21,16,0,7,15,7,16,1,1,0,0,0,0,0,0
4601,1133,304,3772,30332,612,859,1358,24051,10991,26544,16173,19769,1442,8934,11610,4180,3067,3641,4227,4352,5377,8145,28,155,0,118,2,387,547,286
4518,2069,468,5334,1719,672,4298,4016,70882,17578,33418,22709,20747,2750,25212,18350,4913,3775,5178,4351,6782,11536,17962,70,279,73,239,327,829,770,1472
6,127,66,4,0,32,23,2,2,8,2844,161,52,51,9,1130,517,224,3,212,370,116,268,10,7,0,56,0,2,8,1
11748,280,81,5543,16450,804,850,1919,910,6177,7932,27249,13789,405,37904,2701,731,1137,5431,1690,2015,1775,3303,6,50,0,86,6,340,493,305
20,194,45,33,0,55,194,8,486,23,3445,259,265,175,33,1370,1289,322,31,225,207,151,380,5,18,0,1,0,2,24,2
0,27,7,0,0,2,2,0,8,0,187,16,1,3,0,163,22,18,0,7,16,7,18,1,1,0,0,0,0,0,0
331,3014,739,2139,115,1157,1029,1053,1939,3486,19812,15474,7932,880,1946,20665,2309,4448,1975,4129,3890,4766,8920,134,488,186,78,37,244,672,52
2506,386,105,5725,5050,399,332,1357,725,4664,7363,12639,9556,356,17510,2622,667,918,5623,1117,1886,1429,2632,5,40,0,53,688,170,235,316
298,275,73,297,2076,96,231,433,4853,2003,6442,2012,2294,383,2165,2994,1041,637,281,1466,940,985,1600,20,49,0,18,63,66,83,32
5,32,9,6,0,23,59,4,264,8,549,72,37,9,5,324,102,52,5,69,31,45,82,2,11,2,1,0,1,11,0
3,23,9,4,0,13,11,1,6,13,472,59,20,23,11,132,109,54,4,29,102,26,50,1,2,0,1,0,1,2,1
2166,339,77,6620,6698,265,450,617,3972,4580,5648,9906,9355,333,6912,3016,839,710,6487,888,1210,1262,2075,6,40,0,70,1000,167,208,193
26,180,42,35,0,58,148,12,532,27,3519,259,281,179,34,1339,1270,300,32,209,206,142,361,3,13,0,1,0,3,23,2
32,253,86,2,0,31,58,6,1,129,9331,319,516,195,170,2919,383,196,1,192,662,200,422,3,23,0,4,27,9,14,1
1744,821,272,5609,52,2603,383,3515,35,12456,23472,22879,22793,2698,17721,10169,1103,1932,5044,2088,20992,5623,8378,16,141,808,212,83,648,161,1157
419,453,184,190,125,741,190,57,120,832,18027,4492,3034,277,1549,3770,685,184,39,458,1545,1478,1955,19,187,24,9,1,96,331,85
8,954,177,2,0,23,22,1,2,16,6855,573,30,452,5,5861,304,214,0,164,549,621,1125,26,174,0,19,0,6,12,1
6242,802,218,6247,37384,589,1065,1566,12694,5187,14245,20153,14046,922,18284,5655,1812,1705,6030,3026,1847,2781,4571,24,90,0,90,76,429,475,319
1041,609,176,1420,4664,441,919,439,88131,6428,10964,8357,7578,1342,3760,7536,1699,1293,1398,2308,2102,1716,3245,60,37,36,26,4,228,350,92
2,17,5,4,0,17,5,9,0,21,355,22,101,11,13,120,28,48,3,16,92,19,30,1,1,102,0,0,0,4,1
1026,211,58,494,5709,181,356,700,9940,2104,4979,4484,5359,373,8097,2074,584,617,471,1192,873,1003,1610,8,31,0,33,0,95,128,157
677,242,67,513,4712,105,108,920,2257,1107,3821,2337,2955,222,4008,1642,536,550,487,473,516,893,1382,5,26,1,19,1,62,83,80
9807,1356,414,14835,85326,3017,1376,5954,26187,44596,48592,59371,44098,3051,40073,19598,6208,4699,14336,21172,11768,9019,15366,73,341,9,255,77,1122,1321,1410
1025,2071,465,301,0,1149,3083,665,56,1364,54745,5612,15110,1371,2070,13051,5832,5117,276,5472,2775,2057,2906,411,40,20,34,39762,140,1106,198
1,170,55,1,0,11,23,1,2,5,3979,70,21,118,1,1586,149,125,1,63,86,49,153,1,8,0,5,0,4,13,0
3105,1291,416,3060,263,2048,2871,4271,97,5864,53919,32395,22920,1137,11323,13977,2515,4182,3013,6581,7471,3249,6206,186,99,0,52,5429,499,465,4334
279,1049,397,106,6,526,182,242,269,1508,29427,3179,5840,547,713,7179,2257,4047,103,10065,3027,3163,4048,126,56,0,7,2,163,447,67
65,1201,205,315,0,178,785,112,696,254,9478,1439,611,420,179,5776,2319,1841,309,1482,1141,718,1611,14,320,0,6,0,11,58,2
68,478,71,17,0,127,88,36,14,73,5815,643,1935,178,191,2214,286,544,15,1551,552,428,659,41,11,0,4,0,52,126,57
809,18405,4084,966,68,6206,1309,256,6761,19653,232646,21460,7583,7997,1759,105181,27285,19713,99,24648,35312,22272,29680,1088,955,284,83,8,930,601,703
132,1236,249,32,0,230,96,123,42,161,23271,1636,2996,372,130,6001,808,1505,28,2580,1874,937,1490,85,27,0,8,5,107,261,88
2292,296,73,8012,5249,303,356,660,1058,5082,6156,11119,8319,336,6944,3046,817,692,7829,950,1387,1234,2024,6,41,0,72,0,181,227,150
7,96,54,4,0,30,22,2,1,10,2518,140,107,42,8,945,439,184,3,173,327,102,232,7,6,0,4,0,2,8,1
264,1112,225,1162,63,620,1884,292,140,1656,11082,4576,4970,746,1712,7685,1908,1963,1081,2881,1595,1849,3768,35,400,36,8,8,101,189,27
3,53,16,3,0,14,31,7,11,10,955,68,50,84,10,606,540,130,3,181,123,107,164,3,5,0,1,9,2,16,3
973,226,62,429,6611,165,368,720,9928,2041,5250,4401,5438,395,8139,2199,622,641,407,1210,916,1054,1667,9,33,0,33,436,94,129,164
308,419,116,5520,32,338,3788,725,248,2022,7296,11129,8150,447,10599,3950,596,1141,4997,998,1627,2346,4714,66,1396,0,4,749,110,206,11
1939,8002,1691,2564,677,9542,1691,777,656,29299,127094,24159,25188,5609,7264,46737,12579,10975,515,14629,26285,16817,23995,418,470,287,116,0,1304,603,1589
870,17223,3902,1093,84,6222,1335,286,7271,20803,225569,21572,8848,7744,1806,98218,25168,17872,113,25154,34289,20464,27510,983,897,52,85,6,918,592,719
5,839,171,4,0,45,154,9,22,76,13391,582,186,289,14,5756,1196,455,1,251,1319,1138,1758,9,67,0,47,0,18,47,2
112,22,6,173,1048,38,28,95,280,614,698,711,663,47,1143,255,89,62,167,215,151,93,185,1,5,0,4,0,15,16,14
1,2,2,2,0,7,4,2,2,8,132,22,14,12,6,43,28,14,2,11,24,9,16,0,1,0,0,0,0,1,0
0,17,2,0,0,0,0,0,1,0,90,7,1,4,0,110,4,4,0,3,10,8,13,0,0,0,0,0,0,0,0
1709,1170,315,512,6203,280,186,1853,1965,3967,15432,7295,10193,1097,7713,7804,2469,2368,479,1745,2710,2325,4344,19,86,0,69,0,227,322,115
786,766,167,2926,5714,980,371,1799,157,1145,31290,9443,25287,786,18517,5858,715,1405,2851,8337,3754,1922,3324,76,44,0,31,11,405,793,1040
59,561,89,16,0,115,107,29,26,69,6815,606,1342,214,132,2670,360,653,14,1683,646,475,730,64,13,0,4,52,53,127,40
449,2497,592,2918,283,1299,1458,1505,1030,6384,21475,16283,9242,819,3595,18528,2028,3605,2736,4115,3390,4582,10234,102,405,21,72,179,300,441,138
6,1288,201,2,0,21,19,1,2,13,7601,672,17,417,6,6238,345,255,1,136,622,562,1101,27,210,0,14,0,6,11,1
64479,50576,24911,71995,71129,69017,44173,74089,167727,491758,1723531,530760,707019,197521,853721,576557,162694,157858,51039,183540,839788,222996,406408,6112,17759,1384,10719,2787,5636,24405,62500
170,972,201,45,0,275,90,162,21,204,20221,1932,4152,336,163,5105,673,1293,41,2540,1694,828,1346,59,25,0,8,7,116,276,103
17,369,81,7,0,150,265,2,3,125,10144,303,58,524,2,3347,112,96,5,319,284,226,550,30,299,0,153,0,33,183,1
1,21,12,1,0,16,6,2,5,19,472,78,24,23,3,491,159,74,0,59,86,29,57,2,1,0,1,0,1,5,3
300,4790,1179,114,0,533,474,659,289,462,91371,5605,10019,1451,546,22061,4832,7532,94,10868,7100,3796,6016,484,106,0,32,107,350,773,260
41,3414,677,48,0,67,89,4,113,60,24445,1962,169,1544,74,16560,1666,995,34,539,2544,1057,2627,251,276,19,13,0,11,47,4
1829,3568,1124,1379,0,1349,232,1658,82,1490,160199,47377,25385,1917,27199,25319,7494,10352,1255,26057,15300,39272,44053,26,84,34,63,108,214,1455,2420
352,9351,2024,68,0,1642,1448,64,19,1667,194131,6723,2965,7564,70,89491,5672,4449,48,8229,12316,7269,15249,265,3429,0,396,0,763,731,14
83,30,7,363,143,101,29,149,197,397,729,1203,859,50,519,332,72,102,351,114,261,113,244,1,6,0,2,374,6,17,19
8,871,166,2,0,25,20,1,2,19,6748,559,31,479,4,5747,306,197,0,196,548,663,1161,28,151,4,21,0,6,13,1
3,136,32,1,0,16,34,1,3,8,3069,64,72,126,1,1237,116,95,1,76,65,45,132,2,8,0,6,1,5,14,0
2,22,7,5,0,9,30,1,10,5,293,40,30,10,4,188,94,38,5,25,41,22,38,1,6,0,0,0,0,3,0
802,855,190,386,0,313,186,449,10,242,31178,3352,9858,313,1165,5097,1202,2112,345,2182,2384,1413,1971,65,35,0,45,0,132,274,96
249,33094,7073,3742,0,1115,604,64,493,1144,147571,18173,1401,12492,1620,180034,11784,10473,3605,4862,18895,11024,27487,1544,3892,21,335,26,218,684,18
43,2629,599,7,0,112,94,8,178,111,38675,1177,262,1806,4,20543,1555,739,1,1237,2410,2219,3784,141,238,2,21,0,28,61,3
0,1,1,0,0,2,2,0,0,1,45,17,3,3,2,23,11,7,0,3,14,3,5,0,0,0,0,0,1,1,0
2,17,4,5,0,7,4,1,5,1,321,56,21,5,4,131,53,26,5,12,17,15,32,0,2,0,0,3,2,3,1
35394,112741,40466,29994,29355,51599,39452,40309,49562,440926,2409773,428527,478137,182499,654727,860385,250293,207357,16046,199807,1103683,259348,446772,7578,22048,2082,11411,1112,3783,24319,32446
259,54,15,249,1705,39,7,233,252,450,1039,1138,1552,55,840,424,115,135,241,147,213,209,397,1,7,0,7,0,23,29,16
2063,1532,436,3817,4425,2716,188,3059,1008,2550,58242,16448,35833,1442,24913,9527,1264,2925,3713,7196,7104,3466,5225,136,77,0,69,1400,1007,1942,3409
6,29,8,6,0,23,57,3,198,9,512,68,45,9,6,301,98,46,6,67,29,43,78,1,10,0,1,1,1,11,1
13,2019,392,15,0,50,58,6,9,18,11653,878,103,513,81,10322,645,887,12,350,2329,293,1066,64,57,0,7,0,8,23,1
0,26,7,0,0,2,2,0,8,0,182,15,1,3,0,159,21,17,0,7,16,7,17,1,1,0,0,0,0,0,0
335,583,171,3473,32,403,4662,702,435,775,8101,11670,6663,1023,5280,6960,2264,1557,3279,1224,1280,3171,5422,77,1398,41,13,12,108,191,3
11,1570,290,96,0,34,989,7,317,23,8064,1191,213,295,96,6368,3223,1743,90,481,1614,954,1524,105,142,1,3,5,6,32,4
170,771,198,57,1,358,371,43,57,1262,33123,4508,2995,314,444,7811,1498,812,42,672,1595,2701,3551,28,213,1,148,15,77,455,57
36,3335,820,8,0,72,70,3,59,52,30852,1104,149,1414,52,20212,2372,2003,1,679,2944,1977,3455,205,411,9,37,9,28,47,3
9,492,105,3,0,66,96,0,48,48,8195,200,25,278,2,3832,165,199,1,133,289,320,635,108,274,1,86,4,7,89,0
32,1009,254,100,0,120,166,19,151,80,10806,1279,366,601,104,8792,698,618,79,535,1849,516,1400,9,89,0,5,0,17,68,2
3,55,15,5,0,25,117,4,122,7,787,86,23,11,4,530,132,103,4,56,46,56,110,1,17,0,1,0,1,10,0
1,14,4,2,0,4,4,0,9,0,162,25,8,2,2,96,44,22,2,6,8,9,18,0,4,0,0,0,0,2,0
7,10,7,12,81,26,3,8,8,36,528,96,85,39,64,132,66,38,12,50,120,35,66,1,2,0,1,0,2,3,3
21,16,15,32,352,108,40,66,22,49,1771,502,147,121,292,442,291,92,32,135,297,109,162,3,10,21,3,0,16,18,13
27,71,12,26,1,40,65,15,151,92,668,263,214,57,115,392,67,59,25,38,82,83,132,1,2,0,2,0,3,15,11
52,2487,596,9,0,115,112,7,136,146,39550,1301,310,1832,4,20787,1602,742,1,1323,2484,2280,3939,104,227,0,22,0,31,62,3
1,141,42,5,0,3,6,0,3,2,1344,119,7,63,11,1122,60,81,5,43,182,92,193,15,22,0,1,0,1,3,0
46198,11753,3234,5908,187000,3254,14093,17789,81427,46524,160449,177834,197179,7800,188747,79466,23877,19710,5385,18531,24304,39914,69518,264,1199,300,937,5440,3699,4090,2595
4,17,10,1,0,28,14,8,3,7,666,43,85,74,3,369,217,74,0,454,38,93,115,3,3,0,2,0,4,20,2
590,14811,3178,7360,3,2861,15954,1315,5988,2780,111701,17780,20781,5852,4937,75631,45466,49078,6587,20683,27288,34084,51359,456,3918,50,133,27,515,953,248
1,16,5,3,0,4,4,0,8,0,194,29,5,3,2,131,54,35,3,6,10,12,23,0,7,1,0,0,0,2,0
245,102,32,159,1147,44,13,319,1189,711,1885,1216,1525,93,743,753,234,229,151,215,325,281,509,2,10,5,10,0,29,40,21
340,2115,440,89,0,440,919,94,115,103,32653,4192,621,2405,663,15997,2413,931,67,2536,2260,1313,3036,14,193,14,6,28,42,182,37
1698,311,136,2130,1285,1585,1869,1170,7260,1841,16754,7816,4541,619,9430,6008,2666,1194,2075,1032,2427,1481,3266,14,208,13,146,37,238,641,129
4,14,5,8,0,10,17,2,8,7,300,35,38,10,8,159,88,28,6,28,33,23,38,0,4,0,0,0,1,4,0
62,941,338,29,0,312,372,32,37,636,42138,2454,1825,379,114,11913,2150,1386,18,803,2006,3118,3945,39,225,0,129,0,85,413,24
240,22162,5054,268,0,450,860,26,1152,685,225558,9714,1442,5090,78,167759,18108,9409,141,9467,25286,15799,28052,961,253,18,222,1,165,459,60
2520,1143,267,3015,10784,793,974,2069,16802,11752,25724,12783,18189,1928,12936,12791,4033,2464,2906,9253,3934,5666,8971,80,211,30,114,16,433,513,246
954,15479,3604,1280,298,6085,1574,321,7686,22296,215500,21788,10735,7273,1970,88853,22128,15118,138,26227,33006,17903,24543,824,808,72,85,4,1100,570,749
221,30984,5521,400,0,421,737,26,1158,496,210895,8720,1179,4488,215,170704,18120,10472,267,7681,25780,13934,26127,638,302,24,181,1,108,433,89
2,2,1,2,0,7,4,2,2,9,112,25,20,12,9,36,23,12,2,11,23,9,15,0,1,0,0,0,0,1,1
103,223,52,199,93,75,442,79,4005,850,3681,1467,908,261,717,1568,771,342,194,576,787,336,724,6,27,0,17,0,30,89,8
674,4327,1008,250,0,488,438,805,929,4972,94564,6872,10060,2883,2680,20906,4742,7181,208,10248,7853,3764,6371,322,100,0,115,18,285,918,393
3533,5324,1182,4612,540,5009,15339,1995,1399,29313,54824,38593,29888,3041,18601,45116,12784,12430,4182,7930,22630,9091,20818,209,1109,1725,140,518,212,864,1084
1060,527,148,1677,1712,509,858,654,46974,5280,9891,8104,7362,1189,3847,6777,1442,1072,1655,2260,1957,1608,2988,50,35,0,24,0,259,358,104
5927,464,135,7631,20743,786,872,2363,531,5982,10823,10470,21857,477,23748,4603,1144,1516,7479,1728,2894,2579,4153,8,57,0,95,596,401,491,662
56,3305,630,53,0,705,731,16,343,406,76561,1148,239,2479,14,19034,346,478,28,1162,2093,2489,4454,330,3143,3,732,6,366,782,24
4,80,20,8,0,12,31,2,39,2,745,150,32,13,5,589,259,85,6,32,49,35,88,1,6,1,0,0,1,5,0
100,10633,2889,332,0,298,546,31,471,138,70140,6121,1056,4267,1316,70821,7628,4891,273,2969,13288,4052,9695,1186,1005,10,120,36,123,295,14
700,2493,589,177,0,1015,4818,492,81,1089,63548,3937,11722,1841,1298,17908,6697,5996,161,5832,2802,2431,3335,510,47,5,18,8202,132,1051,142
8,10,3,4,0,5,5,3,1,7,128,32,24,4,5,94,48,18,4,9,38,18,35,0,1,0,0,0,1,3,7
2385,319,87,2315,13779,287,67,1011,1980,2918,6101,9107,8027,263,6330,2064,632,670,2270,959,1054,1070,1756,4,27,0,39,91,146,186,286
286,297,79,279,2164,90,240,402,4435,1963,6865,2015,2078,408,1963,3235,1124,678,263,1498,977,1042,1681,22,53,0,18,13,68,84,32
94,28,6,485,345,108,28,157,46,414,638,1377,908,50,563,298,64,94,470,111,246,104,227,1,6,0,2,358,7,19,21
17,1746,445,3,0,86,49,3,8,60,23260,456,89,736,25,13916,1009,786,1,417,1761,1179,2216,73,271,0,23,3,19,40,1
1,21,5,3,0,4,9,1,5,3,231,30,11,4,2,161,56,37,2,12,21,10,24,0,4,0,0,0,1,2,0
504,17059,3551,7118,3,2568,23227,1162,5711,2579,123652,18725,18570,6270,4576,79957,49998,53714,6406,19792,29432,34604,53547,421,3764,149,141,241,483,941,267
113,8587,2339,318,0,323,426,18,563,170,75825,6724,926,4356,372,63646,7081,4092,253,3287,12447,3625,8591,902,896,14,129,0,128,333,15
1,0,0,1,0,2,1,1,0,1,23,6,4,2,1,7,4,2,1,3,5,2,3,0,0,0,0,0,0,0,0
17,1199,290,113,0,93,186,14,189,59,9665,1397,223,623,130,9152,772,752,89,599,1906,457,1417,11,92,1,10,0,16,66,1
2,9,5,2,0,7,7,1,3,4,243,24,21,23,3,102,29,17,2,21,34,23,30,0,1,0,0,0,0,1,0
215,149,48,121,664,38,14,292,1086,732,2537,1225,1177,124,573,1036,321,302,114,258,415,351,615,3,14,0,11,0,31,44,21
138,113,32,203,3,93,477,68,6995,975,2964,1465,990,387,667,1608,820,334,199,577,596,365,700,6,24,0,19,0,40,100,9
12,1846,359,14,0,51,57,6,7,17,10673,816,123,512,85,9592,557,803,11,344,2120,277,996,58,56,5,7,0,8,22,1
4587,1185,239,6854,13618,468,1859,2853,71363,11256,17437,20637,17856,1351,25137,7923,2387,1860,6634,2178,3801,6088,9717,22,126,0,141,46,449,520,794
4295,456,127,4825,18202,531,228,1330,54877,10636,11475,14827,14011,883,17349,6463,1753,1222,4655,1778,2003,3283,4866,18,83,0,82,0,331,348,540
678,1763,525,385,7,1061,600,1295,80,763,60182,6636,15272,1500,1836,11865,1894,3856,354,13374,4846,2632,4242,239,84,0,33,3425,456,1066,468
1,19,6,2,0,4,8,1,6,3,239,30,12,4,2,176,56,42,2,12,22,11,25,0,4,0,0,0,1,2,0
103,6165,1551,112,0,551,335,20,225,909,33768,10126,454,4458,101,47452,9032,6097,102,4094,7976,6737,10400,296,370,1,24,0,81,141,10
435,159,48,430,2737,123,187,504,8296,2404,4779,2148,2449,316,3794,1976,724,464,410,1337,834,785,1289,13,34,0,19,44,62,77,42
264,1477,323,1858,0,407,5426,585,637,412,13352,9265,3272,823,3100,10939,5768,5291,1724,2433,2022,4748,7410,172,1491,18,43,0,249,164,17
2,34,9,3,0,6,6,1,7,3,432,32,22,33,6,191,40,52,3,17,47,31,42,1,2,0,0,0,0,1,0
567,818,209,1377,916,1497,458,1196,7801,9423,18603,16573,6818,675,3814,8254,2038,1427,1276,2779,3363,6089,9623,25,108,0,4,2,88,242,221
2,16,3,4,0,7,4,1,7,1,256,49,19,5,3,121,54,24,4,11,15,14,29,1,2,0,0,0,1,3,0
98,2437,575,114,0,172,314,12,1086,484,44105,4088,376,1526,24,23596,3500,1856,91,3060,4873,3303,5357,94,101,0,35,1,47,167,28
3,53,15,5,0,25,121,4,124,7,759,84,24,11,4,515,127,101,4,56,45,55,107,1,16,33,1,0,1,10,0
1968,456,97,2180,5109,233,874,673,4391,4387,7114,7714,8935,419,6898,4140,1143,933,2139,991,1331,1707,2713,10,54,110,73,470,166,259,191
432,284,72,323,4587,86,127,713,1652,1062,4299,1940,2240,259,2373,2053,634,645,300,503,534,955,1524,7,32,0,19,0,57,107,64
19,726,127,55,0,12,292,25,474,8,5394,397,497,74,43,3694,1924,743,49,160,548,148,447,5,8,1,1,0,3,16,2
145,1277,513,924,0,478,624,589,804,1629,14779,6547,4290,727,732,12761,3424,4010,842,2017,3359,3053,5438,51,346,4,21,0,72,175,20
64,494,72,17,0,122,90,34,16,68,5819,613,1754,182,172,2248,289,550,15,1544,553,430,659,44,11,0,4,2451,51,124,52
9,63,14,16,31,27,49,9,158,11,1027,126,195,121,44,444,146,150,15,91,87,94,190,3,11,0,0,0,2,11,1
2,150,41,1,0,5,6,1,2,1,1297,151,13,24,2,868,107,87,1,19,134,40,110,7,3,0,1,0,1,2,0
31,2181,742,20,0,120,236,10,92,185,62683,1299,360,1774,31,27573,3679,2330,11,891,3940,1488,4437,64,417,1,61,2,39,110,5
1435,2365,551,1725,2103,1852,2831,3076,3953,1664,64399,10855,29990,1777,17303,12874,1918,3755,1634,7085,7275,3937,6043,244,85,20,71,2059,799,1428,1546
29,156,40,15,0,165,298,49,11,410,7973,706,925,611,67,4734,111,317,1,621,379,1362,1826,17,534,0,241,0,83,104,21
137,469,241,30,0,613,203,51,90,755,21852,3640,3007,416,926,4796,1452,377,2,640,1654,1956,2404,20,135,12,11,24,39,254,74
21,1243,164,2,0,170,204,6,166,191,24062,904,154,562,8,6328,285,251,1,368,973,2766,3544,27,440,0,201,0,185,99,1
941,90,32,923,2307,259,205,668,3433,5643,4491,5049,4071,395,7291,1702,579,373,884,1497,1095,759,1444,6,38,0,33,3,110,124,132
116,38,14,129,7,59,214,49,8210,1039,1470,999,593,236,730,918,634,256,127,441,342,194,357,4,11,0,14,0,26,58,9
459,405,153,2063,144,746,460,727,206,4625,8243,10239,6482,390,2903,5514,1234,1231,1972,1907,1856,1487,3414,19,231,0,20,6,131,261,50
81,707,177,17,0,127,340,74,27,28,10926,1016,1590,242,66,5268,1901,1696,15,1212,794,600,1028,16,16,34,3,844,58,189,10
292,285,76,286,2152,93,234,415,4626,1985,6634,2006,2169,394,2086,3104,1077,656,270,1479,956,1016,1646,21,51,0,18,20,67,83,32
2969,723,204,976,9861,352,132,1636,3593,4092,11335,8945,10969,811,9557,5141,1685,1789,936,1567,2086,1905,3447,11,62,2,64,3,233,280,104
24,39,26,22,0,61,32,21,9,47,1877,219,201,79,109,443,889,179,22,95,422,66,131,2,1,25,1,0,3,24,4
1214,12698,2980,1472,453,6533,1610,362,7901,23863,190399,21139,12619,6706,2545,74528,18243,11892,174,22260,31736,15394,21788,645,696,326,90,5,1132,560,863
0,19,3,0,0,0,0,0,1,0,97,8,1,4,0,116,5,4,0,3,10,8,14,0,0,0,0,0,0,0,0
5126,377,103,6098,21968,625,174,1367,18806,9669,9902,14993,14606,747,22351,6155,1461,1065,5900,1728,1850,2970,4488,15,70,472,82,0,368,395,529
353,3961,1192,44,0,1580,1094,173,174,1993,147999,8354,1551,2606,256,37360,2199,2467,33,4667,13245,9756,13789,182,1584,0,337,45,932,739,101
2,151,44,1,0,13,27,1,2,6,3724,67,40,132,1,1477,138,118,1,76,78,49,152,1,9,0,6,0,4,14,0
7,1034,185,1,0,22,23,1,5,14,6912,594,27,446,5,5989,311,229,0,147,549,586,1091,26,198,3,15,0,6,12,1
4546,1599,357,13538,36785,975,1919,3598,108123,22137,31839,45022,33727,2085,34500,16568,4379,3272,13053,4109,4646,5980,9397,55,182,83,188,20,903,838,662
872,95,32,1948,1056,156,386,782,3838,4616,3776,4673,3438,346,5105,2054,575,382,1885,769,796,954,1494,7,35,0,48,1,115,127,102
0,17,5,0,0,2,2,0,9,0,160,13,2,3,0,130,20,12,0,8,13,7,16,1,1,0,0,0,0,0,0
599,402,199,205,928,379,983,770,3830,1538,15540,6311,4363,289,3116,5645,4697,741,202,2232,7154,660,1368,25,99,10,29,0,152,717,91
3407,293,86,12232,5544,1093,458,1662,239,14896,11871,19616,14210,973,35849,4883,1519,1059,11942,5062,2794,2782,4481,19,98,0,102,2756,389,431,645
0,1,0,0,0,0,0,0,0,0,9,1,0,0,0,3,2,1,0,0,2,1,1,0,0,0,0,0,0,0,0
2,33,8,10,0,22,98,5,74,13,337,88,66,21,11,213,114,78,9,61,51,44,72,1,7,0,0,0,1,3,0
313,456,204,118,15,720,158,57,125,808,19217,4162,3105,310,1317,4069,820,213,20,512,1605,1572,2044,21,186,0,10,1,86,320,84
416,1489,318,178,104,694,354,466,383,2354,29538,5869,3264,1015,1055,12292,2573,2526,165,4609,5586,2070,4520,47,138,102,12,0,166,210,191
1186,101,37,1196,4135,297,246,864,12746,7114,5051,6065,4857,470,7523,1957,702,463,1155,2165,1241,863,1667,8,44,0,39,7,130,146,151
465,58990,7646,1124,0,6006,1150,105,161,5073,283272,78213,1240,31590,1576,322782,7409,27951,868,13071,36201,23900,43349,409,713,50,1137,0,401,1823,481
485,102846,11711,1416,0,6878,896,62,205,4119,308531,94915,844,32392,2669,379320,7875,35510,1085,8798,42712,25468,50378,454,682,47,1673,0,459,1807,158
10001,17364,5285,17906,2376,7087,2669,11225,2791,109058,484163,54227,72361,7725,79695,164406,63071,34407,16285,43361,93117,79592,112629,467,578,694,124,37,896,1671,7401
2,23,7,5,0,9,30,1,9,5,297,40,29,10,4,189,92,39,5,24,40,22,38,1,6,0,0,0,0,3,0
1,8,3,4,0,2,6,1,17,1,138,19,8,2,3,69,25,19,3,6,9,8,17,0,6,0,0,0,0,2,0
63,187,55,13,0,62,87,29,7,32,4801,525,1800,78,47,1513,569,493,12,330,384,230,352,3,4,0,1,3301,7,42,6
17,5,4,22,0,5,3,10,1,68,257,40,60,25,60,86,86,25,22,16,60,24,48,1,0,0,0,0,1,1,3
0,1,1,0,0,2,2,0,0,1,41,16,3,3,2,21,9,6,0,3,13,3,4,0,0,0,0,0,0,1,0
390,3757,963,120,0,588,521,748,343,489,78530,5362,11899,1468,587,18795,3858,6208,101,11152,6198,3336,5289,429,98,69,33,290,364,787,258
478,640,139,168,116,941,714,125,49,742,14746,7048,3009,288,3777,3315,500,149,22,564,1753,1210,1718,14,201,40,11,140,152,401,183
60,972,221,10,0,410,149,22,2,424,33694,1186,1248,313,131,6384,708,317,3,834,778,1559,1968,20,119,1,31,57,91,356,5
26209,7778,3052,12803,3533,3135,12088,18460,708,79513,264165,79678,285100,13406,96699,123105,29139,30830,7928,14587,76281,35010,50897,678,1573,429,442,524,2268,2521,8824
3562,910,266,2071,12142,562,931,2307,4449,4948,14657,14853,11143,790,7462,8211,1996,1932,2010,2298,2849,2401,3997,15,79,0,100,1,292,408,298
184,1020,539,41,0,1711,909,232,593,2647,106219,12435,6533,3743,184,20098,7329,3426,10,4993,3423,11866,13722,157,120,2,178,12,366,693,157
6,350,159,1,0,23,47,2,3,39,12914,169,149,208,7,4961,1012,332,0,174,610,296,548,11,25,0,7,5,9,13,1
2475,1162,378,2441,239,1514,2299,3315,48,4976,46557,27404,20060,855,6123,12218,2153,3776,2404,5106,6223,2830,5335,118,80,614,38,4344,386,360,3325
64,1170,199,318,0,176,760,113,728,261,9269,1411,620,416,178,5606,2260,1823,312,1479,1134,703,1585,14,318,11,6,18,11,57,2
86142,28678,15489,195629,123847,81222,39445,96995,16865,587389,1316260,628936,813767,166439,1015476,423498,92749,106774,144465,145480,650000,160463,340719,4004,13922,2376,10599,1359,6713,23612,64007
1,15,4,2,0,7,6,1,6,1,234,44,13,5,1,159,66,42,2,11,17,16,32,1,3,0,0,0,0,2,0
1,5,2,2,0,4,3,1,1,1,97,10,7,3,3,52,37,19,2,5,21,6,11,0,0,0,1,2,0,0,0
1757,8300,1769,2327,841,8653,1749,659,1162,28079,130752,22202,22699,5701,6339,49318,12831,10888,443,14528,26474,16918,24120,433,483,361,117,0,1318,593,1493
713,1410,429,123,4,2707,893,262,431,4291,91143,16716,7964,2769,716,15728,3456,3590,15,3532,6097,9367,11210,81,894,0,153,20,387,1232,427
104,218,50,203,133,75,436,79,4377,868,3607,1459,936,256,731,1524,749,332,198,568,781,330,715,5,27,0,17,1,30,88,8
2356,302,74,8127,5598,325,405,692,1386,5304,6192,11309,8441,356,7168,3111,831,714,7943,1019,1400,1262,2078,6,42,0,78,0,188,236,161
129,20,5,385,23,25,74,119,750,466,569,649,710,40,482,323,83,61,377,104,85,116,194,1,5,0,7,2,15,19,14
0,0,0,0,0,0,0,0,0,0,5,1,1,0,0,2,1,0,0,0,2,0,1,0,0,0,0,0,0,0,0
262,298,73,221,1015,49,191,547,23,562,3589,1985,2316,143,2042,1811,555,542,209,892,502,575,984,4,16,0,13,0,34,58,29
7684,2393,641,5882,5070,7186,1392,2318,43,37260,96785,56280,38078,2704,52073,33591,13259,7636,5548,12360,37654,14647,23139,130,492,0,18,616,2211,522,869
4,170,64,5,0,29,22,1,3,5,2710,154,31,50,10,1381,494,227,3,193,355,118,277,9,7,1,4,0,2,8,1
10,550,151,5,0,60,160,14,12,161,13622,577,335,277,25,5604,1361,283,2,264,1208,1030,1557,9,65,1,153,6,20,51,7
445,4121,791,395,11,2283,867,121,58,5774,78767,3806,2133,5506,547,53753,6798,2980,260,16227,12027,15514,20705,117,1381,43,290,15,846,855,119
2,17,4,5,0,7,4,1,7,1,304,55,20,5,3,127,54,25,4,11,17,15,31,0,2,0,0,0,1,3,1
21,1045,209,85,0,54,764,15,700,44,8294,1283,365,311,44,5308,2593,1056,77,660,1502,1137,1706,316,224,3,5,0,9,42,7
25,13,13,38,168,97,41,62,16,43,1498,518,173,105,305,363,234,92,38,119,264,95,144,2,8,0,3,1,13,17,13
2273,278,70,8186,4758,306,282,639,261,4638,6148,10826,7940,315,6574,2982,790,651,7992,905,1396,1209,1968,5,39,0,66,0,179,227,133
264,918,338,161,83,590,173,293,136,1718,24622,3080,8491,476,1383,5678,1862,3102,158,8683,2822,2946,3831,83,45,0,7,14,172,440,91
19,46,14,124,258,56,97,26,73,91,2112,260,569,184,197,483,309,105,108,130,86,197,319,1,15,0,3,0,7,24,8
73,881,344,33,0,329,365,37,29,707,41339,3116,2571,387,140,10664,1881,1330,22,748,1933,2916,3720,35,207,0,132,46,84,426,28
750,10736,2935,400,0,7568,7022,215,2190,3737,415325,6787,3902,15261,199,126513,3972,1503,154,12678,36708,10387,20097,1586,10315,9,4850,0,3301,3290,108
1223,117064,24369,4280,0,3819,18716,1103,11400,926,833165,69921,14606,40357,10287,637146,72592,76152,3907,44535,177366,53086,105255,29263,11191,231,1186,487,1435,3927,144
59,35,12,27,121,33,10,50,18,193,790,296,580,36,213,285,70,84,20,71,397,141,242,1,5,0,2,0,3,9,22
204,1691,485,966,21,681,3287,276,988,1161,15516,5205,3791,1331,836,12616,3383,4946,840,4189,2432,2940,5296,43,474,49,11,0,73,191,15
74,1622,531,16,0,228,502,21,43,433,66067,1326,1200,2610,25,23609,3094,1784,7,1499,4182,1802,4047,38,460,0,81,18,77,135,12
1,15,4,2,0,7,6,1,6,1,229,43,13,5,1,155,65,40,2,11,16,16,31,1,3,0,0,0,0,2,0
28,77,22,86,99,133,16,35,5,47,3556,425,907,65,93,584,282,86,11,1602,186,165,222,4,4,0,11,0,22,18,69
2726,8322,1955,3912,89,4885,14091,1973,5298,27641,177293,55412,28146,3786,9590,65965,22048,27959,3285,10296,30228,12407,24768,234,972,14246,171,969,192,949,139
5,14,5,8,14,3,10,6,0,21,263,111,51,4,13,134,14,47,8,20,78,46,61,1,2,0,0,0,1,1,2
1,4,2,2,0,4,4,1,0,1,90,11,10,4,3,44,30,15,2,6,21,6,11,0,1,0,1,0,0,0,0
65,13947,3017,231,2,698,796,48,152,2952,62372,12302,717,14978,779,87532,11559,6346,83,6563,12260,9047,14589,102,920,52,293,2,205,511,28
236,1740,557,115,0,1338,2646,104,306,2569,80865,4049,3080,5886,150,20846,1320,1367,72,4314,5834,6243,8859,640,2507,6,1312,29,698,573,68
0,0,0,0,0,0,0,0,0,0,9,1,0,0,0,3,3,1,0,0,2,0,1,0,0,1,0,0,0,0,0
965,188,49,703,4450,185,312,611,6981,2072,4355,4433,5240,314,7114,1792,489,545,678,1082,784,881,1462,7,28,0,31,4,89,122,118
147,749,225,51,1,368,350,48,63,1159,35441,4284,3159,373,304,8348,1564,1008,37,710,1639,2790,3626,29,202,0,156,24,81,455,55
88,34,8,68,1039,24,30,76,1154,269,632,449,672,42,326,321,117,76,66,209,123,89,172,1,4,0,3,0,11,13,5
0,2,1,0,0,2,2,0,1,1,55,17,1,3,1,29,18,10,0,3,15,3,5,0,0,0,0,0,0,1,0
613,2763,663,138,0,957,4985,437,84,1059,67627,3497,9732,2015,836,20714,7476,6619,124,5930,2847,2437,3313,545,51,58,15,29814,131,1003,124
3935,484,138,4561,6085,518,619,2220,6404,7198,9637,18088,11479,657,25099,3628,1123,1215,4465,1737,2061,1907,3586,7,57,0,98,369,275,358,607
54,3359,746,29,0,211,168,5,11,69,49404,2809,197,1733,70,29302,1783,1040,24,1073,2687,2384,4651,79,428,1,144,0,86,81,4
761,836,186,2660,5329,921,408,1859,179,1067,32560,8848,25268,853,17466,6354,790,1480,2582,8535,3849,2011,3476,89,46,63,32,2,401,768,922
1733,294,82,3350,12672,324,102,1347,15204,8267,7830,6851,7750,602,9067,3546,1046,742,3245,1471,1890,1527,2458,8,54,0,67,13415,218,229,171
3,12,4,8,0,27,5,14,0,30,355,26,135,13,23,113,28,47,6,20,97,20,31,1,1,0,0,0,0,5,2
483,19355,4848,196,0,413,629,70,626,678,282816,40369,2622,6130,154,169747,7654,4585,84,5237,37909,5125,21449,970,471,2,228,136,286,723,22
265,4029,1166,432,3,1551,866,247,488,3437,94634,6839,2986,2945,371,38252,3874,4087,358,8399,30126,4967,8864,296,369,0,108,0,454,304,141
1,13,5,0,0,3,2,0,18,0,189,13,3,3,1,123,20,10,0,10,12,9,18,1,1,0,0,0,0,0,0
163,901,148,161,2,599,759,75,14,908,23070,8617,3087,224,1604,6953,613,527,134,1108,1934,1560,2311,14,147,0,123,31,118,525,74
296,1394,395,106,0,170,294,71,19,84,40377,2760,1839,322,141,8054,1594,2369,80,1891,3006,1896,2424,132,59,0,22,75356,86,167,12
118,4967,1294,98,0,685,553,22,114,1073,31436,7692,461,4860,44,41376,9698,5233,91,4501,7189,6893,10508,293,210,7,21,0,113,148,8
3,9,5,1,0,19,5,2,2,19,321,31,23,12,2,226,93,30,1,68,74,21,40,4,1,0,0,0,2,4,4
938,191,54,1012,5688,122,80,744,1681,1559,3245,3283,3672,166,6900,1210,406,424,976,413,488,783,1248,3,20,0,18,107,66,84,142
36,3088,781,6,0,79,68,3,56,55,32114,1182,177,1473,26,20105,2266,1692,1,788,2935,2089,3576,192,369,5,28,0,22,51,3
1,20,6,2,0,4,8,1,7,3,239,30,12,4,2,174,56,41,2,12,21,10,25,0,4,0,0,0,1,2,0
176,1084,547,41,0,1624,953,229,588,2470,107628,11155,5518,3800,166,21879,8003,3860,9,4915,3752,12770,14719,179,147,0,177,0,366,683,133
0,36,7,0,0,0,0,0,3,0,166,20,0,8,1,223,9,16,0,8,39,12,26,0,1,0,0,0,0,0,1
377,4593,864,428,9,2107,938,115,27,5226,74093,3521,1834,6410,491,57609,7919,3133,290,16259,12506,15490,20839,199,1509,124,304,26,768,842,94
6372,605,160,10147,20019,702,987,2595,4309,5997,12061,12469,21499,534,23534,5302,1481,1530,9919,1749,3030,2791,4498,8,57,3,93,10000,378,475,568
8085,19831,6220,20320,3871,6301,2392,8160,4512,92813,558106,48017,57442,7523,68494,188339,82939,37317,18746,38001,96052,83990,118387,516,606,107,123,16,974,1549,5684
1174,447,108,1993,8351,306,98,1255,2721,8259,10030,6177,8691,737,8973,4843,1353,965,1929,1812,2234,1764,3291,14,80,6,83,284,236,253,199
2,37,10,5,0,10,34,2,8,4,370,46,19,13,4,255,105,60,4,25,49,28,49,1,8,0,0,0,0,3,0
3054,5940,1326,3674,349,4353,15584,2051,4063,27102,129074,40386,31176,3012,11293,49006,15419,15817,3223,8469,23628,9827,21002,198,910,2046,137,676,193,830,210
911,528,119,4187,5568,1106,264,1596,73,1451,25373,11890,25133,596,19305,4545,577,1149,4102,7738,3341,1546,2729,43,37,0,30,0,427,825,1523
1289,11232,2584,1522,638,7021,1633,381,6657,24434,171797,20369,13505,6367,3033,66406,16298,11108,196,18671,30369,15658,22290,590,627,189,98,0,1193,565,933
187,674,106,30,0,675,656,65,67,621,16544,2655,1760,730,509,4259,356,562,24,790,3155,1512,1933,70,532,0,129,0,193,251,72
2,16,3,4,0,7,5,1,8,1,247,49,19,5,2,122,54,25,3,11,16,14,29,1,2,0,0,0,1,2,0
75,17569,3575,297,2,675,741,40,139,3046,72918,15066,569,14431,945,99368,12262,7601,112,6655,14561,9930,16576,114,974,0,294,0,204,575,27
0,0,0,0,0,0,0,0,0,0,9,1,0,0,0,3,3,1,0,0,2,0,1,0,0,0,0,0,0,0,0
7915,20365,6392,20669,1480,6102,2367,7634,4852,89584,573039,47309,54739,7474,66978,193469,87432,37624,19087,37777,95674,84230,119354,517,611,173,127,43,985,1544,5799
384,236,59,267,473,55,175,609,28,625,3109,2183,2616,128,3064,1478,474,498,256,854,459,577,976,3,14,3,13,4,35,56,33
925,5999,2053,842,0,1051,593,863,98,1145,236288,23910,6873,2840,11977,50183,16886,18893,677,28405,20849,55221,61427,63,135,5,49,293,183,1474,1443
17,89,17,12,0,35,93,11,83,65,762,222,140,77,51,493,94,73,11,41,82,89,139,1,3,0,2,0,3,14,4
32,1062,239,5,0,415,372,2,76,383,23757,737,70,1556,6,9074,276,272,2,786,1046,1455,2464,95,552,0,441,0,199,154,2
29,3874,768,52,0,52,58,5,53,45,22723,1638,166,1356,145,17411,1416,1487,39,415,2603,1026,2726,214,258,11,11,0,11,40,4
51,564,181,168,1,176,438,68,447,152,6951,1081,863,358,239,3727,1553,2947,166,698,1196,1387,1945,9,365,32,3,0,23,23,7
475,646,136,132,226,990,825,158,34,671,14813,7740,3051,310,3977,3545,529,147,15,658,1849,1170,1680,15,200,0,11,446,169,429,199
3299,876,268,2203,15099,516,808,2220,4249,4722,14022,14460,11179,707,7927,7628,1875,1814,2140,2083,2764,2368,3866,12,74,0,92,5,272,378,316
5009,398,109,5989,22246,613,187,1306,30480,10256,10359,15572,14261,785,21425,6276,1530,1110,5799,1752,1909,3048,4592,16,74,0,83,0,367,393,529
4038,644,156,4213,14609,483,449,1320,3746,9707,16268,12176,14951,796,24610,7639,1719,1722,4079,2761,3109,4190,6208,18,94,5,88,0,291,374,367
24,14,14,33,206,99,43,66,17,47,1588,500,172,110,303,388,262,93,33,124,276,98,149,2,8,0,3,0,14,17,13
278,1403,310,361,22,253,1782,208,2406,673,18895,1998,3826,604,633,7654,2032,1696,342,2423,1475,1762,2489,21,97,14,9,0,32,129,21
2259,6297,1368,2287,123,1502,18162,962,169326,20886,88159,30268,18381,7319,14003,55803,30034,12788,2220,17671,18745,5799,13409,120,586,23,410,64,507,2102,126
338,1334,377,116,0,197,356,79,22,86,38753,3028,2425,364,167,7910,1497,2240,88,2094,2963,1886,2402,134,61,0,23,60179,94,188,13
5030,23591,7393,20607,725,5153,2274,5508,5415,78494,639224,44453,40175,7589,60886,222732,103844,41234,18906,37046,99795,87438,124701,576,646,5494,133,94,948,1486,5656
1173,2696,606,362,0,649,432,1517,532,5955,73717,8811,16371,2594,5726,14921,2635,4851,327,10659,6273,3226,5483,214,85,6,119,0,312,1063,544
1,15,5,2,0,4,4,0,9,0,184,28,5,3,2,121,50,32,2,6,9,11,21,0,6,0,0,0,0,2,0
6539,1017,255,6407,57135,760,1915,2122,91026,18280,21029,19531,32533,1852,15412,12900,3462,2320,6265,4614,4609,4149,7015,24,175,25,142,3110,528,569,395
4164,701,163,9574,30073,754,586,1499,7465,18486,16155,19700,20985,962,26356,6150,2118,1349,9265,2792,2577,1764,3881,22,107,0,117,0,486,531,690
65,1261,214,304,0,181,823,114,570,242,9912,1474,549,427,181,6141,2447,1883,298,1501,1148,750,1668,15,318,17,6,0,12,60,2
3,267,83,7,0,24,21,0,5,4,2799,151,26,62,19,2084,456,308,6,128,490,127,326,15,9,0,3,0,2,8,0
161,285,54,30,1,542,259,70,186,779,13646,3893,1431,406,1175,2474,396,457,13,484,756,1248,1530,14,180,0,46,0,64,371,114
203,772,216,83,0,152,95,26,50,198,11115,775,574,390,129,8429,720,470,73,541,1260,556,1381,3,45,0,3,0,30,50,5
49,435,92,13,0,72,263,36,69,75,9207,612,1205,126,84,3285,468,659,11,365,746,380,589,35,11,0,3,124,33,89,160
306,1035,503,50,0,1799,872,266,510,3421,101045,14484,7988,2900,249,16481,5322,4373,8,4695,3553,10634,12391,173,172,0,190,19,337,754,229
4,14,5,8,0,10,17,2,9,7,305,36,40,10,9,156,85,28,7,28,33,23,38,0,4,4,0,1,1,4,0
3,18,7,4,0,13,12,3,4,16,397,57,27,25,12,113,82,41,4,29,105,25,47,1,2,0,1,0,1,2,1
1,21,5,3,0,5,8,1,6,3,234,32,11,4,2,157,58,35,2,13,21,10,24,1,3,0,0,0,1,2,0
28055,7479,2789,14959,7006,3875,10676,17407,503,85301,238629,86150,255847,11651,113732,106261,21152,23842,9802,12677,75588,31976,47492,441,1360,0,373,119,2265,2502,10625
1288,109900,22755,4372,0,3850,19380,1007,13839,1028,864804,72273,15105,37506,7953,615940,75892,67056,3967,48654,167679,49642,100617,25614,10356,3923,1313,969,1343,4040,189
6,18,3,18,0,17,19,2,20,14,224,69,87,8,25,93,41,22,17,40,22,20,37,0,2,0,0,18,5,4,1
27208,7145,2434,16190,10823,6121,8423,13493,381,75740,187083,82878,220033,8020,130725,78867,14316,16786,11899,8662,68293,27147,42064,276,989,1541,309,155,1961,2178,11097
339,13557,2813,218,0,755,405,33,3593,977,122785,8665,1286,3508,243,85862,9545,7796,121,8528,23463,11084,20093,800,333,0,100,52,195,312,16
2115,684,238,7796,157,3071,294,3972,2,14291,22256,26386,24394,2645,21444,9694,990,1793,7104,2078,20061,5510,8321,15,134,0,224,9,711,233,1251
494,919,230,1088,487,1418,461,1021,7287,8650,19441,15054,6605,687,3174,8768,2162,1482,996,2810,3507,6351,9884,26,106,16,4,1,85,233,289
1,7,3,6,0,3,4,2,6,2,175,22,12,2,5,68,25,16,5,8,9,10,19,0,6,0,0,0,0,3,0
55,538,100,11,0,131,215,60,109,464,17309,1383,1243,444,81,3444,708,668,6,284,409,2351,2709,59,168,0,145,0,38,118,48
78524,34704,18778,138994,84608,77952,42901,98792,75568,602670,1502751,592896,784542,195957,984335,489035,119235,131258,101299,167469,731638,186860,380189,5013,15874,11032,10834,2592,6488,25009,63667
406,160692,16306,1790,0,7856,682,41,170,3768,361221,114293,496,24817,3581,434600,8559,43982,1359,6778,54301,25811,59443,478,667,319,2085,0,313,1606,102
12,13,4,3,0,10,5,1,1,6,205,48,14,7,6,95,11,20,2,10,27,20,36,0,0,0,0,0,0,2,1
1,6,3,1,0,4,6,0,3,3,111,11,5,42,1,141,5,6,1,3,28,9,22,2,10,1,2,0,1,2,0
23,188,44,34,0,59,182,10,522,23,3528,254,275,182,34,1367,1300,320,32,223,208,151,378,4,15,0,1,0,3,25,2
2,5,2,0,0,5,7,0,3,3,107,10,6,45,1,130,5,5,0,3,26,8,21,2,13,0,2,0,1,3,0
2,143,36,1,0,13,31,1,3,7,3357,65,60,126,1,1370,129,108,1,71,70,48,143,1,9,0,6,0,4,14,0
2,211,50,1,0,4,5,0,1,1,1451,185,12,24,3,979,120,102,1,15,152,40,121,8,3,0,1,0,1,2,0
751,5061,895,1985,1426,1297,34612,640,2206,1150,49489,6345,10585,2391,2009,30730,5715,4801,1907,7064,10301,2870,7493,66,83,97,15,2420,99,291,33
4761,1056,218,7406,12767,496,1635,2726,31779,10170,15884,21640,17487,1195,20601,7163,2132,1675,7177,2022,3579,5611,9017,18,112,0,132,0,437,529,758
123,153,41,185,14,95,469,51,5612,809,3519,1528,850,403,524,2076,1061,444,181,574,649,418,785,7,29,0,18,0,41,107,8
1,20,5,6,0,6,21,1,21,2,306,34,19,7,4,162,88,34,6,9,16,14,32,0,6,0,0,0,0,3,0
35,1256,212,23,0,134,516,21,149,47,6496,668,251,390,128,5892,559,1333,20,853,1380,941,1736,25,82,1,2,0,9,21,3
0,28,7,0,0,1,0,0,1,1,167,25,0,6,0,221,4,8,0,2,20,8,18,0,0,0,0,0,0,0,0
21,1721,304,10,0,80,125,19,23,175,29709,765,278,313,15,8327,1374,706,4,693,1222,1562,2139,26,42,0,24,0,20,118,8
0,1,1,0,0,1,1,0,0,1,36,5,3,2,2,11,9,4,0,2,8,2,4,0,0,0,0,0,0,0,0
0,3,1,0,0,1,0,0,1,0,44,8,1,2,1,24,22,5,0,4,7,2,4,0,0,0,0,0,0,0,0
1,0,0,1,0,2,1,1,0,1,29,7,6,3,1,8,6,3,1,4,5,2,3,0,0,0,0,0,0,0,0
1,11,5,1,0,4,3,0,10,0,206,12,4,4,1,123,20,10,0,13,11,10,19,0,1,0,0,0,1,0,0
294,27758,6355,156,0,312,408,70,334,411,181482,34670,1973,5545,2070,169668,5749,5792,111,3244,43614,9320,29649,2470,1742,8,195,112,146,415,24
41,689,162,54,0,100,871,18,1115,83,8060,1267,544,369,20,4625,1809,998,44,735,1016,1083,1589,33,229,0,3,0,92,36,13
2246,7104,1459,1177,16,1549,2398,1501,10,4297,116591,29770,43053,3145,3145,55193,13842,11597,1051,8516,18742,5033,9116,108,161,43,68,703,751,605,1805
41,945,285,14,0,59,134,8,38,71,13672,624,433,477,46,8781,1241,990,7,673,1420,489,1178,38,48,0,10,177,8,40,17
109,2567,553,54,0,1390,1362,18,245,803,83463,1453,341,4127,18,21153,586,469,28,2292,4492,2400,4268,384,2669,0,992,0,738,923,26
29,1081,245,5,0,368,357,3,84,336,23217,690,66,1442,6,8931,266,263,2,658,975,1389,2410,94,517,1,404,1,177,135,2
2176,10056,2350,3681,34,4845,15425,1898,5292,29776,200391,58304,24599,4491,8639,78774,26962,32766,3072,10893,32827,13949,27430,311,1088,313,192,519,193,1003,139
2822,536,139,10600,6236,509,162,2260,89,11518,22159,18353,12146,916,20913,6391,1674,1240,10312,2086,4670,3013,4463,19,89,9,112,1,338,366,222
16,1297,315,127,0,94,200,11,197,59,10008,1537,225,661,158,9532,818,844,99,633,2030,467,1497,12,98,0,9,0,17,69,1
255,976,371,127,191,546,171,264,190,1573,26922,3140,7139,502,933,6523,2172,3489,123,9279,2962,3050,3922,106,50,0,7,0,163,442,76
25,19,18,28,114,117,32,64,26,47,2038,510,128,135,264,529,370,106,28,150,326,124,182,4,12,47,3,0,17,19,12
3867,1631,430,2444,24337,599,811,1533,17114,11997,35860,16878,17400,1923,7779,15954,5587,4226,2325,5620,5672,5798,9663,46,209,25,139,25,444,762,312
111,785,293,37,1,345,340,47,42,789,38294,3575,3031,408,159,9740,1710,1248,25,740,1753,2815,3593,33,197,3,137,20,84,435,36
450,335,103,446,198,603,771,563,252,3668,10732,5970,5042,431,2265,3630,1139,1377,410,1232,2498,988,2142,13,67,0,15,73,52,107,73
315,1663,487,95,0,1652,3154,109,230,4057,82583,4456,2598,5819,281,21087,1428,1384,59,3276,6425,4833,7575,562,2731,3,1622,0,789,706,103
28,5555,1173,121,0,99,121,4,17,81,35228,2630,130,1426,759,24780,1902,1832,101,385,4186,1052,3118,386,350,0,59,0,34,89,3
3487,1942,490,1973,21597,545,774,1518,14621,10223,39650,16306,16014,2065,6562,18509,6173,4679,1858,5806,5938,6125,10229,58,231,0,131,20,433,612,285
117,4061,1168,512,0,362,821,61,556,448,27087,4072,752,1963,423,28354,3368,4473,487,2314,5685,4803,7708,64,486,227,37,0,37,333,5
558,10411,2544,1352,0,652,2452,440,1651,760,91734,29690,4794,4584,687,74506,9202,13550,1284,6349,17202,6977,14748,60,775,7,52,0,294,717,35
3637,5063,1130,4726,698,5154,15245,2038,1240,29608,51541,38992,29854,3081,19779,43698,12244,12038,4305,8004,22140,8886,20428,205,1079,418,141,569,218,859,1118
89,2709,581,49,0,1136,1112,19,309,752,79921,1354,343,3617,12,19925,453,506,25,1971,3447,2850,4765,354,2478,3,1029,12,543,808,27
648,355,170,239,870,361,944,760,3606,1525,13580,6200,4123,263,3137,4810,3961,647,235,2031,6388,586,1229,21,87,0,28,0,141,663,89
90,7861,1714,188,0,80,132,6,56,93,38669,5552,316,2034,407,52591,2931,3506,105,765,9805,1671,5886,162,476,1,15,0,14,100,5
2,13,3,4,0,4,2,0,5,1,173,23,10,1,3,77,36,15,4,6,7,9,17,0,3,0,0,1,1,2,0
3,26,9,4,0,13,12,1,8,14,505,62,19,24,12,139,113,56,4,30,105,28,52,1,2,0,1,0,1,2,1
10825,16343,4877,18167,1692,7616,2818,12586,2355,112034,455437,56576,76703,7844,83441,154637,57761,32728,16650,44476,88816,77582,109735,475,561,1198,124,308,913,1708,7716
0,1,1,0,0,1,1,0,1,1,40,5,2,2,1,12,10,4,0,3,8,2,4,0,0,0,0,0,0,0,0
14,776,219,5,0,41,63,3,2,11,11754,418,199,160,7,4313,155,299,4,258,737,317,498,26,18,1,4,0,12,18,1
0,2,1,0,0,2,2,0,1,1,54,17,1,3,1,28,17,10,0,3,15,3,5,0,0,0,0,0,1,1,0
3,42,11,5,0,24,95,4,139,7,610,71,32,10,4,409,106,76,4,51,36,46,89,2,14,0,1,0,1,9,0
508,1396,329,1279,3955,837,672,1739,280,851,44191,6778,23328,1232,7741,10142,1375,2143,1212,10167,4746,2428,4237,180,63,40,37,1206,415,777,517
45,5119,1157,137,0,104,200,6,569,257,33269,7286,155,1509,202,29551,4045,3688,101,1070,6170,2158,5102,40,186,0,45,0,22,159,4
0,1,1,1,0,1,1,0,0,2,36,6,4,2,2,11,8,3,1,2,9,2,4,0,0,0,0,0,0,18,0
159,6298,1238,415,5,1342,1227,77,52,4491,68127,4146,1532,9833,444,68214,12002,3761,230,10504,13574,12515,17491,169,1272,109,316,0,353,676,99
2349,363,98,1915,7051,356,403,1010,2938,2714,7011,8671,9408,400,7320,2611,767,886,1866,1311,1292,1415,2365,7,39,0,51,0,165,228,232
2438,1085,357,856,29979,626,2269,2357,16929,7586,21492,18016,24326,1919,8669,10866,3316,3294,804,3369,3566,3874,6555,36,182,15,138,24,380,519,243
85,10,3,369,62,18,28,81,1,265,337,467,532,22,630,179,41,31,361,62,60,68,116,0,3,0,4,60,9,12,7
2,7,4,3,0,13,9,4,11,13,277,41,19,23,11,90,84,44,3,23,55,18,31,1,2,0,0,0,1,2,1
107,825,334,210,2,207,7653,247,81,504,12737,1086,2015,202,1382,6286,903,2556,192,1000,3163,2530,5013,74,323,1,5,0,51,421,23
4,31,12,4,0,12,29,5,10,12,836,64,58,86,9,436,327,104,4,165,136,79,132,2,4,0,1,0,2,12,4
516,54,19,254,925,87,135,207,1353,894,1672,1523,1930,121,1920,677,238,237,244,464,319,343,596,2,11,0,15,3,40,53,84
1,14,6,3,0,6,6,1,5,4,287,24,17,25,3,118,29,25,3,21,39,25,31,1,1,0,0,0,0,1,0
979,182,52,1060,5534,129,83,749,1479,1710,3226,3463,3707,167,7243,1188,398,425,1023,423,495,782,1252,3,20,0,19,132,68,86,140
2195,335,77,7000,6498,278,461,651,3529,4782,5766,10201,9198,347,6936,3073,849,722,6853,931,1254,1277,2099,6,41,0,72,2000,172,215,191
126,91,27,122,1024,39,53,111,629,699,1890,827,814,130,626,873,359,208,114,360,304,315,481,5,13,0,7,0,23,28,16
6577,1145,307,16776,15832,1027,2049,3379,5180,5722,18708,15733,31341,894,14459,8860,2614,2594,16425,2704,4407,3165,6091,17,95,0,134,647,568,756,422
93,29,7,455,232,110,29,159,84,414,662,1358,897,51,561,310,67,97,441,114,252,108,233,1,6,0,2,293,7,19,21
2051,52616,9248,8020,121,6185,67017,1993,15727,5551,386886,87259,31170,13527,7501,258368,63146,40931,7455,44690,73858,37103,76558,1112,9422,22,75,0,192,1690,235
121,117,33,203,1,93,478,61,6630,941,3013,1456,973,386,636,1655,843,346,198,573,597,368,704,6,24,0,19,0,40,101,9
105,8755,2050,126,0,508,343,19,171,905,41061,13067,334,4299,131,56953,11324,8248,116,3905,9969,7287,11756,518,415,0,25,0,78,144,10
15,122,28,9,0,48,21,13,2,16,3331,329,270,159,39,755,333,419,8,191,424,326,432,2,71,0,1,0,2,53,1
1080,206,55,540,5180,182,347,686,9512,2127,4806,4529,5320,354,8045,1992,557,598,516,1162,845,967,1569,8,30,0,33,0,94,128,148
623,372,182,207,1306,374,951,754,3780,1525,14431,6304,4262,277,3203,5187,4286,688,203,2115,6718,621,1298,23,92,0,28,0,146,695,90
1,0,0,1,0,2,1,1,0,1,27,7,5,3,1,8,5,2,1,4,5,2,3,0,0,0,0,0,0,0,0
966,153,84,171,648,196,227,493,4,1284,5787,4442,2285,130,2322,2051,1458,264,169,1104,3446,286,646,9,32,200,14,13,70,339,99
14,48,8,20,40,23,34,9,69,12,754,97,206,89,69,290,94,81,19,79,61,76,146,1,7,0,0,0,3,10,2
337,437,132,5587,50,351,4174,981,290,1932,8268,11875,8009,541,9183,4603,977,1306,5099,1101,1775,2741,5260,77,1574,0,4,421,104,207,11
1116,109,39,1347,5037,302,258,907,12945,7532,5182,6119,5186,483,7401,2017,752,494,1307,2408,1271,889,1723,8,46,0,40,296,134,152,158
2,12,5,2,0,6,6,1,4,4,253,23,19,25,3,105,27,20,2,22,35,24,31,1,1,0,0,0,0,1,0
29,5533,1176,115,0,98,122,5,20,87,35939,2665,142,1436,761,24567,1923,1773,96,392,4148,1045,3122,354,356,11,61,0,34,91,3
3,8,4,1,0,21,6,3,1,24,317,32,26,12,2,215,90,30,1,76,72,19,38,4,1,0,1,0,2,5,3
397,16855,3467,959,0,752,1644,315,189,959,166683,12193,9480,2417,786,95217,18494,16884,660,7815,32318,6688,12908,269,207,4,47,1120,460,428,135
4,8,4,1,0,15,4,8,4,8,410,25,101,32,3,158,73,32,0,227,23,42,53,1,1,0,2,0,2,13,1
40,777,158,4,0,318,408,10,216,499,26074,1102,221,783,23,5623,356,155,3,638,1770,3661,4566,35,399,1,288,0,293,171,3
128,1727,333,124,0,49,96,5,2,59,26523,1884,192,1475,84,15218,887,395,6,745,3336,795,2229,171,358,0,5,0,10,90,5
372,18937,3721,1077,0,759,1606,318,210,907,173393,14721,8003,2500,747,100727,18954,18367,705,7992,33021,7085,13641,337,235,0,45,451,474,428,131
966,233,65,406,6725,160,379,712,9740,2072,5420,4414,5454,407,8158,2274,643,659,384,1228,942,1065,1699,9,34,0,33,0,95,130,157
24,1294,361,3,0,90,83,4,6,145,24645,1182,133,906,13,12124,979,706,1,645,1497,1535,2545,85,247,0,34,11,29,50,2
773,801,176,2816,5305,956,391,1845,168,1104,31976,9147,25213,823,18128,6094,748,1446,2739,8471,3805,1971,3405,83,45,0,32,19,405,785,978
1829,8138,1727,2449,740,9094,1721,715,896,28777,128793,23210,23939,5657,6753,48007,12697,10940,480,14578,26363,16867,24058,425,477,270,117,0,1313,598,1545
12,363,50,1,0,21,36,3,3,23,3408,603,225,118,6,1347,283,248,0,537,192,164,277,20,9,0,3,1,17,31,1
72,465,70,18,0,129,86,38,13,76,5813,674,2122,173,205,2179,283,538,16,1537,551,426,659,38,11,0,4,0,53,126,58
14,7,4,16,0,6,5,9,2,72,310,36,53,29,49,111,117,32,15,21,68,25,50,1,1,0,1,0,2,1,3
5567,2509,540,9467,19367,1392,2863,5066,87009,21202,42226,38366,41571,2487,20043,22809,6165,4549,9183,5060,5829,8161,13213,113,259,29,229,2,994,1137,664
212,154,49,116,637,37,15,291,1078,722,2603,1223,1143,129,553,1070,330,310,108,259,424,357,625,3,14,0,11,0,31,45,21
153,442,66,122,1,130,338,148,40,223,4866,1028,1690,117,690,2055,502,335,120,507,416,301,710,2,63,0,2,0,19,41,4
320,152,45,33,0,186,288,115,1,579,7424,2326,1159,515,443,3363,77,498,3,388,589,920,1501,9,54,41,249,0,283,99,111
4417,2381,539,4915,6138,616,4402,3788,56460,17513,36770,21450,19654,2906,20669,20617,5500,4292,4766,4343,7187,12032,19250,80,305,98,241,201,813,787,1465
204,478,233,56,0,667,176,56,107,728,20958,3849,3079,374,1100,4477,1118,289,6,582,1651,1786,2246,22,164,2,12,53,59,287,81
4,24,6,3,0,12,19,7,9,12,690,35,58,58,8,325,166,57,3,149,94,62,106,2,3,0,0,0,2,10,4
4364,543,164,3447,7952,567,789,2649,4586,7189,11110,18735,13669,796,29744,4596,1355,1439,3359,2082,2324,2243,4098,9,69,6,114,138,314,407,619
84,4761,1156,106,0,262,337,18,489,91,51248,2323,684,2600,75,35577,2829,2103,73,2182,7702,1437,4032,790,324,23,44,2,51,164,8
2847,638,158,7995,5506,503,563,2650,1759,11287,27161,15719,13833,1192,23458,8040,2101,1473,7793,2533,5108,3778,5689,31,119,27,130,71,367,393,223
40226,4984,1431,10236,148931,2887,6579,11879,7723,59421,118057,169472,121027,4330,284419,34236,12194,11660,9769,11832,17749,25713,43375,95,743,0,728,81,2937,2876,4292
38,1009,302,16,0,56,129,9,60,76,13702,666,423,512,50,9230,1448,1089,8,722,1423,542,1280,36,46,0,11,96,8,41,13
12,808,179,8,0,186,177,3,131,81,16628,396,52,522,4,6111,382,242,2,287,446,484,1068,52,300,0,181,0,28,160,2
5909,750,196,5377,30813,590,1020,1414,16277,5383,12371,19981,13456,851,20537,5138,1713,1604,5170,2779,1881,2823,4671,21,85,0,90,1,410,464,313
4334,678,164,4145,15185,445,504,1295,4996,9555,16658,12178,15243,824,23428,7995,1829,1796,4010,2821,3149,4337,6418,19,98,0,89,0,295,380,359
3193,1239,398,3175,175,1969,3331,4203,78,5821,51125,34787,24104,1070,9682,13335,2298,4041,3130,6446,7000,3133,5966,159,93,70,49,3255,485,450,4098
183,684,103,28,1,642,606,48,77,641,15985,2539,1649,696,497,4005,346,546,23,734,3027,1514,1921,68,528,0,119,0,180,237,67
3,16,5,2,0,11,5,1,5,4,213,67,10,7,5,145,20,37,2,14,28,28,45,1,1,0,0,0,0,2,0
1027,14283,3362,1379,398,6101,1589,347,6848,23104,207097,21740,11801,7051,2164,83110,20263,13517,154,25950,32201,16562,23012,740,762,221,86,2,1097,561,790
4206,487,127,8235,14880,1285,626,2080,7600,17889,16344,21048,19651,1254,27656,7018,2131,1500,8076,8539,3424,3570,5722,32,130,15,121,81,499,551,608
2,170,44,1,0,4,5,0,2,1,1349,165,13,25,2,913,107,92,1,18,139,40,113,7,3,0,1,0,1,2,0
1442,703,206,1821,6020,509,1129,798,109389,9461,13484,10693,8068,1686,4115,9063,2354,1737,1795,2058,2344,1798,3488,71,41,10,33,5,264,450,101
617,732,192,1713,609,1519,466,1361,7121,10217,17860,17991,7049,669,4484,7822,1939,1379,1603,2733,3230,5815,9319,25,115,56,4,5,90,247,178
522,1747,377,68,0,451,895,96,62,85,29578,3281,839,2265,486,14864,2278,816,51,2520,1866,1127,2683,15,133,4,6,34,40,185,33
1,3,2,2,0,4,3,1,0,1,69,10,12,3,3,32,17,9,2,6,17,5,9,0,0,0,1,0,0,0,0
8384,197380,54828,10623,15,73624,21775,4534,16310,61286,3523450,187559,93539,154710,10058,2168067,125045,146413,7906,327299,1149016,167955,292928,10288,21408,88421,4676,114,28939,11363,4757
56,375,68,176,0,23,243,22,203,22,4362,450,820,34,211,1985,1120,415,168,111,327,141,362,2,4,15,1,21,4,20,3
0,1,1,0,0,2,2,0,0,1,43,17,3,3,2,22,10,7,0,3,14,3,5,0,0,0,0,0,1,1,0
0,3,2,1,0,6,4,1,1,1,74,9,3,10,1,53,21,14,1,11,15,12,17,0,2,0,0,2,0,1,0
2,42,10,4,0,19,10,7,1,14,474,33,87,18,11,192,46,79,3,21,113,29,45,2,1,0,0,0,0,5,0
141,120,34,108,525,34,65,134,1933,674,2201,801,789,145,531,1084,488,296,101,499,298,355,554,6,16,0,7,0,24,30,12
2517,5622,1465,1707,5795,3598,806,1842,13067,18739,124067,25305,21086,2115,9287,45665,19336,10383,1482,6995,41818,18968,24850,193,381,23,15,396,1185,329,311
341,922,241,123,0,201,350,165,24,103,31953,1745,2544,324,231,6029,1264,2003,95,1970,2405,1451,1940,100,47,5,26,9,85,209,20
641,146,80,169,704,191,219,472,2,1269,5599,4378,2241,125,2276,1988,1389,253,166,1077,3338,279,629,8,31,0,14,33,69,321,101
73,68,14,80,484,14,45,23,1,298,950,489,518,30,309,433,133,94,77,114,149,133,251,1,4,4,4,0,11,14,11
29,1340,289,5,0,172,177,5,6,66,27951,1769,174,851,15,11183,776,677,3,832,1013,1630,2699,41,132,6,121,0,33,66,3
35,1422,314,2,1,84,224,22,1,273,37587,676,851,259,27,7145,983,642,1,598,1390,1602,1991,18,50,0,28,49,28,184,8
263,866,299,204,82,583,167,324,92,1855,22120,2929,9723,440,1934,4784,1555,2703,200,8088,2664,2770,3643,64,39,0,7,0,169,418,109
27057,6928,2303,16829,10914,6409,8188,12068,288,70143,172526,80914,209471,7232,133214,73424,12804,15212,12802,7893,64997,25979,40425,247,912,22,308,261,1911,2129,11112
208,877,168,127,2,668,1538,81,30,1358,29032,7205,2633,220,1253,7457,1053,669,103,1016,2424,2284,3144,24,298,5,154,54,143,593,56
0,11,2,0,0,0,0,0,1,0,69,5,1,3,0,77,3,2,0,3,6,6,9,0,0,0,0,0,0,0,0
4825,409,113,5768,21379,588,188,1285,37145,10474,10646,15526,13740,799,19683,6300,1579,1131,5583,1739,1940,3080,4621,16,76,0,83,0,359,383,526
343,2681,631,192,1,1068,1001,145,69,1270,41012,4086,1976,4849,1259,14363,9835,4586,176,3556,12968,4556,5481,142,452,57,72,8799,81,376,31
4547,356,106,8368,1728,825,2159,2627,3894,18190,14739,20936,17505,1040,16190,6466,2115,1524,8219,3003,3307,3071,4886,16,114,31,209,3660,538,556,1086
2018,319,81,3020,6695,325,347,1526,14594,7153,8112,9266,7612,654,10684,4323,1208,845,2948,2445,2021,2097,3406,10,80,0,58,503,210,223,235
36,924,164,2,0,296,343,15,211,463,26111,1116,243,821,12,6616,301,232,1,617,1375,3714,4590,33,560,1,345,0,252,189,1
206,1146,457,950,8,492,628,614,840,1817,13627,6617,4634,693,806,11559,3039,3616,870,1949,3145,2795,5065,45,324,88,40,0,74,174,22
8193,225852,61781,11739,11,66696,17477,3350,17075,50513,3937801,184317,75901,139061,7198,2296328,134980,165833,8809,315824,1115828,158710,281834,9567,20738,844,4400,67,30883,11152,4212
331,429,125,5664,48,349,4024,763,274,2038,7858,11534,8099,500,10030,4298,790,1223,5145,1065,1712,2582,5056,72,1489,37,4,499,110,207,12
54,1597,281,287,1,225,3197,50,777,96,9087,2236,618,543,308,5493,2150,3995,286,1251,1443,1426,2303,10,843,0,3,0,11,42,6
5401,22729,7168,20946,1287,5251,2288,5826,5290,80770,626883,44727,43040,7538,62584,215810,101261,40286,19248,36958,98705,86215,123121,563,636,99,133,16,954,1472,5763
0,13,2,0,0,0,0,0,1,0,80,6,1,3,0,91,4,3,0,3,8,7,11,0,0,0,0,0,0,0,0
9,825,281,6,0,54,106,1,2,159,17237,351,113,409,7,8857,2129,597,3,216,1239,591,1160,8,93,0,16,0,16,60,5
109,23,6,151,1083,37,28,91,360,549,684,667,682,46,1007,258,90,62,146,216,146,92,183,1,5,0,4,6,14,16,12
2,71,19,1,0,4,3,0,4,3,777,105,11,38,1,473,17,14,1,25,76,13,50,6,5,1,1,0,1,2,0
3,89,23,6,0,10,31,2,27,2,773,143,22,13,4,696,261,105,4,29,52,39,96,1,7,0,0,0,0,4,0
3480,825,296,1063,39658,657,1984,2731,34883,7718,19018,20147,26918,1698,10088,8909,2865,2868,1007,3223,3267,3754,5983,30,157,18,130,82,381,498,260
0,28,7,0,0,1,0,0,1,1,164,25,0,6,0,222,4,8,0,2,20,8,18,0,0,0,0,0,0,0,0
3,324,94,7,0,26,21,0,5,5,3112,169,25,67,22,2291,490,335,6,134,541,140,364,17,9,0,3,0,3,9,1
4533,1397,385,2660,31338,575,795,1452,19067,11098,32071,16349,19110,1751,7370,13882,5192,3758,2540,4931,5192,5616,8879,36,187,20,126,5,410,558,303
3744,33367,5946,9713,730,8041,60023,2166,14815,6668,322286,61206,54149,12105,11420,197167,45611,27932,9006,45805,58747,31897,60968,433,8677,140,69,7,227,1769,320
0,2,1,0,0,1,0,0,0,1,42,11,3,3,1,19,15,3,0,6,8,2,4,0,0,0,0,0,0,0,0
56,3093,773,15,0,344,157,5,59,142,48429,2420,383,422,9,27285,920,3143,8,2434,2739,1591,2933,209,38,1,33,2,31,130,16
30,1273,328,3,0,106,98,3,6,176,25477,1113,165,990,11,11150,944,666,1,697,1384,1697,2672,69,245,0,35,4,29,57,2
5,13,5,9,0,10,15,2,8,8,316,36,47,9,10,147,73,27,8,26,30,23,38,0,4,0,0,1,1,4,0
9,11,3,15,184,3,8,13,1,29,210,118,74,3,56,93,10,36,15,15,72,49,67,0,1,0,0,0,1,0,4
9,1894,330,102,0,26,712,6,244,20,8260,1173,117,251,92,6651,3186,1994,97,408,1719,990,1587,58,136,2355,3,9,5,32,3
433,1924,423,99,0,1894,2644,214,121,2504,64776,5790,3051,3774,1634,23235,1269,1125,69,4075,7490,2427,4910,244,1219,0,1027,9,720,758,172
203,335,86,386,12,253,1732,479,78,523,4455,1533,2786,168,3413,2208,273,564,357,736,1274,1125,2792,27,154,5,4,5,66,44,38
69,400,105,43,0,127,447,11,2,27,7063,1309,813,158,27,2871,123,232,41,288,832,286,522,17,14,1,7,2026,25,25,2
2557,265,90,3652,11550,391,486,1558,2618,10733,10865,12575,9015,775,16838,4871,1462,974,3525,2557,2859,2519,4086,10,90,0,66,1102,249,261,331
232,1961,633,240,0,1414,530,42,26,2161,30755,3992,544,1955,54,23890,6318,3582,229,7690,5467,6069,9103,267,176,1,13,0,525,433,8
4908,1623,371,5252,27037,923,2321,2195,27395,15143,25943,19143,35750,2003,13307,19739,4568,3152,5135,5578,5271,4840,8719,40,237,19,160,177,598,679,405
2565,1080,253,3108,10793,797,949,2096,16728,11856,24627,12847,18615,1870,13608,12241,3848,2372,3000,9114,3830,5527,8769,75,204,8,113,31,430,504,249
830,676,149,3279,5992,1021,322,1707,129,1255,29232,10363,25185,697,19160,5343,661,1309,3205,8024,3622,1783,3100,60,41,345,31,3,410,795,1286
18,99,25,12,9,34,81,6,55,60,1073,294,92,82,47,717,134,105,11,47,107,114,175,1,5,0,2,0,3,16,4
114,74,21,146,95,83,88,62,10971,1001,2434,1177,909,336,945,1153,517,235,141,452,623,347,667,6,21,0,21,0,33,84,12
277,1502,411,418,6,309,2221,263,1846,780,25223,2211,3901,704,599,9787,2634,2243,386,2882,1834,2353,3267,36,131,1,10,0,42,146,34
29,883,182,12,0,68,64,10,53,32,11434,929,171,512,11,7127,491,349,8,684,1667,204,770,31,33,0,6,0,8,36,2
2,34,8,10,0,22,100,5,74,12,340,87,63,21,11,219,115,80,9,61,52,45,73,1,8,0,0,0,1,3,0
1138,718,261,1000,355,1475,3429,1616,6279,1318,25322,6466,5951,989,4418,9980,4033,2253,962,1347,3352,2066,4258,39,362,35,160,0,180,520,83
6276,847,232,6289,36863,629,1133,1587,10083,5417,15078,19915,14858,962,17353,5999,1894,1776,6069,3236,1907,2661,4674,26,95,0,92,16,437,489,302
9742,3237,680,13247,85596,2767,2382,12797,33229,56908,75214,55725,53263,4755,63898,28015,9109,6634,12837,28274,18362,12465,21668,130,525,0,329,410,1351,1488,1378
784,10791,2990,417,0,8334,8318,200,2557,4138,432174,7293,3747,16800,285,128117,4236,1512,160,12673,37179,11268,21094,1685,11173,0,5239,4,3588,3636,109
8,285,135,1,0,27,67,2,3,70,12632,172,181,218,10,4603,901,314,0,195,631,279,533,12,31,0,5,6,10,14,2
6,374,165,1,0,23,45,2,3,38,13092,172,153,208,7,5076,1017,339,0,174,620,302,562,12,25,0,6,0,9,13,1
2591,421,123,1164,13749,373,512,1116,4814,2510,7850,8864,10678,490,6307,3229,987,1081,1123,1506,1406,1565,2601,8,44,0,59,0,190,259,206
77,2863,613,47,0,1035,1227,19,374,701,81203,1412,311,3510,12,20327,414,513,24,1763,2920,3101,5138,325,2555,5,1173,11,451,788,25
16947,134438,43357,18083,120,111301,31227,12385,9872,110958,2908756,303378,177316,189269,33220,1867021,99174,119415,16223,279743,1347045,168580,302427,34726,12527,679,7341,201,22376,12911,13143
767,67,24,2845,390,147,273,762,2124,4627,3424,4732,3171,301,6285,1661,459,314,2747,687,780,793,1244,5,30,0,45,0,105,113,89
749,1871,613,1639,4,1631,512,2231,2311,8333,37001,10868,12241,3285,6667,16514,2438,3672,1331,2428,33304,6887,9814,28,194,83,211,14,561,169,680
2449,891,251,728,5932,313,151,1837,2216,4040,13029,8116,11032,918,8184,6158,1999,1995,690,1680,2359,2105,3757,14,72,6,68,28,228,283,105
2043,375,84,2586,2326,328,408,1338,9610,5639,7864,8665,7397,604,8007,4474,1177,832,2529,2384,1948,2006,3282,10,81,24,55,13,207,231,198
119,40,11,286,25,29,104,143,1077,465,952,660,766,61,362,563,154,105,279,145,120,180,292,2,9,0,8,0,19,26,14
9,2026,354,108,0,26,696,5,231,21,8823,1267,108,249,96,6936,3373,2057,102,409,1832,1019,1654,55,141,0,3,0,5,34,3
622,2037,565,342,2,1016,736,1093,113,670,62637,6122,13937,1550,1434,12338,1941,3962,313,13525,4993,2753,4379,290,87,0,33,4410,451,1054,454
1,3,2,1,0,6,4,2,3,8,139,20,12,12,6,47,30,15,1,11,24,9,16,0,1,0,0,0,0,1,0
31,102,31,65,0,69,37,62,238,299,2459,601,524,63,235,824,191,233,58,159,516,210,431,2,7,0,2,0,4,13,6
226,1600,441,459,4,323,2058,243,1422,775,26955,2052,3435,686,566,10658,2925,2292,421,2750,1927,2846,3813,51,149,0,10,0,48,146,42
30,2146,402,31,0,68,36,3,26,57,15301,2050,86,556,240,11335,733,626,26,284,2302,351,1377,319,252,8,32,0,25,73,2
209,37394,6597,576,0,417,619,35,885,447,212468,9448,1086,4465,523,179228,19585,12657,407,6319,27417,13091,26720,517,336,382,169,0,94,461,96
77606,36351,19608,126904,70076,75883,43405,97810,95403,595682,1529224,581632,772490,198344,969230,499674,125786,136509,92298,169328,746714,191793,385059,5124,16103,2273,11081,4534,6377,25102,63375
1758,1142,311,544,5375,288,185,1883,2216,4059,15272,7480,10284,1087,7925,7652,2431,2344,510,1754,2699,2293,4307,18,85,5,70,17,231,296,115
268,1327,299,2177,1,428,5629,516,627,413,12303,9395,3480,844,3279,10519,5212,4732,2010,2291,1870,4409,6992,142,1546,7,41,2,258,164,19
7941,823,230,2564,22820,909,1925,3464,1500,5940,16812,23974,22211,943,29377,6794,2055,2157,2483,2759,3557,3268,6407,13,99,36,124,551,486,710,355
1,214,53,7,0,3,6,0,2,2,1212,123,7,66,16,1195,62,110,7,36,204,84,197,16,26,0,1,0,1,3,0
55021,67634,28597,52412,63142,66452,42195,59857,113454,453408,2033996,480265,630475,198645,791919,684892,191360,173423,34327,213755,925689,247592,426844,6219,20485,826,11366,1368,5174,25501,54483
0,18,5,0,0,2,2,0,9,0,162,13,2,3,0,133,20,13,0,7,13,7,16,1,1,0,0,0,0,0,0
36,489,141,10,0,70,164,6,2,18,9045,624,569,165,10,3388,163,256,9,287,734,266,438,31,16,0,6,0,20,19,1
28,543,194,2,0,104,192,17,4,378,15329,514,659,549,24,6291,663,374,1,312,1261,819,1418,5,331,0,4,512,256,87,7
6464,4219,830,6971,57808,2106,4538,10428,11782,47438,87204,45835,44520,5796,37209,35586,10959,7822,6642,29778,19605,14145,24247,205,650,95,328,1293,1282,1429,1066
0,26,6,0,0,0,1,0,4,0,136,16,1,8,1,196,8,12,0,9,33,11,22,0,1,0,0,0,0,0,1
712,210,58,634,5636,93,69,736,2344,1096,3239,2415,3187,167,4720,1290,428,427,605,370,455,771,1192,3,20,0,15,18,55,72,145
438,2685,460,1064,51,719,5991,343,1397,823,31481,3408,5237,1976,2408,16382,4232,3826,996,5243,3324,2421,4524,33,209,30342,8,26,88,146,29
4124,426,115,9327,11038,1302,582,1993,4784,17915,15555,22107,18518,1217,34141,6513,1992,1403,9131,7978,3360,3409,5489,29,125,59,120,3420,488,542,645
414,2435,555,238,2,1200,1184,187,83,1408,38943,4299,3304,5334,1477,13273,7871,4417,221,3486,12351,5346,6275,175,608,6,118,223,106,439,34
2654,8611,2031,3938,23,4886,14268,1950,5241,28665,182449,56230,27530,3946,9456,68477,23285,29284,3294,10582,30755,12675,25245,248,1000,384,180,485,192,965,140
16,702,248,3,0,71,143,4,4,211,16884,409,224,435,10,7739,1261,493,1,236,1268,699,1255,6,175,0,6,0,21,68,5
12,1902,362,14,0,50,58,6,9,17,10833,822,101,515,81,9667,580,816,11,345,2147,279,1003,61,55,2,7,0,8,22,1
113,4804,1334,576,0,356,793,49,492,456,30115,4703,594,2006,449,31648,3822,5038,550,2299,6389,5157,8426,71,531,6,38,0,38,341,5
8,73,16,14,6,28,50,10,120,10,1036,129,184,138,40,496,171,172,14,97,89,99,200,3,13,0,0,0,2,11,1
453,12045,3043,1330,0,566,2881,377,1777,727,101725,36264,3272,5029,757,85209,10762,15665,1255,6318,19348,8525,17792,86,821,0,45,0,272,672,36
0,0,0,0,0,0,0,0,0,0,5,1,0,0,0,2,1,0,0,0,1,0,1,0,0,0,0,0,0,0,0
5,437,180,1,0,22,44,1,2,38,14023,181,113,211,7,5431,1064,363,0,171,652,317,593,13,27,0,5,0,9,13,1
22,358,89,49,1,184,172,14,1,139,12410,503,545,128,134,4659,1205,162,19,345,1056,494,859,6,107,0,165,8,40,95,5
63,923,251,13,0,489,506,13,2,420,36601,1515,1364,319,137,7335,713,350,3,1088,928,1680,2138,21,135,98,34,1826,108,380,7
3941,1854,417,3937,22587,751,2378,2121,20762,13886,28149,16497,30955,2167,10955,21648,5033,3386,3824,5563,5480,5189,9155,46,261,0,152,61,545,616,390
282,2284,456,90,0,383,736,77,127,98,32816,4505,499,2268,601,16095,2237,957,68,2294,2425,1247,2938,13,226,3,6,29,42,160,29
1716,424,124,1393,13346,318,126,1385,3210,2686,8221,7947,6959,426,3917,3324,976,940,1353,1384,1367,1070,2135,8,43,10,49,0,178,230,150
1197,2996,584,1877,2271,1644,28934,839,634,1595,45315,7825,13627,1523,4311,25300,3863,3810,1767,7573,7076,2373,6377,138,82,23,40,2131,220,493,29
89,616,184,11,0,438,803,28,128,415,28185,1289,502,910,60,6601,474,159,8,973,2117,3944,5036,36,399,0,185,4,296,222,23
2326,366,100,1813,7294,379,418,1021,3410,2734,7163,8658,9592,414,7256,2675,800,900,1765,1343,1285,1438,2410,7,40,3,53,0,168,231,232
91,3287,732,25,0,199,214,7,94,162,63351,1003,336,2719,45,36538,2588,1086,10,1486,4884,5592,8469,51,654,4,254,0,74,195,3
11,675,139,4,0,32,35,1,4,23,7058,672,36,631,5,5172,538,144,1,305,687,785,1294,21,141,0,23,0,10,14,1
1,16,9,1,0,14,6,2,5,16,377,55,23,18,2,363,136,52,0,52,74,23,44,2,1,0,1,0,1,4,3
2943,417,114,5484,5590,419,385,1442,1906,5003,7787,13504,9955,399,18184,2812,753,984,5388,1223,1899,1527,2836,5,43,0,61,313,191,258,344
346,1231,351,113,0,221,453,91,23,93,36958,3015,2751,415,190,7625,1400,2103,86,2294,2882,1853,2352,121,62,0,24,10,97,204,13
10,723,148,2,0,28,41,2,2,21,6981,664,36,602,4,5384,501,160,1,283,635,762,1275,23,131,2,25,0,10,13,1
1335,7896,1785,12043,15,3950,17342,1710,4045,5723,79494,26449,34434,3508,16526,52572,31137,15470,10143,19933,18858,27107,39894,340,4667,5,243,236,787,1244,235
406,3247,844,132,0,636,535,840,318,504,72767,5284,12564,1474,650,17155,3333,5534,113,11450,5788,3161,5015,399,93,48,33,637,375,804,263
6,16,5,4,0,6,2,2,2,5,171,35,17,5,3,120,74,30,4,10,43,19,37,0,1,0,0,0,1,3,5
59,3312,729,68,0,119,183,9,163,155,39022,3480,423,2191,103,30386,1794,1423,52,2051,6593,1764,4335,81,250,0,30,54,99,138,19
9903,3360,699,12639,78228,2745,2655,12674,30861,56048,76980,55015,52748,4904,60708,29029,9373,6796,12235,28686,18603,12704,22110,138,544,1,333,2109,1362,1502,1320
1567,716,209,1949,6013,539,1131,970,104293,10712,14110,11398,8573,1753,4498,9289,2498,1804,1923,1990,2415,1835,3583,72,41,0,36,4,272,481,108
12,7,4,15,0,6,5,9,2,73,316,36,52,29,49,113,119,33,15,21,69,26,50,1,1,0,1,0,2,1,3
82,33,8,166,36,47,175,40,189,501,864,687,606,94,621,435,236,112,164,207,253,121,213,2,6,0,8,0,19,38,11
4022,1298,279,4343,25570,738,1527,2133,77277,21971,27213,17150,25680,2018,11083,10695,3889,2300,4165,4552,3515,2626,6174,89,214,23,152,0,597,643,507
23,2138,507,9,0,142,125,2,16,77,22186,876,74,1089,79,11909,439,420,4,384,1634,1272,2643,286,754,2,123,12,15,89,2
304,3320,831,2013,91,1059,1017,1002,2228,2924,20411,15653,7336,891,1658,22211,2519,4928,1845,4095,4319,4919,8947,151,474,41,416,20,221,356,40
26,36,25,5,0,80,41,9,14,51,2521,249,174,200,25,1141,330,340,3,1228,495,122,187,115,18,0,4,0,13,68,20
53433,75330,30619,51001,42686,66282,39520,55026,101377,461592,2119847,480048,614052,198142,761001,707505,207229,178139,32879,218869,958036,247920,422871,6023,20471,335,11672,1074,4772,24864,53069
8341,218436,60241,11293,12,70955,18926,3762,16722,53312,3831636,186499,79733,146044,7891,2265802,132114,160396,8425,327545,1139700,162119,285663,9838,21077,7175,4454,19,30838,11362,4334
30,1504,331,6,0,173,169,4,3,49,27882,1889,164,895,16,12011,732,680,4,634,1090,1856,3089,22,193,1,150,0,33,77,2
139,2263,750,125,0,897,1674,54,265,760,65041,4130,1695,4249,60,20896,2664,1887,88,2758,10171,6767,8929,660,1626,0,741,0,462,459,20
3027,1211,391,3081,211,1809,2849,3863,63,5470,49308,33390,23288,993,8215,12914,2231,3932,3038,6001,6664,3027,5739,142,88,160,44,8959,451,420,3816
15,157,57,42,0,129,30,19,93,23,4979,421,367,121,36,1255,664,180,2,2323,258,278,348,15,8,0,10,0,27,23,36
54,304,80,13,0,104,237,72,11,32,6321,725,1527,143,68,2664,1265,862,11,802,531,364,631,8,8,0,3,0,54,136,12
92,27,8,188,471,18,23,47,0,374,658,696,714,25,589,261,79,60,179,100,129,89,172,1,3,0,4,0,11,13,8
524,31442,5842,164,0,858,1157,82,2147,1612,426722,17614,2115,14939,572,203503,22421,8764,87,11731,38572,23676,43420,1445,5980,1,204,41,140,865,222
262,20064,3838,314,0,604,492,22,1762,669,126577,10422,827,3725,452,95712,10001,9611,178,6645,28926,9572,20877,860,433,6,67,53,134,272,18
5,7,3,40,0,40,3,32,0,53,319,42,232,13,53,95,27,44,33,22,96,20,31,0,1,0,0,0,0,7,3
32,1232,255,7,0,169,164,6,4,76,26977,2254,306,795,14,10797,709,621,5,872,899,1410,2326,48,143,1,97,1,38,65,3
12,10,3,27,74,5,8,11,1,30,199,145,76,2,85,89,10,34,26,16,70,47,66,0,1,0,0,0,2,1,5
35,1256,267,7,0,176,173,6,5,74,28018,2183,267,833,15,11254,748,651,4,923,934,1476,2426,53,144,0,102,2,38,67,3
360,35251,7078,155,0,652,1023,50,741,911,369813,17693,1679,13149,597,232455,20019,13183,83,8371,33596,23523,43341,1470,6288,19,185,8,110,682,78
264,765,301,1178,5,588,566,636,635,2342,10242,6864,5128,611,1278,8617,2146,2421,1100,1905,2392,2230,4221,36,283,34,21,2,90,194,28
11,52,19,71,59,63,175,30,337,91,2005,267,337,256,96,601,501,169,63,154,98,217,339,1,22,0,3,0,3,20,2
199,1911,569,323,0,600,831,81,446,688,21573,6534,1050,2190,271,18970,1926,1911,306,2416,3089,3911,6068,14,392,33,51,0,59,451,9
1,16,4,3,0,6,6,1,6,1,257,47,12,5,1,177,71,48,2,10,19,18,36,1,4,0,0,0,0,2,0
2,15,4,8,0,8,14,1,33,3,240,31,29,7,5,128,77,23,7,12,13,12,27,0,5,0,0,0,0,4,0
1186,694,254,1045,465,1497,3377,1657,7243,1337,24801,6623,6069,971,4935,9739,3952,2203,1006,1337,3321,2016,4176,37,354,599,159,7,184,530,85
170,126,37,200,0,111,724,170,12179,2869,4059,1989,1220,745,1560,2168,1253,550,195,922,1155,392,868,7,33,0,26,0,47,124,25
53,4538,891,34,0,137,143,11,32,62,60133,1175,177,2001,341,33971,2410,1806,16,816,5987,3485,6342,51,525,0,220,0,48,131,3
254,2672,678,182,8,686,645,231,2611,1809,44025,17305,1281,1373,1095,23242,2516,4424,175,6422,5246,3691,7657,96,148,5,11,72,174,255,177
336,1011,266,122,0,210,393,139,24,96,32950,2105,2741,364,206,6364,1262,1994,93,2156,2548,1499,1982,130,56,6,25,1003,98,207,16
847,10647,2319,265,0,1201,2558,329,779,918,147346,10349,18303,4771,1096,53763,10783,10008,211,24364,14757,5975,10062,3135,224,69,75,29,964,2036,437
2156,689,186,2087,4287,386,1531,815,24788,7392,17172,8494,10091,1342,8330,9067,2375,1813,2016,2252,2302,4386,6275,54,126,0,85,1,307,325,270
304,4563,1136,116,0,550,486,677,309,468,88545,5567,10817,1457,559,21303,4648,7280,96,10932,6903,3684,5847,470,104,0,32,92,355,779,258
0,0,0,0,0,0,0,0,0,0,4,0,0,0,0,2,1,1,0,0,1,0,0,0,0,0,0,0,0,0,0
35,822,158,4,0,333,395,9,223,521,25937,1150,214,824,17,6007,346,177,2,649,1660,3838,4756,35,477,0,345,2,286,191,2
58,595,100,15,0,112,116,30,35,69,7238,620,1189,233,116,2831,395,690,13,1759,694,484,751,77,14,0,4,1,55,124,37
92,2038,414,28,0,147,88,77,139,130,30685,1707,1508,405,129,8448,1471,2219,23,2535,2382,1212,1942,132,32,0,8,73,91,217,89
9,621,120,1,0,22,31,4,37,76,5236,1967,39,444,17,4468,409,336,0,203,592,176,403,9,8,0,2,0,4,11,1
37,1197,304,4,0,126,149,6,18,236,26532,1160,240,1140,12,12103,1103,624,1,787,1352,1797,2776,43,253,0,45,41,35,59,2
3,94,24,7,0,10,32,2,26,2,814,149,21,14,5,729,275,109,5,30,55,41,101,1,7,0,0,0,0,4,0
3,6,4,5,0,13,10,5,6,19,262,47,31,24,37,83,68,36,4,24,62,18,34,1,1,0,1,0,1,2,1
27,5138,967,95,0,52,54,4,37,39,23969,1946,148,1171,252,20248,1394,2218,76,338,3074,1065,2972,212,277,4,11,0,10,39,4
479,633,129,159,266,963,813,140,41,727,14296,7376,3037,300,3861,3393,516,147,19,606,1748,1190,1700,14,207,0,11,2847,161,414,192
2579,393,113,1379,9796,375,469,1064,4427,2691,7592,8855,10118,456,6899,2952,899,994,1335,1444,1352,1513,2528,7,42,0,57,0,181,248,248
0,19,7,3,0,7,38,1,14,1,309,17,10,8,1,196,48,30,3,18,19,23,40,3,9,0,0,0,0,1,0
38,723,115,9,0,265,297,57,170,405,17482,772,1307,600,94,4150,322,489,7,987,1513,2143,2482,63,403,0,104,0,77,80,18
16,165,69,43,0,123,30,17,98,21,5246,452,413,113,37,1312,714,200,2,2080,266,279,353,14,8,0,9,0,24,23,32
4021,619,156,6738,13805,1242,760,2295,10889,17022,18305,19196,20218,1402,22463,8294,2532,1729,6602,9360,3519,4121,6585,40,147,7,126,5,515,567,371
9,11,3,13,180,3,8,12,1,29,213,114,72,3,51,94,10,36,13,16,72,49,68,0,1,0,0,0,1,0,4
2190,746,179,6468,5654,469,490,2475,2354,12384,31277,14415,13176,1364,20976,9508,2466,1720,6281,2749,5549,4059,6464,39,140,121,138,169,372,398,244
3178,392,143,2172,24273,540,1250,1894,25866,6602,11798,18840,20351,1116,13669,5278,1460,1829,2100,2246,2514,2635,4257,20,115,0,84,1,288,390,352
1199,125,43,1584,6204,340,286,923,10093,8153,5619,6475,5807,517,7718,2180,836,543,1546,2764,1357,926,1838,10,50,0,42,123,149,168,123
2,20,7,6,0,9,28,1,11,5,286,39,31,10,4,181,91,35,5,27,39,21,37,1,5,0,0,0,0,3,0
3260,931,264,1741,11336,511,987,2224,4037,4396,14547,13549,10932,805,6438,8426,2009,1933,1685,2258,2787,2382,3915,17,80,0,96,13,275,390,260
28,569,199,2,0,92,179,16,4,389,15837,512,556,502,21,6433,697,393,1,283,1292,838,1452,4,330,0,4,5812,203,83,7
92,368,76,17,0,231,197,66,133,632,15933,2074,1560,507,217,2682,518,565,8,427,432,1845,2172,51,246,1,129,5,51,188,65
114,1643,341,28,0,173,98,95,85,141,26934,1616,2032,403,124,7045,1141,1847,23,2608,2134,1064,1709,112,29,16,8,28,97,228,84
126,2484,499,66,0,1778,1417,16,155,733,81407,1503,399,4231,31,22301,698,362,34,2410,5503,1804,3582,275,2790,0,883,0,846,1066,30
19,1069,261,13,0,56,46,2,4,38,9850,1709,104,538,23,8278,475,508,7,303,1968,363,1056,166,100,0,9,1,15,41,2
83,5176,1246,116,0,258,344,15,194,86,49849,2547,649,2719,73,36234,2902,2240,84,2121,7609,1432,4085,937,372,7,38,0,53,138,10
55,374,85,14,0,76,262,44,53,90,8869,636,1563,127,103,2993,441,630,13,380,702,363,571,29,11,0,3,143,34,90,165
56,241,66,14,0,111,207,97,10,38,6018,687,1548,144,78,2066,1140,670,12,778,514,328,588,7,8,5,3,3,60,146,15
1,3,2,2,0,4,4,1,0,1,73,10,12,3,3,34,20,10,2,6,18,5,10,0,1,0,1,0,0,0,0
0,16,5,2,0,6,7,1,6,1,261,47,11,5,1,184,74,49,2,10,19,18,37,1,4,0,0,0,0,2,0
4466,438,122,5108,18764,535,213,1306,49374,10670,11216,15023,13862,855,18072,6361,1692,1189,4932,1758,1983,3209,4774,17,81,0,82,0,338,357,532
208,1820,558,292,0,601,853,84,390,730,21842,6842,1131,2306,278,18836,1996,1757,276,2425,2997,3973,6143,12,356,0,57,2,63,454,9
32,65,11,38,0,27,59,16,116,105,659,277,206,50,163,349,54,55,36,35,93,81,131,0,2,0,2,0,3,14,14
2207,286,78,3283,10430,328,332,1536,14436,8584,8399,9692,7348,693,13255,4292,1247,860,3195,2461,2112,2148,3490,10,82,12,60,2047,212,220,276
23,11,11,34,89,77,35,52,12,39,1251,511,163,92,288,291,177,99,34,102,226,85,129,2,6,0,2,0,8,14,13
3238,1362,442,2879,545,2315,3506,4936,132,5403,54196,30898,24725,1300,11532,15556,3070,4431,2824,7577,7391,3388,6528,239,109,561,78,2114,540,507,4194
4379,614,186,2865,6219,589,960,2996,5243,7048,12305,18889,15488,867,29851,5382,1524,1610,2783,2341,2521,2562,4612,11,78,0,123,53,333,435,471
430,619,118,72,547,776,385,143,12,465,12173,7711,2981,267,3979,3669,417,111,7,691,1732,951,1470,13,133,0,8,0,120,362,222
150,6249,1335,1179,39,669,1130,510,3060,2044,26404,17512,4799,949,1192,30576,4512,7333,1061,4655,6859,6282,10710,160,292,7,61,22,143,263,29
1615,303,83,3381,11364,307,116,1377,14084,8065,7927,6917,7948,611,9170,3623,1059,751,3280,1527,1907,1552,2497,8,56,3,68,12764,226,236,172
127,4668,1235,97,0,747,633,23,110,1155,31158,7137,473,4987,36,40091,9903,5103,91,4782,7153,7008,10646,289,178,9,20,0,134,159,7
6669,4038,791,7461,63941,2156,3502,10768,15432,48620,84106,46334,45705,5562,41081,33993,10478,7542,7127,29343,19115,13817,23792,191,623,504,328,6422,1268,1412,1109
87,13442,3449,282,0,285,569,26,233,124,68846,7281,1098,4625,1724,80681,6006,6200,241,2370,15300,4781,11021,1709,1247,6,142,0,130,283,11
52,1427,231,271,1,199,6186,57,712,85,7551,1943,813,450,317,4683,1752,3373,269,1032,1235,1197,1955,8,694,1,3,0,9,37,6
114,51,13,230,143,27,106,132,949,443,1121,606,678,69,341,669,185,123,223,153,135,208,331,2,10,0,8,0,20,26,14
3866,1454,397,2536,30201,580,788,1450,17964,11137,32837,16152,18643,1790,7178,14332,5267,3844,2418,5032,5307,5645,9044,39,192,0,128,15,415,565,304
85,36,9,139,60,47,178,37,2148,561,982,716,618,123,638,534,297,142,137,250,275,144,253,2,7,0,9,0,20,41,10
1,15,6,3,0,6,5,1,5,4,296,24,18,25,3,123,30,27,3,21,40,25,32,1,1,1,0,0,0,1,0
20160,8920,3537,15264,4013,3500,14225,17593,2075,69453,300309,77903,279914,15219,92577,149631,38504,37657,9642,17400,78672,39779,56752,852,1834,762,426,5527,2649,2656,8842
6505,946,267,4346,41532,695,1347,1593,5744,6322,17225,20258,16353,1095,14781,6993,2160,2032,4158,3727,2102,2359,4916,34,110,0,102,2,467,530,243
66,2527,880,14,0,202,225,11,64,187,78258,2127,307,1243,29,21896,2462,1840,6,1045,2952,2578,4249,67,107,0,144,0,54,147,12
7,781,148,1,0,22,33,2,38,65,5523,2319,40,465,21,5220,250,468,1,210,587,201,450,11,10,0,2,0,4,11,1
121,6649,1664,235,0,377,611,27,1107,195,75001,6945,1133,4223,73,56088,4796,2953,175,4014,9995,3231,7529,548,743,8,139,1,177,419,15
9082,582,156,2850,31941,750,1271,2886,2459,4886,11791,20314,17755,656,28084,4651,1438,1559,2768,2030,2631,2555,4754,8,71,5,96,20,386,544,345
211,146,34,220,0,98,697,165,16919,2674,3686,2068,1741,523,2312,1718,883,408,213,727,1192,380,848,5,27,0,25,0,43,105,35
0,2,1,0,0,2,2,0,2,1,63,17,1,3,1,34,22,12,0,3,16,4,6,0,0,0,0,0,0,1,0
16,1321,321,130,0,90,230,10,197,59,9886,1568,210,670,168,9562,825,877,102,644,2055,470,1511,12,100,0,8,0,18,69,1
2459,42632,7791,8240,214,7015,66519,2249,15671,5957,351474,77827,41687,13091,8182,230413,55098,34746,7656,48900,64962,35182,70255,920,9102,185,73,18,213,2097,247
619,2114,726,1473,7,1598,533,2029,1968,8156,41124,9913,10443,3364,6173,18805,2940,4420,1162,2589,36850,7404,10543,32,210,9034,223,8,541,180,618
2,73,20,1,0,3,3,0,3,3,774,105,10,38,1,496,19,15,1,24,81,14,52,7,6,0,1,0,1,2,0
50,2560,598,8,0,114,103,6,146,128,39234,1235,280,1824,4,20731,1584,745,1,1293,2468,2258,3876,124,230,0,21,0,30,62,3
1530,91491,14816,3312,0,3999,24898,524,44959,1877,899691,78885,15899,35122,1034,573321,57260,38199,2900,47262,123547,39290,82913,7862,7347,303,1416,44,1192,4794,243
1278,549,215,1156,1260,1318,2821,1736,10993,1391,21069,6643,5483,799,5061,8072,3414,1768,1119,1127,2981,1733,3699,26,285,698,150,6,171,498,91
0,2,1,1,0,5,5,1,1,2,61,10,7,10,1,40,11,11,1,14,13,13,17,0,2,0,0,0,0,1,0
8637,18800,5819,19607,6125,6717,2458,9342,3499,101631,527322,50122,64440,7626,72855,177788,74734,36670,18047,39308,95050,82784,116137,486,596,1294,124,16,979,1574,5814
117,2574,736,734,2,567,1848,262,1218,730,21330,5439,2246,1645,479,17279,4894,6839,614,4696,3693,3836,6805,64,336,0,14,0,70,184,12
17,743,173,7,0,254,273,2,84,141,18604,505,73,654,3,6109,296,144,2,502,474,494,1140,64,347,0,280,0,58,237,3
33,1182,250,8,0,180,167,7,3,89,26936,2472,364,826,15,10556,734,626,5,893,908,1445,2374,45,170,0,94,0,44,67,3
25087,2067,658,41912,6782,3286,6504,15842,86787,77823,64559,100875,99318,6031,115039,29720,10747,8267,40072,11310,13842,17737,28450,130,588,326,787,144,3861,2433,2243
2,26,7,4,0,18,8,8,1,14,380,24,99,12,11,143,32,58,3,17,98,21,33,1,1,0,0,0,0,4,1
3210,7093,1652,3790,395,4832,14672,2048,5516,29488,157518,50039,30010,3406,10882,56646,18103,23001,3265,9509,27871,11188,23143,200,912,2297,150,1155,201,906,141
50,344,64,38,1,174,156,21,59,97,3454,433,583,165,148,2345,266,256,34,512,477,317,611,7,40,1,1,1,8,19,15
1371,2265,510,410,0,739,228,2083,264,6743,68162,10392,17675,2237,8335,13292,2206,4253,374,10962,5809,3052,5239,166,81,791,125,0,332,1126,755
3835,281,85,8263,2547,687,1629,2463,4263,16558,12483,19036,15917,915,19342,5538,1784,1281,8104,2583,2844,2768,4388,12,101,25,183,2301,460,469,1070
2911,572,147,8380,8871,476,501,2796,944,10766,24416,16149,13237,1066,20672,7131,1890,1332,8153,2274,4837,3394,5001,25,104,105,117,0,343,366,207
37,2248,459,95,0,41,60,3,30,36,16250,2346,141,739,303,17285,1423,919,64,399,4055,1118,2973,218,891,0,18,13,13,93,2
262,29681,6739,160,0,290,361,54,264,383,178239,37186,1767,5363,1610,175638,5743,6733,116,2699,46978,9273,30780,2398,1751,8,141,47,132,375,22
0,0,0,0,0,0,0,0,0,0,5,1,0,0,0,1,1,0,0,0,1,0,0,0,0,0,0,0,0,0,0
21431,3163,774,25899,29768,2852,6410,13474,87408,57716,61546,75804,101002,5578,75835,29742,10104,8080,25058,10047,13175,17898,28138,131,547,211,790,244,3268,2278,2351
12,445,100,4,0,82,135,1,46,69,8969,229,32,341,2,3711,198,154,2,189,299,357,691,86,332,1,134,0,12,134,0
207,41044,7157,683,0,401,559,25,845,424,214765,10513,921,4517,834,183217,20169,14309,491,5660,28140,12425,27086,484,342,45,164,0,89,484,94
692,203,74,1088,183,801,645,938,1,4799,7905,9605,6594,466,4993,3170,886,1125,1045,1204,2619,931,2143,10,82,32,17,3,71,149,278
1,5,3,1,0,5,6,0,3,3,108,10,5,44,1,135,5,5,0,3,27,8,21,2,12,0,2,0,1,2,0
59,37,10,243,55,80,27,129,264,369,970,851,788,44,441,377,84,115,231,112,287,124,268,1,6,1,2,98,5,13,12
3283,885,269,2104,14693,509,797,2232,4052,4750,14176,14267,11065,721,7760,7750,1901,1832,2043,2092,2782,2364,3873,13,75,0,92,11,270,376,305
3,58,17,3,0,13,30,6,11,11,1021,71,45,81,10,649,573,139,3,177,132,114,175,3,5,0,1,3,2,15,3
3861,690,172,5928,10045,1170,824,2332,12036,15756,19340,17676,20369,1501,21148,9025,2779,1853,5798,9512,3547,4520,7181,45,158,25,124,23,506,559,307
17,92,18,12,0,36,93,10,75,65,791,229,132,79,50,510,98,76,11,42,84,91,142,1,4,0,2,0,3,14,4
2036,648,184,866,13880,395,876,1309,2103,2675,11137,9252,12737,723,5499,5063,1488,1543,828,1924,1853,1902,3408,14,66,0,74,0,225,315,169
499,313,99,526,193,657,765,626,177,3984,10387,6719,5415,431,2561,3538,1097,1340,488,1242,2526,965,2124,12,69,0,15,4,56,115,85
74,52,17,95,7,53,231,26,3424,647,1483,724,444,227,493,959,665,262,93,395,316,187,342,4,10,0,11,0,22,53,7
516,45,16,473,1378,95,96,203,252,948,1458,1625,1939,98,2213,592,184,221,459,411,344,308,540,2,10,0,13,0,37,49,65
52,452,89,134,0,21,414,35,331,23,4804,494,817,47,111,2265,1438,599,126,133,444,166,424,3,6,0,1,1,4,22,2
987,16048,3710,1221,217,6076,1582,311,7502,21816,219272,21982,10066,7442,1888,91901,23104,16026,129,25443,33414,18747,25506,880,839,215,85,10,1113,575,735
285,244,51,518,21,181,357,121,19,355,2780,1915,2546,194,2413,1474,431,610,517,537,430,496,849,5,145,4,2,62,34,37,17
6,71,17,11,0,14,28,2,52,3,844,107,34,14,8,500,245,63,7,37,44,38,87,1,5,0,0,0,1,6,1
3898,608,233,1319,36149,610,1961,2691,54473,8740,16869,21292,26413,1591,12564,7584,2525,2600,1258,3053,2940,3467,5724,28,143,0,127,986,367,468,240
4355,520,153,3718,7343,562,870,2541,6037,7281,10543,18597,12866,759,29087,4284,1273,1361,3627,1992,2225,2146,3926,8,64,29,110,378,303,392,727
4059,503,147,3841,6131,514,689,2431,6799,7222,10116,17903,12220,719,26961,3986,1206,1288,3750,1837,2140,2035,3742,7,61,0,104,417,281,365,729
124,187,44,223,1,70,430,85,4263,998,3226,1413,1002,225,837,1280,654,294,217,514,745,293,650,4,22,0,17,1,28,81,9
16,775,181,8,0,211,223,3,118,101,17555,438,68,577,4,6207,357,210,2,371,463,523,1137,59,315,0,214,1,43,185,3
0,0,0,0,0,0,0,0,0,0,4,0,0,0,0,2,1,0,0,0,1,0,0,0,0,0,0,0,0,0,0
31,1518,319,5,0,98,168,28,8,244,33273,698,590,307,19,8023,1235,718,2,744,1368,1604,2104,17,52,2,33,4,28,154,11
707,231,83,879,219,778,694,891,5,4767,8536,9145,6609,478,4715,3329,957,1196,840,1234,2694,972,2228,11,87,26,17,0,68,142,241
45,6473,1303,365,0,78,163,5,58,82,32887,6188,176,2232,891,33464,1683,2905,333,880,7236,2088,5565,217,525,1,48,4,36,128,5
391,4136,1048,119,0,582,509,692,355,483,83376,5543,11653,1485,573,19993,4246,6738,99,11176,6536,3494,5543,454,101,6,33,114,365,793,258
823,6469,2296,826,0,1005,522,791,62,978,254927,22393,5955,3006,9808,55291,19310,20956,650,29308,21957,59798,66243,76,145,0,44,1305,182,1494,1397
288,1181,277,2568,0,423,6989,430,708,445,11130,9698,3605,918,3565,10103,4736,4091,2384,2039,1746,4105,6634,78,1582,177,37,0,230,157,18
3,13,4,2,0,11,5,1,3,6,202,44,11,8,6,106,13,27,2,12,28,24,41,1,1,5,0,0,1,2,1
3446,5581,1211,4279,334,4946,16184,1920,2259,28188,83763,38400,29752,2885,15757,47259,14011,13161,3852,7982,22819,9225,20790,224,1137,370,138,258,213,852,748
2118,3451,1067,1388,0,1327,236,1695,74,1543,155190,50221,26293,1832,30652,24212,7108,9910,1269,25605,14896,38663,43425,24,81,552,65,62,211,1430,2529
1,232,56,7,0,3,7,0,2,2,1290,132,6,68,16,1258,66,116,7,37,215,88,206,15,27,0,1,0,1,3,0
53,39,14,22,33,31,8,49,20,178,836,270,524,36,189,302,77,92,16,70,416,145,245,1,5,0,2,0,3,9,20
358,21778,4627,2962,0,916,989,105,5077,2348,165357,20099,1536,14524,1347,154276,7981,7079,2785,10149,22259,12861,28538,667,2868,17,562,27,206,965,37
469,11651,2831,1263,0,563,2905,398,1765,740,95955,36109,3831,4773,781,78388,9655,14607,1189,6394,18280,7950,16770,78,728,17,45,0,274,661,35
12,10,3,29,68,5,7,10,1,30,192,148,76,2,91,86,9,32,28,16,68,45,64,0,1,0,0,0,2,0,5
171,1393,487,67,0,718,368,289,561,1572,38504,4192,2042,1410,351,9504,2215,5645,62,18338,3312,3031,3942,95,73,19,10,4,219,659,58
12,406,55,1,0,22,40,3,3,25,3867,643,210,128,6,1545,335,294,0,564,216,190,315,22,10,1,3,0,18,33,1
73,177,46,15,0,109,112,138,3,44,4749,762,1961,128,106,1473,717,453,13,706,415,255,470,5,6,0,18,2,55,129,21
52,1695,305,293,0,213,3047,44,680,89,9695,2304,483,531,308,5905,2257,4083,291,1279,1514,1500,2432,11,874,0,3,0,11,42,6
134,1393,569,894,0,464,615,557,732,1550,15905,6570,3809,743,688,14035,3797,4425,810,2037,3578,3319,5832,56,368,58,21,0,70,174,19
257,957,362,137,84,558,169,275,170,1568,26132,3122,7596,491,1050,6257,2077,3368,134,9168,2915,3024,3901,98,48,0,7,0,166,784,80
3357,633,189,3370,11254,550,558,1928,2772,5007,10826,16521,12789,509,11238,6192,1450,1490,3296,1717,2328,2145,3570,8,57,0,80,83,245,346,366
3997,3023,637,8189,15040,1339,3136,5632,45772,21350,47929,35769,41784,2775,17125,26515,7169,5357,7913,5367,6384,7825,13279,150,298,31,241,27,1014,1168,655
905,94,35,1033,3266,281,229,775,10815,6575,4846,5713,4528,444,7574,1873,649,425,994,1798,1192,816,1574,7,42,7,37,56,121,137,139
3,92,26,1,0,5,6,1,3,2,1290,129,19,22,1,682,89,64,0,27,122,40,99,4,2,0,1,0,1,2,0
0,4,1,0,0,1,0,0,1,0,52,9,0,2,1,28,23,6,0,4,7,2,4,0,0,0,0,0,0,0,0
93,60,14,172,15,63,27,61,1860,749,1775,895,821,178,987,789,333,150,168,289,480,244,468,3,13,0,14,0,25,60,13
14,135,49,42,0,115,20,18,56,23,4578,377,270,96,32,1033,553,148,2,2034,229,225,285,10,6,0,9,0,23,20,37
1,13,5,3,0,7,34,1,11,1,247,14,17,8,1,141,38,19,3,20,15,22,35,2,7,0,1,0,1,2,0
4,23,6,14,0,19,42,3,54,16,333,92,76,16,17,156,78,44,13,64,42,34,57,1,5,0,0,0,2,4,1
5323,1937,411,10554,38046,1131,2256,3532,125259,21687,33954,40680,37014,2170,24901,18179,4958,3613,10206,4334,5014,7326,11630,67,207,11,195,164,829,909,652
75,28,10,44,182,39,12,60,14,238,720,363,676,37,274,262,58,73,35,76,361,133,237,1,5,0,2,0,4,10,29
1517,95816,17349,4263,0,3831,19286,508,15921,1512,909266,81393,14632,34395,1907,589017,67162,46077,3783,47341,141289,41422,87807,11243,7924,283,1443,197,1079,4380,289
2581,448,131,1077,14906,390,546,1153,4728,2474,8130,8853,11140,514,5962,3441,1055,1159,1039,1536,1453,1594,2661,8,46,10,60,0,195,264,199
149,139,25,242,0,77,540,94,5808,1591,2742,1668,2009,321,2153,1230,551,268,236,471,1024,329,690,4,20,0,19,0,34,78,41
3980,4575,1288,2392,10692,4724,830,2003,16572,27316,119798,34462,27311,2386,14777,43153,17779,10322,2130,8690,42010,18604,25540,181,411,5,17,664,1564,394,440
36,2974,688,4,0,86,70,3,48,68,36313,1192,179,1578,8,20150,1555,1093,1,912,2608,2045,3477,166,307,14,21,0,20,54,4
9,155,27,0,0,20,32,5,3,35,2131,207,169,70,4,730,258,238,0,409,121,102,160,8,4,0,2,6,15,21,2
22,354,90,10,0,235,395,6,1,136,12227,324,93,663,3,3896,123,84,8,490,351,222,583,30,320,0,179,0,57,220,1
763,1494,470,427,12,1111,497,1482,57,853,56107,7409,16918,1406,2363,11145,1813,3687,396,13115,4571,2500,4083,192,78,21,34,510,464,1071,472
19,706,126,54,0,12,323,22,484,9,5219,381,507,76,39,3674,1925,727,48,172,553,148,439,5,9,1,1,0,3,17,2
1566,95512,18354,4617,0,3749,18421,575,17187,1450,920654,78509,14776,34091,2531,597618,70341,49593,4122,47717,148677,42462,90133,12894,8298,259,1470,46,1086,4342,323
7,994,183,2,0,23,20,1,2,15,6961,593,26,455,5,5997,313,226,0,158,555,619,1129,27,187,1,18,0,6,12,1
1,175,50,6,0,3,6,0,2,2,1254,118,6,62,15,1184,63,98,6,35,198,87,194,15,23,0,1,0,1,3,0
40,845,157,15,0,97,118,33,76,61,9421,685,475,319,63,4225,669,1042,12,1996,876,578,886,167,19,16,4,100,61,127,34
96,163,43,18,0,69,39,32,1,42,3962,493,1815,58,62,1144,451,394,17,315,344,207,319,2,3,0,2,513,6,46,13
299,3658,1113,441,3,1762,862,288,365,3430,91794,6892,3568,2936,409,37488,3805,3992,368,8407,29668,4893,8736,282,363,147,108,0,456,305,149
2,16,5,5,0,18,5,10,0,23,360,22,106,11,14,119,29,48,3,16,94,19,30,1,1,0,0,0,0,4,1
2,16,3,4,0,6,3,1,7,1,288,52,20,4,3,124,54,24,4,11,16,15,30,1,2,0,0,0,1,3,1
45,4090,983,124,0,119,224,7,923,298,35447,5953,188,1459,93,27795,4087,3513,97,1549,5982,2454,4959,37,193,0,42,0,23,165,5
27248,1721,618,44878,5135,3695,6161,15969,42829,82373,63663,108767,96744,6078,115972,29730,10948,8218,42754,11705,13942,17578,28300,127,593,2,799,62,4273,2622,2217
92,7254,1591,218,0,84,160,7,56,93,37670,6139,347,1968,411,50183,2929,3159,147,808,9232,1667,5812,145,359,0,15,0,15,102,5
485,3710,1148,42,0,1574,1149,204,204,1603,136528,9536,1790,2405,346,35142,2057,2588,32,4685,14278,8647,12596,168,1433,9,294,100,995,719,145
2371,9691,2277,3800,41,4957,15521,1946,5363,30527,197124,58702,26106,4393,9078,76389,26238,32242,3178,10828,32555,13662,27035,295,1071,233,194,2089,195,1048,142
1,0,0,1,0,2,1,1,0,1,24,6,5,2,1,7,4,2,1,3,5,2,3,0,0,0,0,0,0,0,0
391,124097,13527,1578,0,7636,780,57,210,3900,327390,102514,724,30864,3084,404601,8240,39258,1186,8010,46860,26210,54250,478,686,18397,2037,0,425,1775,122
7,12,8,13,43,29,3,8,10,37,631,104,84,44,65,162,84,49,12,57,135,40,74,1,3,0,1,0,2,3,3
108,77,21,346,495,61,234,99,267,903,2241,1218,1063,136,1016,613,392,180,338,332,659,220,470,3,15,0,15,0,24,60,11
0,0,0,0,0,0,0,0,0,0,4,1,0,0,0,1,1,0,0,0,1,0,0,0,0,0,0,0,0,0,0
3875,752,276,1113,42573,647,1862,2735,35140,8020,18218,20621,27052,1630,10961,8365,2722,2754,1057,3155,3139,3616,5832,29,150,6,128,14,376,486,260
1270,10847,2288,769,146,5500,6249,519,23476,8615,85479,14397,4105,7488,5089,79434,11904,16305,696,21594,22180,14125,23046,425,651,298,39,735,250,622,263
129,86,25,128,1059,42,53,110,335,703,1822,827,811,127,663,836,339,195,120,352,304,309,471,4,13,0,7,0,23,28,16
97,12,3,377,121,21,34,81,39,339,404,550,544,25,623,213,51,38,368,71,69,79,134,1,3,145,5,45,11,14,8
1,2,2,2,0,6,4,2,2,8,134,21,13,12,6,44,28,14,2,11,24,9,16,0,1,0,0,0,0,1,0
13,1284,307,10,0,53,40,4,13,32,9254,1377,106,565,42,9017,446,563,6,211,2078,397,1084,196,96,2,7,1,12,38,1
68,504,125,12,0,108,284,70,26,24,8052,846,1522,186,61,3958,1459,1277,11,966,593,449,768,11,12,0,3,1,49,155,8
295,2335,612,187,18,773,714,272,2018,2095,43692,13433,1590,1353,1044,21279,2921,4116,180,6653,5815,3475,7443,90,148,6,12,1,188,261,212
3546,6273,2197,23249,8654,28829,3322,10057,38,52100,177250,74827,100998,8783,46072,59967,19040,8833,19783,8271,56968,26343,42025,204,245,132,427,26,448,1525,4737
27,2606,569,50,0,47,175,10,38,24,11553,1661,248,522,371,13700,2439,2586,41,600,1899,709,1944,55,61,0,15,27,8,48,3
0,0,0,1,0,2,1,1,0,1,26,6,4,2,1,7,5,3,1,4,4,2,3,0,0,0,0,0,0,0,0
1,14,3,3,0,4,4,0,12,0,160,25,10,2,2,88,41,19,3,7,7,9,17,1,4,0,0,0,0,2,0
0,0,0,0,0,0,0,0,0,0,4,0,0,0,0,2,1,0,0,0,1,0,0,0,0,0,0,0,0,0,0
682,334,159,230,1537,363,900,728,3662,1498,12700,6280,3983,243,3200,4427,3624,601,226,1919,6086,545,1159,19,80,0,27,0,137,653,89
38,1885,721,18,0,153,305,11,50,279,67788,1106,543,2092,24,26678,3480,2113,9,1081,4097,1675,4515,72,456,1,78,2,47,123,7
67,937,162,8,0,676,520,8,48,440,24268,471,240,1847,14,8160,264,179,3,1164,1463,542,1212,91,1119,0,312,3,204,225,4
109,6238,1387,244,0,95,179,16,60,134,41332,7134,420,1796,315,43748,3602,2453,187,993,8697,1790,6035,125,301,0,16,1,16,116,5
406,2543,829,505,4,1918,891,494,362,4134,76257,7110,6031,2850,546,32571,3232,3454,435,7805,25604,4303,7807,242,324,193,112,0,430,295,183
27,1929,449,8,0,150,129,3,13,97,22410,1984,82,1144,62,11285,473,327,3,431,1530,963,2314,220,738,0,121,1,13,87,2
139,32,8,344,82,29,93,134,1068,457,788,691,783,52,372,460,124,87,337,130,105,152,250,2,7,0,8,4,18,24,14
1668,2946,671,1126,2596,2897,1476,726,44,1401,90761,14425,46660,3672,3923,27115,2881,5381,1082,30285,8321,3953,6777,1083,170,385,56,757,1598,3627,872
22,1562,433,3,0,93,59,4,12,83,24314,554,104,793,20,13838,1066,795,1,504,1705,1357,2420,85,286,1,29,4,21,45,1
0,24,6,0,0,1,0,0,1,1,170,23,0,5,0,197,4,7,0,2,19,7,17,0,0,0,0,0,0,0,0
677,10652,2812,379,0,8236,8083,125,4787,5214,432098,7934,2635,17862,141,113835,3582,1421,159,9655,29605,12969,21672,1548,11982,0,4664,1,3721,4197,105
166,2446,605,20,0,335,385,18,207,562,71311,1295,1127,4091,15,31433,1826,750,4,2300,5287,6324,9499,22,994,0,239,1,147,318,7
98,2928,647,19,0,233,291,9,157,258,64750,1103,496,3072,26,34527,1970,802,7,1549,4203,6588,9514,50,830,1,242,0,66,219,5
16,46,16,101,331,54,122,33,179,97,2144,275,495,200,175,504,357,115,89,130,92,203,321,1,16,0,4,0,6,23,7
192,658,111,398,2,186,2584,267,127,369,6501,1972,2648,543,2186,2857,641,758,397,1479,1056,1010,2154,8,1077,2,3,83,20,74,4
261,1546,437,449,7,330,2210,272,1604,826,26925,2178,3678,724,614,10469,2873,2351,412,2935,1932,2661,3629,45,145,15,11,0,47,150,39
5,8,3,30,0,36,3,26,0,49,343,37,214,12,46,101,29,47,24,20,101,21,32,0,1,0,0,0,0,6,3
3,7,4,4,0,13,10,4,6,17,265,43,26,24,15,84,74,39,4,23,59,18,32,1,2,47,1,0,1,2,1
7,99,23,14,0,28,49,12,108,10,1310,157,148,146,39,657,243,242,13,99,111,119,237,3,15,0,1,0,2,12,1
331,25785,5994,159,0,317,508,60,330,466,197876,35947,2068,5405,2361,166590,6108,5342,108,3726,42427,9161,29268,2235,1620,0,170,68,155,460,25
14587,11965,3289,20200,2842,9492,2811,17512,574,115789,331193,72146,93434,7154,101048,117565,40887,26018,18933,48722,72581,65412,94020,330,455,294,108,64,864,1837,9267
53,3538,861,118,0,139,254,9,995,338,37951,5099,224,1438,55,26661,4265,3220,100,1943,5799,2614,4940,47,175,6,34,1,27,197,7
21,19,17,29,165,115,34,65,24,48,1983,509,132,132,269,511,350,102,29,147,320,121,178,3,11,10,3,0,16,19,12
17,478,95,1,0,25,66,7,60,101,5370,1585,54,476,18,4142,378,257,0,240,689,180,387,5,7,0,2,0,5,11,1
3039,5255,1401,1887,8812,3895,758,1861,15418,21143,121071,27715,23015,2178,10783,44331,18591,10328,1651,7592,41466,18763,24922,189,386,225,16,865,1279,336,346
1975,695,190,820,13264,384,898,1320,2033,2624,11418,9053,12609,742,5268,5247,1537,1581,783,1937,1888,1943,3465,15,68,0,74,1,222,312,165
34,1620,351,8,0,149,179,3,23,130,23322,2846,115,1466,53,10591,546,241,2,540,1314,696,1977,178,362,0,81,5,16,95,3
842,91,34,967,2776,270,220,719,8276,6206,4646,5461,4319,422,7594,1789,612,400,929,1636,1142,784,1507,6,40,0,35,2,115,130,133
979,99,37,1125,3793,291,240,825,12346,6898,4975,5927,4747,460,7532,1922,680,447,1085,2004,1222,844,1629,8,43,0,38,6,126,142,146
34,1165,287,3,0,128,175,7,14,261,25616,1073,243,1160,13,11539,1016,538,1,823,1295,1743,2684,37,250,2,42,964,37,59,2
9,59,20,63,28,66,162,29,234,83,2070,250,282,243,80,634,496,202,55,149,99,218,345,1,23,0,3,52,2,18,2
37,51,40,6,0,136,118,8,74,72,3550,344,187,432,34,2098,558,630,3,2757,821,192,295,414,38,0,8,0,27,136,32
0,0,0,1,0,2,1,1,0,1,26,6,5,2,1,7,5,3,1,4,4,2,3,0,0,0,0,0,0,0,0
518,2984,714,120,0,903,5015,402,83,1012,71411,3282,8333,2064,722,22210,8130,7028,106,5928,2978,2533,3421,564,54,10,15,28043,130,990,118
23,2286,430,42,0,60,33,3,17,52,14511,1995,81,562,328,11816,744,696,37,270,2509,362,1402,299,252,7,32,1,25,72,2
17,97,21,12,0,35,91,7,68,65,894,248,116,82,48,561,113,84,11,44,91,97,151,1,4,0,2,0,3,15,4
210,2524,501,77,0,353,658,88,129,72,32457,5279,432,2140,431,17039,1650,1093,58,1946,2815,1269,3013,12,308,12,7,0,39,136,13
150,140,41,228,265,77,426,118,10700,1511,3440,1569,1021,269,983,1061,718,324,221,606,862,308,674,5,24,2,22,11,30,87,12
1586,1888,404,470,0,690,142,2562,103,6979,57888,12330,19249,1865,12334,11070,1805,3551,437,9267,4982,2733,4809,117,70,0,117,0,310,1032,778
2468,473,130,1468,10604,369,106,1373,758,4008,8371,8329,10287,583,13741,3523,989,1387,1425,1248,1889,1574,2826,9,47,0,55,285,200,245,139
15,5,4,20,0,6,4,10,2,67,263,38,58,25,53,91,103,30,19,18,60,23,46,1,0,0,0,0,1,1,3
1563,1246,334,425,6740,252,187,1767,1603,3732,15981,6793,9388,1126,6660,8211,2599,2447,396,1823,2763,2365,4374,20,89,0,66,2,217,283,107
436,34322,6556,158,0,715,1101,70,1797,1273,401330,17637,1815,14486,497,216937,23133,10421,87,9837,37048,24844,44831,1500,6553,1,232,15,127,887,125
27,31,21,5,0,70,34,9,8,50,2175,216,189,161,25,926,275,285,3,1024,424,103,159,70,15,0,3,0,11,58,18
43,1044,194,17,0,92,740,28,83,82,12210,809,367,339,70,5202,855,1319,14,2123,1125,697,1081,196,23,0,5,848,65,135,44
102,3095,622,54,0,282,574,64,166,42,31642,5362,268,1575,239,20907,1548,1841,42,1138,3285,1386,3166,17,362,4,9,1,14,82,6
2560,783,171,2677,8370,438,384,1300,34354,8024,13246,10936,12571,1026,9342,8300,2102,1490,2596,1938,2132,3383,5205,28,104,4,81,1,305,333,308
2585,4601,1724,59285,38637,34574,3746,16792,0,73315,128059,111469,140911,10271,110115,51202,11524,7319,53226,7486,56561,25641,45612,186,231,139252,173,164,600,2049,9751
282,3289,889,221,5,754,598,254,1939,1927,53286,20555,1428,1661,1268,28348,3250,5476,213,7227,6603,4419,9205,122,167,9,13,1,196,316,194
39,152,39,43,0,68,132,12,308,34,3639,336,281,191,41,1339,1218,216,39,190,211,148,357,2,13,0,1,23,6,18,6
25319,7870,3095,12407,3946,2997,12804,18097,804,77007,266758,77098,281495,13447,94786,125500,30181,31501,7602,14762,76093,35523,51479,702,1596,911,370,2150,2251,2424,8548
149,151,41,225,214,75,427,105,8672,1392,3284,1524,1030,248,928,1088,683,309,219,569,802,293,646,5,22,5,21,0,29,83,11
2835,552,141,9070,6750,491,523,2630,480,11203,23013,17386,12704,982,20836,6708,1752,1271,8818,2171,4763,3183,4683,21,95,153,114,1,339,364,226
88,30,7,393,164,105,29,156,164,398,705,1265,870,51,533,324,70,100,381,115,259,111,240,1,6,0,2,293,7,18,19
119,21,6,203,1060,41,29,104,213,705,728,778,646,50,1287,257,91,63,197,221,160,95,191,1,5,0,4,0,16,17,16
2,14,3,3,0,4,3,0,10,1,167,25,11,2,2,83,39,17,3,7,7,9,17,1,4,2,0,0,0,2,0
6931,2829,800,4809,2887,6733,2314,2357,2497,37922,106547,51164,36239,2884,42310,36981,14849,8360,4495,12704,41173,15763,24025,151,549,51,19,480,2125,498,863
1830,785,264,6149,45,2759,366,3636,18,13012,23377,23733,23242,2706,18717,10109,1081,1910,5546,2110,20908,5637,8427,16,140,320,216,0,668,166,1186
3390,861,305,1013,37054,639,2054,2692,33833,7660,19448,19670,26962,1734,9570,9158,2934,2920,958,3236,3325,3751,6050,31,162,0,131,1821,377,495,258
2744,5934,1917,33838,19136,34515,3899,12425,8,55677,144235,89758,112552,9691,61254,54954,15377,7662,30010,7932,54074,25727,43263,202,239,1371,196,5,493,1832,6250
52065,84796,34226,47070,32921,63122,39234,53088,91805,466722,2200623,485209,604279,192867,738243,739345,218827,185457,29696,213635,1013921,246916,425083,6495,20511,6562,12197,624,4617,24815,47702
0,0,0,0,0,1,1,0,1,1,23,4,3,2,0,7,6,3,0,3,3,2,2,0,0,0,0,0,0,0,0
36,110,32,46,0,75,109,16,101,27,3161,339,350,167,50,1139,1013,175,42,187,201,150,334,1,15,0,1,39,7,25,9
1,0,0,1,0,2,1,1,0,1,28,8,6,3,1,8,5,3,1,4,5,2,3,0,0,0,0,0,0,0,0
0,1,1,0,0,2,2,0,0,1,49,17,2,3,1,25,13,9,0,4,15,3,5,0,0,0,0,0,1,1,0
31,5707,1204,131,0,98,125,3,24,77,35404,2772,143,1395,804,25416,1986,2000,111,370,4400,1072,3175,436,348,1,59,2,34,89,3
743,63,22,3009,614,144,243,744,1725,4331,3205,4714,3101,272,6482,1537,422,289,2909,631,743,728,1148,4,27,0,41,0,100,108,83
2556,193,57,7606,5711,516,1336,1803,1013,13006,9198,16387,11064,647,16964,3921,1211,898,7429,1811,2264,1963,3100,8,72,3,134,466,330,345,622
6,732,126,2,0,43,58,0,36,25,8125,225,11,211,3,3844,141,359,1,84,304,283,588,125,213,0,61,0,6,54,0
0,4,2,1,0,5,3,1,1,1,91,9,2,9,2,63,23,18,1,8,15,13,18,0,2,0,0,0,0,0,0
406,181,51,646,1221,67,142,682,54,741,2891,2301,2684,120,3446,1202,394,455,624,862,444,606,1024,3,13,0,13,0,39,57,42
2,220,52,1,0,4,5,0,1,1,1491,192,11,24,3,1002,123,105,1,15,157,40,124,9,3,0,1,0,1,2,0
810,2412,568,195,0,1033,4585,517,76,1139,62570,4172,12326,1735,1543,16756,6572,5870,178,5749,2835,2414,3328,493,46,6,20,6837,133,1058,154
1264,9990,2250,1518,1260,6801,1731,397,4432,24982,154546,19050,15208,5951,3651,59562,14569,10650,220,15764,28451,16165,23105,522,552,392,107,7,1228,548,995
6,24,7,7,0,23,44,4,113,12,456,65,57,7,7,266,80,39,6,60,25,39,72,1,8,4,1,0,2,11,1
0,8,2,0,0,0,1,0,2,0,79,7,1,7,0,121,4,5,0,10,19,7,13,0,1,0,0,0,0,0,1
4352,4400,1257,2577,8428,5103,806,2069,16092,29404,120544,36783,28352,2475,16136,42947,17647,10295,2307,9117,42453,18594,25763,180,423,59,18,450,1692,418,473
13,1794,354,14,0,51,52,5,17,16,10558,786,146,514,87,9464,558,782,11,340,2085,276,983,57,55,3,7,0,8,22,1
12,8,2,33,52,5,6,9,0,28,169,149,71,2,101,78,8,29,32,15,62,43,61,0,1,0,0,0,2,0,5
39,656,131,12,0,55,174,22,64,51,11269,678,717,129,74,4869,567,802,10,344,917,444,705,51,11,0,3,1,30,79,137
37473,93316,31920,42176,1535,153773,40143,17400,2698,177459,2423990,543901,285888,214743,93302,1458904,70089,98607,40015,230499,1301224,167671,322746,27091,9377,1324,10895,26,22496,17289,26162
23,1652,341,10,0,146,135,3,6,35,25730,1821,146,784,18,13036,756,707,7,481,1123,1730,2985,21,235,0,145,0,28,66,2
11283,6433,1230,8989,13104,1745,7175,7634,26591,29874,76975,46301,77436,5655,50773,39600,12873,9860,8603,9212,13727,22772,35185,217,647,0,694,165,2623,2101,1626
0,3,1,0,0,1,0,0,0,0,43,8,1,2,1,23,22,4,0,5,7,2,4,0,0,0,0,0,0,0,0
238,2224,715,210,0,1320,902,41,63,2151,31014,4258,817,2244,39,26856,7601,3814,201,7536,6026,6581,9861,234,173,3,14,0,437,402,9
490,19863,4880,194,0,395,742,65,722,664,281336,44991,2512,6098,189,170585,7450,4673,83,5006,38482,5361,21899,1035,510,7,243,52,299,706,23
0,23,5,0,0,1,0,0,1,1,178,21,0,5,0,185,3,6,0,2,18,7,16,0,0,0,0,0,0,0,0
2097,1465,425,3872,4320,2770,235,3076,791,2662,57194,16844,36535,1415,24696,9342,1243,2869,3768,7195,6940,3401,5139,129,76,8,70,827,1020,1940,3445
259,1389,448,188,0,489,1107,130,103,873,21594,6181,1608,2449,352,16573,1548,1356,174,2075,2757,3652,5695,10,271,223,55,16,62,545,19
5,13,5,9,0,10,15,2,5,8,315,36,46,9,10,150,77,27,8,27,30,23,38,0,4,0,0,1,1,4,0
2,6,2,6,0,3,6,2,3,2,170,20,14,2,6,65,23,15,5,8,8,10,19,0,5,0,0,0,0,3,0
14,6,4,17,0,6,4,9,2,70,293,37,56,29,49,105,113,32,17,20,66,24,48,1,1,0,1,0,2,1,3
3,198,71,6,0,30,21,1,3,4,2858,161,27,56,12,1636,511,260,5,178,392,119,288,14,8,0,7,0,2,8,1
102,5831,1451,108,0,550,395,17,156,900,32055,9358,340,4422,84,44851,8750,5703,98,4023,7472,6524,10066,277,332,46,23,0,85,133,9
1,4,2,2,0,4,3,1,1,1,92,11,9,3,3,48,36,17,2,6,21,6,11,0,0,0,1,1,0,0,0
7,10,6,12,94,26,3,8,7,35,503,94,86,38,64,125,62,36,12,49,116,34,64,1,2,0,1,0,2,3,3
49,655,118,144,0,139,532,50,493,204,3949,657,394,200,206,2696,712,706,135,518,615,338,650,14,21,3,1,0,14,23,2
3,24,9,4,0,13,11,1,7,13,479,60,20,23,11,133,110,54,4,29,102,27,50,1,2,148,1,0,1,2,1
7,109,25,15,0,28,49,11,100,10,1423,163,131,145,38,716,267,262,13,102,117,127,251,3,16,0,1,0,2,12,1
39,803,164,13,0,51,214,20,58,49,13194,774,632,141,68,5725,660,897,11,366,1034,482,776,62,12,0,3,142,30,79,146
217,814,161,89,2,477,619,57,43,1409,29255,5714,2696,213,900,7244,1256,645,69,688,1971,2536,3367,20,258,1,138,18,102,503,48
3119,499,123,12311,6053,613,142,2018,1,11719,19445,18027,11756,925,22134,5984,1506,1196,11927,2322,4165,2798,4222,18,81,0,119,0,368,403,250
1235,464,112,2083,7313,326,166,1284,2245,8542,10468,6445,8832,774,9374,5099,1415,1010,2017,1870,2334,1846,3441,15,83,0,87,252,249,269,208
20011,8665,3427,15033,9847,3347,13926,17444,1775,71510,292618,77902,279643,14645,95625,143873,36807,36359,9514,16756,78053,38796,55573,822,1774,671,425,6963,2564,2569,8757
42,3034,945,12,0,167,182,8,51,128,76814,1938,180,1078,27,22444,2242,1936,4,716,2945,2724,4529,61,98,0,124,0,45,121,10
161,735,128,364,2,234,3056,227,184,321,6818,2112,2362,583,1867,3187,778,954,363,1574,1090,1069,2174,9,1115,0,3,22,21,69,4
2496,9299,2213,3886,18,5006,15184,1953,5434,30722,193603,58298,26639,4258,9272,74132,25551,31698,3252,10669,32232,13333,26487,278,1054,87,194,753,196,1008,142
601,229,119,201,955,266,302,621,1152,1290,7795,5084,2976,162,2638,2730,2189,383,199,1342,4379,352,800,11,45,2,21,0,105,488,87
269,1455,338,354,43,253,1909,205,2169,647,20355,2055,3826,595,586,8041,2092,1807,332,2418,1543,1808,2560,23,99,9,9,0,33,129,22
7,105,63,4,0,31,22,2,1,9,2807,160,87,45,9,1044,496,215,3,189,373,111,256,8,6,0,4,0,2,8,1
1,19,6,2,0,4,8,1,5,3,242,30,11,4,2,182,57,43,2,12,22,11,25,0,4,0,0,0,1,2,0
85,13008,3368,288,0,287,605,26,277,121,68155,6928,1072,4547,1801,79147,6186,5974,244,2407,14869,4660,10780,1602,1202,6,117,1,128,277,11
0,0,0,0,0,0,0,0,0,0,5,1,0,0,0,2,1,1,0,0,1,0,1,0,0,0,0,0,0,0,0
38,3408,835,8,0,68,67,2,47,52,30517,1056,148,1404,59,20392,2337,2138,1,647,2920,1945,3400,210,434,17,36,7,28,71,3
0,0,0,0,0,0,0,0,0,0,8,1,0,0,0,3,3,1,0,0,1,0,1,0,0,0,0,0,0,0,0
24,254,92,2,0,32,63,5,1,135,10330,270,405,210,128,3279,458,228,1,195,664,223,453,3,26,0,4,0,9,14,1
413,4349,834,403,10,2134,912,118,57,5534,77232,3674,1987,5973,516,56216,7465,3055,269,16589,12395,15595,20881,147,1485,28,300,45,828,865,110
2,30,8,11,0,21,87,4,72,13,316,84,67,19,11,195,107,69,10,56,47,40,67,1,7,0,0,0,1,3,0
39,1412,384,33,0,49,222,5,33,53,11281,927,369,546,165,10875,2639,1780,24,757,1540,665,1551,80,78,0,15,625,8,44,3
106,2849,657,21,0,257,324,6,175,305,68110,1194,472,3301,25,35153,2001,791,8,1649,4490,7155,10169,48,976,48,281,0,76,237,5
133,3585,1061,556,0,383,765,58,483,481,25914,4026,834,1976,348,26528,2999,3954,529,2323,5422,4552,7251,57,510,1,39,0,39,345,5
1584,907,294,4627,73,2373,414,3052,123,11417,24099,20975,21772,2770,15535,10446,1171,2010,4124,2076,21581,5685,8391,16,145,310,207,357,618,156,1092
17,2098,483,3,0,78,46,2,8,53,24257,556,67,698,29,13969,1120,915,1,374,1861,1139,2208,68,267,0,21,0,18,37,1
10,198,43,11,0,40,48,6,35,12,3065,210,146,125,27,1035,1257,795,10,173,441,310,430,7,70,0,1,0,2,28,1
2,2,2,2,0,7,4,2,2,9,121,24,18,12,8,39,25,13,2,11,24,9,15,0,1,0,0,0,0,1,0
83,9963,1952,213,3,840,1134,68,117,3269,61699,6588,917,14870,542,77301,12117,4964,83,7648,11788,9439,14000,95,962,21,309,0,244,529,43
2717,755,213,916,9822,348,135,1704,3673,4019,11608,8780,11076,826,9346,5316,1742,1813,876,1585,2135,1924,3470,12,63,0,65,46,232,281,102
4503,1339,370,2776,32494,574,802,1448,20587,11503,31162,16323,19416,1691,7374,13292,5074,3651,2656,4776,5057,5541,8647,33,180,63,126,4,402,546,303
3447,6197,2086,26065,8568,30871,3516,10249,27,53475,166478,78423,102772,9104,48730,58430,17946,8520,22464,8294,55710,26209,42257,206,244,247,83,61,458,1592,5108
157,29347,6048,457,0,429,334,15,698,377,128774,13844,518,3764,1206,124266,9864,14308,295,2535,35894,8129,22839,714,423,15,68,0,108,238,14
666,1629,282,815,151,931,2840,398,655,1050,25991,4104,7142,1054,3573,12533,3086,1548,759,5105,2046,2124,4058,22,232,0,7,64,91,146,118
2242,6010,1545,1567,1919,3378,773,1847,9950,16811,127955,23602,19388,2100,8111,47791,20443,10599,1353,7086,42535,19287,24983,199,382,213,15,724,1119,304,287
93,46,11,120,222,16,49,50,0,389,804,595,678,32,580,361,109,81,115,109,139,123,233,1,4,0,4,0,11,14,12
42,2715,616,6,0,105,86,3,164,98,38864,1139,233,1783,4,20605,1563,757,1,1148,2434,2197,3723,149,255,7,21,6,26,60,3
30,591,112,81,0,11,359,31,633,13,4475,429,596,56,38,3055,1769,590,75,139,559,147,397,4,8,16,1,0,4,21,1
1982,30782,8075,502,0,13946,39587,406,11712,21948,1199743,43665,6645,60280,582,292778,9574,9961,258,37565,41856,51883,91829,11972,42789,51,20515,299,10453,12509,99
2990,1311,429,2795,2883,1980,3277,4498,111,5660,54213,30346,23976,1190,11393,14437,2745,4239,2746,6696,7455,3238,6246,202,101,1286,53,977,490,455,4251
698,317,151,236,1231,360,765,762,3644,1493,12031,6241,3825,237,3208,4155,3374,569,232,1869,5834,518,1111,18,76,0,27,0,135,641,90
3,22,8,4,0,13,11,2,6,14,458,59,21,23,11,128,108,54,4,30,101,26,49,1,2,0,1,0,1,2,1
24,15,15,33,222,103,44,68,19,49,1682,505,167,115,305,415,283,95,32,130,289,103,156,3,9,0,3,0,15,17,13
534,22746,4705,7275,1,2460,31268,1061,5101,2600,161559,22184,12964,8038,4836,102409,70454,69641,6493,21502,36733,44654,68610,580,4374,40,150,6,479,1032,243
17,394,106,33,0,129,125,5,1,154,12961,445,447,146,68,4948,1368,194,13,319,1128,606,997,6,89,0,154,0,32,77,5
140,17406,3260,126,0,805,610,15,141,573,167725,11772,645,6674,287,118598,7856,4361,103,3911,10939,8551,17795,192,4425,6,363,0,220,566,11
667,10589,2882,374,0,8258,8308,117,5602,5795,444888,8486,2447,18273,122,114487,3540,1459,158,10196,28519,14377,23208,1591,12304,10,4819,0,3903,4484,109
4415,906,232,3807,21535,522,668,1081,17724,10115,20930,13778,18248,1033,13644,10456,2731,2319,3676,3222,3475,5054,7483,34,121,52,102,0,319,439,324
6838,703,188,11184,23034,783,1053,2539,6316,5787,12811,13560,21770,563,22808,5702,1670,1650,10953,1898,3133,2922,4725,9,59,2,96,2005,418,529,535
6871,760,206,10364,26187,793,1085,2467,6574,5330,13155,13057,22946,583,20616,5949,1765,1723,10146,1938,3223,3009,4832,9,62,0,95,1,424,540,504
731,5609,1644,1303,8,1070,2123,406,1003,1465,97030,10037,8334,3194,839,59365,8026,7788,1252,4843,11182,5859,12109,27,1062,15,37,125,293,678,103
3,84,22,6,0,10,34,2,30,2,720,138,25,13,4,652,248,95,4,29,49,36,90,1,6,0,0,0,0,4,0
2151,276,77,2212,9986,298,77,675,483,2638,5424,8624,7182,200,7326,1849,491,629,2171,825,1073,1010,1638,4,25,0,31,2300,125,167,199
10,183,31,1,0,20,47,4,6,35,2476,263,173,79,5,835,252,258,0,471,136,128,199,8,5,0,2,12,16,26,1
264,1018,522,45,0,1721,819,243,558,3012,104111,13892,7649,3125,234,17371,5893,4002,8,4684,3340,10880,12625,165,137,13,209,18,342,712,198
7,65,15,11,0,14,29,2,44,3,870,94,35,14,9,485,239,59,8,36,42,37,85,0,4,0,0,4,2,6,1
83,767,192,18,0,129,352,76,27,29,11798,1054,1578,260,68,5643,2053,1813,16,1262,856,644,1102,17,17,0,3,4,60,196,11
114,43,11,263,173,27,100,131,1062,448,976,631,747,61,340,575,159,107,256,141,121,182,293,2,9,0,8,6,19,25,14
0,5,2,1,0,4,3,1,1,1,112,10,2,8,2,77,26,23,1,6,17,13,19,0,2,0,0,0,0,0,0
0,21,8,3,0,6,39,1,11,1,339,18,9,8,1,220,54,34,3,16,21,25,42,2,10,1,0,0,0,1,0
19,1326,268,5,0,229,189,2,75,208,21628,562,42,1109,11,8251,236,254,2,345,808,1009,2120,111,348,0,264,0,101,78,1
250,16083,4527,116,0,599,1375,48,3189,884,226587,8297,2356,5154,106,155014,17901,8404,32,11047,24284,17581,29078,1075,332,9,166,17,285,460,33
2121,29869,7992,551,0,15267,43282,416,11069,24618,1247139,46047,6575,65300,643,300224,9757,10324,286,40317,44178,53154,93430,12394,47517,79,23558,398,11581,13732,108
4,29,11,4,0,11,24,5,9,13,850,57,59,76,9,412,279,93,4,157,133,75,129,2,3,0,1,0,2,11,5
1,14,5,0,0,3,2,0,12,0,174,13,2,3,1,122,19,10,0,10,12,8,17,2,1,0,0,0,0,0,0
530,16367,3479,7309,3,2705,21227,1217,5694,2668,121289,18659,19304,6189,4677,79007,48948,52750,6569,20368,29249,34581,53152,425,3802,206,134,88,495,954,269
23,75,25,8,0,22,8,28,32,114,1153,166,272,40,126,448,144,140,4,66,551,173,282,2,7,0,2,0,2,9,11
131,174,42,243,7,75,441,96,5176,1120,3211,1474,1044,230,894,1214,652,294,238,537,759,291,647,5,22,8,18,0,30,83,9
129,1794,442,532,57,1048,495,477,1416,6046,30313,12066,4440,785,1718,14553,3631,2193,457,2911,4959,8388,12188,37,133,0,5,2,72,213,310
1460,781,223,2990,2116,818,1363,1312,24846,10762,17187,12961,8901,2338,4948,11744,3313,2196,2962,2473,2818,2007,4342,115,50,251,37,5,398,654,144
23,1790,351,11,0,141,127,3,4,33,25933,1845,145,764,18,13633,799,733,9,452,1154,1724,3012,21,248,0,126,0,27,64,2
2,2,1,3,0,6,4,2,1,9,96,23,20,11,12,31,18,9,2,10,23,8,15,0,1,0,0,0,0,1,1
3,17,6,2,0,12,5,1,6,4,226,75,9,8,5,164,24,41,2,16,29,31,48,1,1,0,0,0,1,2,0
186,2759,856,121,0,1037,852,31,67,1917,29395,4774,838,3039,24,31244,9272,3936,116,5979,6680,7016,10572,204,157,2352,14,0,280,269,9
1338,8020,1838,1300,502,6331,9758,927,31836,12056,84458,10689,6203,10680,5339,71663,12651,14190,1128,29536,24437,12531,20589,544,971,24,38,3,340,670,300
9,12,4,4,0,6,3,3,1,7,156,37,23,5,4,110,61,24,4,11,46,19,39,0,1,0,0,0,2,3,7
25,2196,412,35,0,64,43,4,19,56,15057,2019,86,553,268,11486,749,649,29,274,2364,353,1385,313,253,2,32,0,25,73,2
14,120,39,43,0,94,15,22,30,21,4171,332,235,77,31,858,467,125,2,1724,195,184,235,7,5,0,8,0,19,17,37
418,199,52,471,684,62,160,665,47,706,2932,2321,2601,123,3562,1288,426,465,455,861,439,595,1005,3,13,25,14,0,38,57,41
3,16,5,2,0,10,5,1,5,4,216,58,10,7,5,137,19,35,2,13,29,27,44,1,1,0,0,0,0,2,0
221,1022,403,994,13,511,628,645,734,1924,12358,6576,4808,676,900,10485,2681,3155,916,1933,2899,2585,4748,42,307,26,25,0,78,177,23
1633,1016,281,517,8762,252,154,1802,2741,3753,13718,6956,10504,952,7099,6632,2147,2070,485,1616,2444,2080,3842,15,75,8,63,12,205,259,103
576,7763,2125,1806,6,915,2581,437,1767,1007,91810,19379,6002,4546,745,68241,9807,11823,1718,5486,15184,6040,12830,45,943,33,66,0,274,714,53
220,566,90,29,0,644,574,85,29,395,12832,3332,2151,599,622,4113,205,429,23,1029,2658,1024,1380,41,302,0,98,0,136,200,111
841,90,30,2043,462,154,375,794,3741,4613,3686,4644,3342,341,5090,1986,553,371,1975,760,790,926,1448,6,34,0,48,1779,112,124,103
39,5041,993,146,0,157,105,3,20,55,51108,3393,146,1512,316,30505,3506,1309,129,769,4121,2338,4853,133,446,0,142,0,72,86,3
345,2974,690,172,0,952,768,143,71,1145,42725,4292,1924,4209,1143,15694,11305,4786,158,3274,13327,4153,5086,116,369,87,53,5,65,352,29
3320,612,181,3441,10928,553,551,1908,2354,4927,10504,16683,13269,491,11620,6025,1384,1469,3367,1691,2313,2111,3505,8,56,0,78,31,243,343,362
425,23827,5570,165,0,331,550,56,295,524,230394,41747,1949,5676,1255,166083,6687,4981,100,4088,41715,8413,27860,2041,1290,15,192,5,191,539,24
1784,2886,643,1356,2268,2986,1491,776,38,1484,89211,15595,51216,3640,4802,26647,2765,5268,1309,30693,8207,3999,6936,1040,168,40042,58,1106,1658,3704,915
2,78,21,1,0,3,3,0,2,3,735,93,7,37,1,503,19,16,1,22,82,14,51,7,6,2,1,0,1,2,0
48,586,184,161,0,179,430,69,498,153,7135,1063,825,370,225,3841,1623,3082,159,733,1208,1450,2014,10,374,15,4,5,23,23,7
1,18,10,1,0,15,6,3,5,17,407,67,26,21,3,416,146,61,0,56,78,25,49,2,1,0,1,0,1,4,3
77,18451,3730,318,2,691,746,38,138,3154,77481,15635,541,14575,991,104176,12862,7979,122,6882,15506,10356,17385,119,997,0,301,0,212,557,28
11,289,60,22,0,39,349,8,231,19,3369,236,154,154,23,1745,1473,540,21,197,232,163,398,9,30,0,1,0,2,20,1
17,5,4,22,0,5,3,10,1,68,252,39,60,25,61,84,82,24,21,15,59,24,47,1,0,0,0,0,1,1,3
1832,2057,502,2556,3632,2025,487,3228,3108,1917,62345,12736,31823,1597,21360,11099,1571,3370,2455,6793,7439,3752,5688,194,79,20,68,8258,843,1532,2148
10,1017,318,5,0,50,88,1,2,126,18446,406,86,372,8,9335,2266,647,2,202,1199,594,1238,11,90,0,15,0,14,55,4
32,23,14,7,0,61,30,11,3,50,1552,177,329,114,24,647,189,207,5,772,310,71,114,34,11,0,3,0,9,46,15
5312,3710,1081,3259,5958,5787,869,2326,11135,35088,118215,42960,31888,2662,22957,40432,16512,9537,2969,10360,42636,17568,25174,175,476,21,18,547,1872,452,672
14,245,53,24,0,48,493,10,244,22,3226,240,186,175,25,1603,1363,437,22,244,214,161,400,8,30,0,1,0,2,22,1
1,8,3,3,0,3,16,1,21,1,130,18,7,2,2,73,24,22,3,6,9,8,17,0,7,0,0,0,0,2,0
0,28,7,0,0,1,0,0,1,1,163,25,0,6,0,223,4,8,0,2,20,7,18,0,0,0,0,0,0,0,0
2,159,50,1,0,10,24,1,2,5,3816,67,26,120,1,1528,142,120,1,64,80,49,152,1,8,0,5,0,4,13,0
399,2820,479,1004,58,700,7857,339,1408,780,31963,3277,4985,2047,2181,16887,4363,4059,947,5408,3388,2502,4637,36,206,26,8,25,88,149,27
0,19,4,0,0,1,0,0,1,2,204,16,1,5,0,146,3,4,0,3,16,6,14,0,0,0,0,0,1,0,0
12514,14247,4117,18035,1047,8620,3485,15457,1322,117026,394941,63486,84493,7714,89040,137844,49303,29721,16686,50597,80882,71724,102057,403,516,580,117,461,884,1798,8177
0,28,7,0,0,1,0,0,1,1,161,25,0,5,0,225,4,8,0,2,20,7,18,0,0,0,0,0,0,0,0
385,147,48,871,337,67,118,727,53,883,2966,2271,2724,119,3259,1167,341,458,836,857,514,602,993,3,14,0,12,0,36,53,47
1,3,2,1,0,6,4,2,3,8,149,20,10,12,5,51,33,16,1,11,26,10,17,0,1,0,0,0,0,1,0
202,27264,5533,387,0,469,363,15,883,426,118870,11898,737,3858,1016,117023,9490,12857,225,2762,32142,8181,21451,706,420,13,59,0,112,260,14
65,4377,1001,270,0,88,193,7,81,124,33547,5457,224,2242,558,28840,1766,1996,225,1266,6963,1970,5265,167,394,1,43,2,44,138,5
144,2232,763,137,0,904,1546,52,270,751,63040,4289,1775,4272,60,20468,2958,1918,96,2887,10962,6847,8979,581,1525,15,744,0,456,467,20
192,374,104,385,13,168,402,98,65,280,4750,1169,1604,296,943,2281,857,1126,384,566,681,738,1186,9,212,11,3,0,30,31,9
1307,2433,549,394,0,720,306,1916,355,6465,70916,9818,17221,2389,7078,14016,2366,4491,358,10972,6018,3131,5338,186,84,60,122,6,329,1150,671
249,125,40,130,1214,38,13,288,1106,718,2189,1188,1351,106,591,874,272,260,122,229,365,305,544,3,12,0,10,0,29,41,21
141,724,109,25,0,520,471,53,145,801,16064,2201,1385,683,491,3530,298,529,21,636,2868,1576,1949,70,484,0,105,15,148,195,47
11393,331,90,5340,17833,816,980,2127,2290,6151,8481,26930,16125,453,38100,2946,863,1190,5229,1770,2006,1940,3625,6,52,0,91,78,365,512,321
2,27,7,5,0,9,25,2,7,5,294,38,26,11,4,199,87,44,4,24,40,22,39,1,6,0,0,0,0,3,0
266,3623,866,1756,53,923,1027,863,2387,2543,20083,15132,6956,878,1450,22512,2599,5102,1605,4138,4593,4925,8864,146,373,7,70,22,193,308,34
11,159,35,7,0,42,26,6,8,12,3575,251,182,138,22,906,518,476,7,187,436,337,451,4,46,0,1,0,2,37,1
5,31,8,6,0,23,57,3,188,9,521,69,41,9,6,310,100,48,5,68,30,44,80,2,11,0,1,2,1,11,1
97,3984,957,84,0,281,330,15,479,97,50979,1895,815,2391,49,32785,2397,1804,52,2420,7235,1392,3926,535,277,10,41,2,45,149,7
1550,87768,14301,3148,0,4075,25598,511,40523,1986,895086,77518,16700,34893,925,565698,54543,36767,2748,47119,119371,38715,81626,7269,7200,254,1635,72,1216,5100,232
5497,2713,580,9030,17850,1413,2939,5429,75933,20555,44227,37553,41898,2571,18325,24223,6532,4859,8750,5190,6027,7968,13098,128,272,37,231,19,1010,1155,662
27,1638,309,13,0,87,142,22,60,196,29463,810,426,329,19,8354,1479,706,6,802,1240,1538,2180,18,43,6,27,7,22,129,12
3109,520,127,11948,6401,619,147,2462,12,11932,21032,18753,11939,981,21642,6222,1576,1233,11612,2398,4455,2933,4405,20,85,0,122,0,370,401,259
1057,194,51,642,4504,171,324,611,7969,2118,4510,4448,5253,327,7304,1851,512,561,618,1098,799,908,1499,7,28,0,31,0,90,123,124
3209,6842,1587,3811,422,4811,14737,2043,5613,28876,151552,48349,30474,3299,10991,54937,17393,21595,3300,9283,27004,10923,22788,198,901,1174,144,786,206,893,145
0,17,4,0,0,0,0,0,3,0,107,11,1,7,0,158,6,8,0,8,26,9,17,0,1,0,0,0,0,0,1
5,980,174,1,0,20,22,1,49,57,5746,2687,38,470,27,5792,166,602,1,198,599,219,490,13,11,0,2,0,3,12,2
0,3,1,0,0,1,0,0,0,0,43,8,1,2,1,23,22,4,0,5,7,2,4,0,0,0,0,0,0,0,0
324,237,64,349,2017,110,219,527,5768,2051,5796,2068,2660,356,2924,2618,919,570,332,1463,903,935,1534,17,44,19,19,2,65,82,34
55,417,80,157,0,21,302,28,259,23,4798,484,843,39,163,2185,1293,505,149,119,384,158,403,3,5,9,1,0,4,21,3
2841,10117,3071,5974,1309,11053,4025,7371,359,31424,260732,38828,59210,6974,30824,84234,23973,10825,3634,8581,58264,23631,37074,243,285,79,88,299,504,1228,4069
1608,1194,320,456,7182,262,199,1786,1730,3790,15509,6912,9713,1098,7054,7915,2502,2377,425,1809,2703,2318,4304,19,86,0,67,5,219,284,110
57314,8602,2342,9382,267368,3883,10074,20349,100730,55797,133656,208401,192018,6814,253568,55609,18828,16026,8823,17720,22170,35595,61219,161,961,91,909,628,3954,4142,3678
178,13082,2824,107,0,1036,719,16,161,738,161591,9775,952,7880,128,107855,6619,5122,81,5228,10590,8996,17785,168,4295,20,499,0,299,686,12
2933,1402,450,2488,393,2127,3657,4990,148,4995,53962,27672,23890,1310,9320,15925,3189,4490,2439,7425,7222,3346,6458,252,111,296,57,8220,512,481,3437
4326,998,210,6187,30454,672,894,1379,64331,18694,19129,17736,25882,1284,15422,7605,2651,1825,5993,3434,3018,2115,4652,37,143,49,124,0,507,554,505
1,0,0,1,0,2,1,1,0,1,26,7,5,2,1,8,5,2,1,4,5,2,3,0,0,0,0,0,0,0,0
1447,2115,475,435,0,754,177,2386,187,6874,65445,11054,18500,2152,9718,12667,2084,4029,398,11039,5600,2981,5154,149,79,0,125,0,336,1126,801
22,79,13,14,0,35,79,13,109,72,673,214,183,68,65,419,78,63,13,38,77,81,129,1,3,0,2,0,3,13,4
33,1408,307,2,1,82,200,25,1,256,35891,654,756,249,17,7140,962,665,1,622,1380,1560,1941,18,49,8,28,31,28,168,8
863,8959,2027,280,1,1398,2520,359,566,878,140466,10266,19711,4816,1115,46722,8671,9280,243,27212,13549,5751,9326,3689,212,20,70,211,1152,2316,434
2620,374,104,1664,7608,352,437,1051,3828,2750,7354,8713,9792,431,7154,2768,837,931,1617,1383,1305,1471,2465,7,41,0,54,0,173,237,245
21,677,129,60,0,12,523,31,618,10,5124,388,520,70,32,3625,1962,715,54,189,586,155,445,4,9,15,1,0,3,18,2
24,931,233,15,0,62,47,4,11,44,11134,2087,127,535,15,7897,442,458,8,376,2117,314,1031,127,94,0,12,0,15,49,1
364,2369,536,244,9,1086,1201,169,84,1427,38217,4038,2332,5376,1480,12887,7119,4327,226,3246,11911,5576,6485,180,679,35405,114,54,96,425,34
4403,595,180,3003,6526,588,915,2939,5158,7066,12093,18941,15132,856,30086,5229,1492,1574,2918,2312,2485,2502,4514,11,76,0,122,42,333,433,497
722,279,134,233,1977,341,367,723,3141,1434,10075,6086,3491,196,3109,3410,2868,493,230,1637,5166,431,957,14,61,16,25,0,125,602,88
256,999,380,119,48,538,173,256,213,1578,27798,3172,6688,518,854,6800,2272,3603,115,9485,3018,3100,3975,115,52,0,7,0,162,484,74
6,1073,180,1,0,20,22,2,4,13,6690,566,23,408,5,5753,295,227,0,132,532,528,1007,24,202,3,18,0,6,11,1
296,5005,1234,114,0,534,468,654,275,453,94824,5704,9337,1489,536,22953,5093,7886,93,11030,7320,3924,6214,509,109,6,32,76,353,782,258
460,4742,1293,230,0,402,378,671,660,4372,110845,6547,6845,2532,1829,25420,5933,8719,186,9287,9032,4304,7151,370,107,0,112,3,251,850,394
2550,439,129,1123,14428,372,527,1124,4860,2482,8035,8892,10896,500,6160,3343,1025,1124,1084,1524,1436,1579,2632,8,45,0,59,0,193,263,203
6059,2433,520,9326,16863,1294,2765,4854,93044,21217,40850,37965,40904,2435,20519,22081,5994,4387,9043,4927,5709,8166,13164,103,252,73,222,7,963,1078,658
2518,461,127,1505,9703,376,109,1332,556,4000,8230,8366,10146,575,13981,3479,955,1373,1461,1247,1915,1552,2782,9,47,0,55,199,200,246,142
110,18,5,219,768,40,27,95,54,751,700,782,546,49,1345,238,84,58,211,192,159,92,184,1,5,0,4,1,15,17,20
89,159,41,70,758,26,75,83,1202,505,2454,692,548,167,298,1350,581,351,65,514,302,388,592,9,18,0,6,0,23,29,10
3860,959,358,1275,24243,617,672,3321,34992,7624,20845,18557,16983,1745,25590,9969,3849,3632,1204,5380,3684,3634,6050,49,140,0,122,3,384,510,520
0,2,1,0,0,1,0,0,0,1,42,11,4,3,1,19,14,3,0,6,8,2,4,0,0,1,0,0,0,0,0
59,3542,755,99,0,115,224,9,191,156,38492,3729,382,2307,122,30786,1818,1556,78,1949,6987,1816,4569,107,269,0,43,0,89,144,14
4,8,3,25,0,33,3,24,0,47,346,35,204,12,43,103,29,47,20,19,101,20,32,0,1,0,0,0,0,6,3
401,146012,15145,1684,0,7853,718,50,197,3563,336271,106524,581,26434,3352,420328,8116,40938,1257,6898,50295,25390,56534,460,677,41,2265,0,332,1589,101
0,24,5,0,0,1,0,0,1,1,173,22,0,5,0,192,3,6,0,2,19,7,17,0,0,0,0,0,0,0,0
4037,4266,956,5231,698,5694,14337,2106,863,28058,44960,40593,29935,3099,21995,38512,10426,10509,4822,8161,19978,8019,18530,192,944,6793,138,1980,238,894,1142
6314,567,155,9046,20476,732,969,2534,3079,6260,11905,11136,21959,530,24405,5203,1403,1559,8852,1781,3051,2780,4474,8,58,0,96,0,393,488,608
484,2155,707,73869,5,1968,922,675,267,3995,65807,7976,7961,2907,684,30221,2907,3123,73762,7390,23962,4197,7460,248,304,124,110,0,413,303,336
4110,4535,1013,5038,817,5526,14752,2099,973,28728,46557,40036,29801,3109,21416,40353,11029,11047,4628,8146,20713,8352,19266,197,992,180,139,840,231,882,1138
0,1,1,0,0,1,1,0,0,1,40,5,2,2,1,12,10,4,0,3,8,2,4,0,0,0,0,0,0,0,0
512,48,17,428,1388,93,105,206,444,927,1487,1590,1955,102,2887,603,197,222,414,418,328,312,549,2,10,0,13,0,38,50,65
349,35327,7228,161,0,618,924,51,702,819,357679,17769,1621,12844,688,243529,19544,14591,89,7956,32657,23133,43094,1516,6022,1,179,12,107,660,71
8,11,4,4,0,5,4,3,1,7,137,33,23,4,4,99,53,20,4,9,41,18,36,0,1,0,0,0,1,3,7
1,18,6,2,0,6,5,1,5,3,283,22,19,24,3,128,31,28,2,20,38,25,32,1,1,0,0,1,0,1,0
91,417,67,24,0,143,81,48,8,96,5887,840,2857,166,296,2033,271,522,22,1551,559,417,664,26,11,0,4,0,57,133,66
289,1707,529,112,0,1575,3048,116,290,3482,84576,4363,2914,6409,181,21240,1345,1437,68,4608,5872,6006,8745,689,2849,7,1568,27,810,651,83
33,5149,1122,103,0,110,137,2,34,125,38997,2736,125,1399,451,23675,2009,1286,82,501,3731,998,3169,253,454,3,78,1,29,99,3
1,155,46,5,0,3,6,0,3,2,1270,116,6,60,14,1144,61,88,5,37,186,88,191,15,22,0,1,0,1,3,0
381,14563,3296,119,0,2646,3577,68,5730,3891,417440,7150,1722,11150,81,89518,2394,2360,55,5666,10980,18435,27396,1190,7163,10,2355,1,1325,1922,87
44,680,212,149,2,173,390,54,542,143,8010,1027,669,352,202,4301,1848,3421,147,736,1334,1607,2215,11,379,4,4,34,22,24,6
3812,762,271,1511,26346,592,581,2895,34664,7206,17429,17001,15067,1418,29194,7908,3062,2996,1436,4617,3245,3378,5650,36,116,20,107,0,347,447,712
31,26,17,6,0,64,31,11,5,49,1776,190,272,130,24,749,219,235,4,876,351,83,130,46,12,0,3,0,10,50,16
1,21,5,3,0,5,8,1,6,3,235,32,11,4,2,158,57,36,2,13,21,10,24,0,4,5,0,0,1,2,0
2,39,11,6,0,9,32,2,8,4,411,50,18,13,4,278,117,65,5,26,54,30,53,1,8,0,0,0,0,3,0
435,1902,429,310,415,1233,1322,212,75,1609,35968,4308,2997,7588,1835,11563,4340,3495,294,3311,10310,5607,6456,181,806,2,126,4510,124,450,36
27172,7051,2371,16773,10532,6199,8123,12681,336,72376,179306,81987,215677,7609,131305,76026,13518,15947,12531,8257,66616,26536,41191,261,949,349,821,264,1939,2155,11081
472,11480,2740,1245,0,583,2959,395,1766,744,93640,34668,4216,4805,766,76832,9334,14289,1176,6514,17789,7659,16158,74,723,8,46,0,283,673,35
464,14541,2857,606,0,576,1658,269,89,1189,148284,8572,11928,2262,958,79101,18957,13943,461,6135,28215,6243,11860,150,170,62,54,144,339,410,204
4088,589,149,7168,16328,1280,729,2307,10340,17340,17760,19824,20250,1369,23500,7969,2426,1672,7029,9294,3486,3980,6357,38,143,105,125,34,524,571,444
923,521,143,3837,516,1794,446,1629,111,9605,14395,24325,9264,605,7251,6441,1562,1203,3673,2549,2797,4863,8090,20,111,0,5,257,109,306,232
34,129,37,17,0,170,306,48,6,464,7564,835,994,613,74,4036,98,301,1,612,385,1233,1676,15,463,52,247,0,85,106,28
389,164,49,695,1378,66,131,694,58,779,2865,2254,2686,117,3345,1170,368,452,671,847,460,595,996,3,13,0,13,0,37,54,43
1,197,53,7,0,3,6,0,2,2,1236,120,7,65,15,1216,64,109,6,35,203,86,197,16,25,0,1,0,1,3,0
6,27,7,7,0,24,54,3,194,10,488,66,48,8,7,288,94,42,6,63,27,42,76,1,10,0,1,0,2,11,1
452,15007,3017,627,0,586,1661,257,112,1134,151565,8839,11290,2291,889,83964,19583,14439,476,6525,29141,6325,11987,151,172,64,55,218,344,410,186
6582,3035,874,4306,3294,6498,1109,2483,4435,37492,109929,49050,35372,2901,36468,38230,15338,8576,4004,12626,42102,16094,24221,160,562,68,19,804,2063,481,844
37,2278,484,86,0,36,52,1,41,34,15291,2379,121,708,350,17632,1389,1001,53,333,4151,1086,2846,220,833,0,18,0,11,86,2
220,688,144,65,0,313,83,184,9,219,15655,2348,5362,276,238,4064,523,1030,61,2325,1381,744,1213,37,20,37,8,0,124,276,148
226,46008,7997,4734,0,944,538,46,457,1053,166496,23096,1142,11014,1607,197313,12806,12700,4581,4237,22060,10722,29763,1839,3748,0,1875,0,213,683,19
32,298,81,12,0,52,388,22,12,26,5972,474,1102,108,37,2489,1119,630,11,379,450,328,479,6,6,4,2,160,5,41,6
228,25615,5134,357,0,519,423,22,1143,484,119442,11408,864,3829,815,110520,9972,11888,202,3604,30756,8713,21501,739,430,7,67,6,112,245,15
44,2722,724,16,0,294,131,6,63,216,47068,2051,435,436,9,25363,1108,3049,9,2389,2623,1778,3052,92,32,0,36,2,38,151,7
2253,361,79,5740,6328,266,503,683,5144,4499,5776,9629,9924,353,7329,3151,875,738,5635,919,1200,1352,2209,7,42,0,71,200,171,212,226
2593,352,103,2185,16173,343,91,1343,3150,3009,7163,9565,7933,349,4805,2612,796,795,2137,1250,1232,1093,1909,6,34,0,46,4,182,227,325
14,809,227,5,0,41,62,3,2,11,12053,430,186,158,7,4419,161,307,4,255,759,321,506,27,18,2,4,0,12,18,1
17,56,35,18,0,61,37,16,13,42,2274,212,177,84,117,672,1489,249,18,88,366,78,162,2,2,0,1,0,2,26,2
0,11,3,0,0,0,1,0,3,0,91,9,1,7,0,135,5,6,0,9,22,8,14,0,1,0,0,0,0,0,1
99,819,308,35,1,336,343,46,36,777,39148,3471,2943,406,153,10022,1745,1272,24,750,1804,2838,3624,34,202,0,137,21,85,432,34
43,2983,939,12,0,170,177,7,53,128,76745,1919,190,1060,28,22744,2221,1953,3,736,2916,2715,4539,58,95,8,127,0,45,125,10
215,1067,423,977,4,504,626,635,779,1865,12804,6589,4760,683,859,10866,2804,3318,899,1947,2987,2656,4855,43,312,52,21,0,77,176,23
611,237,120,204,1104,275,363,633,1547,1300,8102,5184,3065,167,2690,2819,2280,399,202,1376,4474,362,818,12,47,0,21,4,107,499,86
25,13,13,36,184,98,42,64,17,45,1546,509,173,108,306,376,248,92,35,122,271,97,147,2,8,0,3,1,13,17,13
2365,368,80,5693,6400,277,521,688,5464,4502,5836,9871,10156,358,7625,3212,888,750,5595,945,1208,1376,2251,7,43,0,73,90,178,222,236
2469,572,180,1593,10642,396,378,1892,1899,4779,10577,11346,11849,716,21190,4896,1527,2000,1518,2569,2662,2356,3888,18,77,2,57,36,197,264,481
382,25153,5885,160,0,312,527,61,315,473,204902,37060,2028,5305,2088,165756,6234,5211,105,3744,42263,8935,28889,2111,1561,18,170,81,156,467,25
19,2398,576,11,0,131,109,2,11,67,22765,646,63,1040,75,12597,424,521,4,324,1746,1326,2679,299,674,1,119,1,14,84,2
193,10935,2480,107,0,1184,969,17,154,967,163469,8498,1142,7920,60,102910,5495,5269,72,6512,10698,8608,17264,189,3937,5,529,0,397,718,14
31752,103621,34680,32825,1146,138993,38146,14144,5434,145300,2524877,462841,255090,218792,65172,1588344,75643,101945,31078,233459,1366039,167640,315647,37165,9583,3100,10034,21,20528,16504,20915
2998,591,150,8388,10753,490,481,2724,1254,10212,24922,15777,13574,1093,21550,7361,1930,1352,8170,2345,4841,3504,5174,27,107,107,117,2,350,375,202
160,108,31,205,11,94,478,72,7330,1004,2894,1453,994,384,694,1545,787,321,201,574,593,360,692,6,23,0,19,0,40,100,9
0,2,1,0,0,1,1,0,1,1,41,5,1,2,1,13,11,4,0,3,7,2,4,0,0,0,0,0,0,0,0
327,3078,717,171,0,942,730,124,72,1107,43078,4384,1823,4111,1109,16154,11818,4863,156,3225,13542,4125,5058,113,350,53,53,1,63,342,28
4434,779,173,9656,30669,767,667,1579,19479,19085,16681,20423,24192,1049,26507,6560,2236,1506,9360,3071,2749,1873,4111,26,115,11,124,0,512,556,714
131,1688,330,125,0,48,86,3,2,61,26872,1836,193,1533,81,15158,886,373,5,761,3265,770,2155,161,355,1,5,0,9,88,5
31,1192,249,9,0,60,61,4,15,21,11223,519,138,540,16,7613,651,508,6,506,1954,222,776,42,38,2,5,0,7,28,2
2240,428,91,2767,5032,271,877,656,5045,4606,6711,8854,8835,387,7538,3859,1061,886,2723,970,1290,1611,2587,9,50,0,74,1622,179,225,207
139,2797,815,569,0,486,860,50,438,579,23593,3652,848,1914,242,22611,2660,3301,544,2358,4626,4117,6458,42,560,18,48,0,52,343,5
781,876,197,2581,4788,944,437,1923,191,1052,33472,8878,25581,902,17273,6705,840,1535,2502,8931,3931,2079,3593,96,47,53,34,5,414,788,887
72,199,56,15,0,115,138,155,5,46,5612,737,1769,146,93,1758,892,535,12,777,485,288,523,6,7,0,3,0,60,143,20
2812,1187,384,2837,108,1687,2589,3671,56,5254,47951,31116,22335,943,8174,12634,2195,3862,2797,5681,6445,2943,5568,132,85,225,41,4096,425,396,3601
4345,1469,333,14387,33958,914,1800,3683,91649,21572,30749,45238,32227,2002,35753,15785,4077,3090,13897,3989,4524,5783,8923,51,170,3,184,0,797,820,644
124,147,39,189,12,96,471,51,5701,822,3434,1515,859,402,534,2008,1026,429,185,572,639,411,772,7,28,0,18,0,41,106,8
12,459,104,4,0,84,128,0,37,66,8947,226,32,341,2,3870,200,171,2,181,306,373,713,100,326,0,124,2,10,126,0
11,561,114,1,0,21,39,3,40,81,5344,1908,36,450,16,4351,435,306,0,207,619,174,399,7,8,0,2,0,4,10,1
2,11,5,2,0,7,7,1,4,4,245,23,20,25,3,102,27,19,2,22,34,23,30,1,2,0,0,0,0,1,0
4,13,3,10,0,8,16,2,19,4,253,30,37,7,9,119,74,19,9,13,12,12,28,0,4,0,0,3,0,4,0
336,23639,4949,3119,0,934,782,94,1356,2242,164417,20812,1523,13926,1539,158570,9807,7368,2941,9618,22302,13001,28593,751,3048,43,469,6,211,927,30
3,14,5,2,0,11,6,1,5,5,210,47,11,8,5,122,15,32,2,14,29,27,44,1,1,0,0,0,1,2,1
89,54,12,102,466,16,42,32,1,315,812,549,627,27,420,363,111,81,98,110,135,117,224,1,4,0,4,0,11,14,10
39,1268,352,30,0,48,206,8,31,70,11969,853,398,559,128,10437,2506,1485,20,794,1523,655,1487,75,75,3,15,119,8,46,3
14,425,95,4,0,93,141,3,20,82,9350,264,36,378,2,3589,194,134,2,203,297,341,680,77,347,0,165,0,15,152,1
10,81,14,1,0,25,55,3,2,29,1248,149,195,39,6,432,117,119,0,341,70,49,87,5,4,0,1,2,14,15,3
370,92,36,418,1943,131,147,318,3349,2376,4140,2044,1915,302,3511,1657,577,366,392,942,789,652,1056,9,31,0,18,0,59,73,47
2496,3168,452,5425,414,2304,22158,2378,2850,19475,42683,28202,20279,6732,22526,27724,8451,4611,5298,19126,12236,4684,9048,255,469,12,437,366,816,2266,297
1289,458,182,1252,730,1276,2472,1521,14241,1444,18650,6605,4990,709,5940,7041,3077,1480,1215,1025,2674,1568,3373,21,248,90,141,4,165,487,95
180,928,160,154,2,773,1672,90,20,1142,26139,8307,2848,272,1447,7429,822,645,126,1356,2202,1871,2699,21,212,0,157,2430,156,613,71
299,74,26,120,393,66,181,160,1083,760,2166,1199,1642,159,1453,944,312,287,112,488,382,443,736,3,14,0,16,0,36,50,38
7,12,8,13,50,29,3,8,10,37,608,104,85,43,66,155,80,46,12,56,132,39,72,1,3,0,1,0,2,3,3
32,131,38,17,0,166,294,50,7,452,7769,801,1006,613,71,4229,102,304,1,615,388,1274,1722,16,497,26,245,0,82,106,26
4,162,63,4,0,29,22,1,3,6,2685,152,33,50,10,1308,490,223,3,192,351,117,272,10,7,0,4,0,2,8,1
2294,190,54,7279,5220,468,1048,1644,265,11393,8634,14840,10029,565,14143,3584,1099,814,7105,1559,2148,1769,2786,7,65,0,116,25,296,314,486
45,2769,630,6,0,98,85,5,117,90,38904,1148,214,1738,5,20558,1548,786,1,1065,2437,2168,3653,152,268,0,21,0,25,59,4
31,995,155,2,0,234,282,10,180,334,23565,964,220,688,10,6265,271,228,1,515,1098,3167,3962,27,501,0,321,1,206,160,1
3740,730,181,5462,8972,1114,844,2323,12798,15127,19923,16863,20325,1551,20827,9408,2914,1916,5335,9523,3564,4700,7471,49,164,130,123,7,497,550,299
39,844,173,13,0,52,174,19,58,47,13590,799,606,143,67,5921,686,924,11,371,1055,492,793,65,12,0,3,17,30,80,146
17,50,10,25,61,29,35,10,50,16,975,117,208,109,76,333,118,92,24,101,74,85,165,1,8,0,0,0,5,12,3
693,6439,1818,1452,7,1022,2276,408,1867,1330,94471,12577,7286,3707,802,62791,8693,8856,1392,5241,12775,5921,12313,31,1145,0,50,53,287,727,93
1,185,57,1,0,9,21,0,1,4,3943,69,13,117,1,1644,152,127,1,59,85,50,153,1,8,0,5,0,3,12,0
26,860,227,16,0,64,42,2,23,52,12692,2370,134,523,10,7869,452,460,8,445,2420,284,1028,111,95,2,15,1,14,58,1
2905,566,145,8659,8020,486,567,2772,783,10860,23830,16550,13073,1032,20535,6979,1833,1306,8425,2242,4793,3314,4878,24,100,23,115,6,342,366,213
2633,5436,1431,1784,9453,3641,877,1780,14354,19735,121857,26232,22000,2109,9947,44636,18832,10251,1554,7264,41504,18723,24704,188,380,40,15,994,1200,320,324
1,6,3,2,0,4,3,1,1,1,106,11,5,3,3,58,39,21,2,5,21,6,12,0,0,0,1,0,0,0,0
2831,540,140,10246,6413,509,197,2435,162,11506,22504,18182,12321,940,20801,6511,1703,1252,9963,2123,4713,3069,4536,20,91,174,113,0,340,368,226
10,908,182,6,0,154,163,3,141,63,15979,383,40,448,5,5966,371,297,1,220,445,443,1012,42,289,0,138,0,17,133,1
72,328,55,130,4,175,253,35,205,213,3111,393,517,118,199,1737,329,257,120,521,388,224,473,3,18,12,1,3,14,15,8
3215,1795,465,3349,4868,2468,667,3093,2065,2184,61207,14665,33818,1551,24431,10151,1346,3103,3246,7063,7478,3674,5502,169,80,38,67,1756,945,1793,3166
526,19229,4096,7114,2,2407,22587,1134,5311,2544,143034,20798,16170,7027,4660,89821,59888,60822,6364,19895,32846,38330,59660,455,4010,54,141,38,458,937,253
21,17,16,31,244,113,37,66,23,49,1885,508,140,127,283,478,317,96,31,142,310,115,171,3,11,0,3,0,16,19,12
47,1660,594,14,0,184,415,14,54,346,62734,1057,872,2265,22,23697,2997,1745,6,1151,3851,1646,3993,45,430,4,80,71,56,125,10
348,255,63,216,371,53,183,590,22,622,3276,2157,2568,133,2764,1585,502,516,206,862,477,575,978,4,15,1,14,2,35,57,33
26932,1557,583,43384,7287,3557,5863,15563,22282,81762,61425,109126,93277,5907,113036,28799,10763,7947,41240,11322,13623,16965,27398,118,575,13,776,12425,4334,2596,2120
86,605,134,18,1,344,439,72,136,839,19196,1531,1891,670,245,3451,262,571,15,938,2775,2119,2481,87,447,23,161,0,107,141,28
106,26,6,123,1150,33,28,86,561,443,662,602,710,43,665,270,95,65,119,226,137,92,182,1,4,0,3,0,13,16,9
5,8,3,1,0,16,5,9,4,8,410,25,100,36,3,164,72,32,0,246,23,43,55,2,2,0,2,0,2,14,1
4196,745,180,4028,16171,469,2495,1207,8168,9385,17273,12276,15963,876,21440,8631,2041,1924,3897,2890,3199,4582,6776,22,103,0,91,13,300,393,342
5,18,5,4,0,5,2,2,2,5,178,34,12,5,3,127,82,32,3,10,42,19,37,0,1,0,0,0,1,3,4
1,7,3,2,0,4,3,1,1,1,116,11,5,4,3,63,40,24,2,5,22,7,13,0,1,0,0,0,0,0,0
270,40,12,266,1367,38,6,203,38,400,864,1164,1441,45,717,338,84,114,259,127,201,181,340,1,6,0,5,0,21,26,16
41,3081,955,12,0,164,181,8,50,125,76978,1951,177,1083,26,22221,2267,1927,4,701,2966,2723,4517,64,99,0,121,0,45,119,9
710,1136,269,1797,2387,931,641,2084,258,949,39045,7981,26039,1169,12388,8663,1122,1846,1722,10214,4372,2367,4065,145,57,90,38,95,439,825,689
1068,13732,2823,734,99,5146,5100,409,16044,8009,89282,20005,2764,6924,5214,91007,13018,19926,675,19972,21719,16249,26774,339,616,796,36,579,205,651,255
42711,5255,1496,10624,165722,3071,7951,12918,17130,62090,123006,180284,130522,4566,281303,36234,13022,12257,10141,12663,18313,26664,45145,105,771,0,782,147,3007,3037,4628
5108,367,101,6068,21529,606,162,1402,13908,9453,9669,14694,14292,718,22209,6028,1427,1037,5869,1687,1816,2900,4386,14,67,0,80,0,365,392,524
50,4850,927,34,0,131,144,10,37,61,61818,1217,135,1902,268,34293,2497,1821,16,803,5936,3511,6413,63,541,0,207,0,47,129,3
406,10454,1558,1305,120,1077,15393,536,2634,924,60498,7108,5549,2623,839,41977,5460,7652,1263,7343,14546,3344,9680,102,111,127,15,299,67,219,13
74,2060,794,11,0,249,338,21,64,284,85571,2464,322,1783,28,15396,2693,1297,5,1215,3427,2476,3887,55,172,1,151,1,111,154,5
1,8,3,4,0,2,8,1,17,1,136,19,8,2,3,71,25,20,3,6,9,8,17,0,7,0,0,0,0,2,0
19,1688,446,3,0,91,56,3,12,68,23852,477,86,777,23,14144,1033,790,1,457,1777,1266,2324,78,280,0,37,4,21,43,1
287,35561,8768,317,0,481,719,45,599,520,321684,20064,1361,11322,2213,262584,18785,20732,221,5531,32179,20466,43197,1324,5487,8,196,6,98,597,37
11,267,54,19,0,38,381,8,236,19,3066,215,163,149,22,1622,1304,506,18,196,215,152,364,7,29,2,1,0,2,19,1
191,11226,2561,106,0,1184,970,18,124,942,163700,8779,1115,7989,64,104899,5777,5431,74,6367,10755,8936,17649,177,4144,5,544,1,383,733,13
217,347,85,279,1997,43,200,500,21,482,3952,1797,1892,155,1539,2064,625,590,262,836,525,603,1026,5,18,0,12,0,32,57,26
51,2188,410,121,0,48,74,2,50,46,19630,2065,149,815,198,16713,1421,801,80,504,4143,1125,3109,187,741,0,18,1,16,99,2
51,4850,1127,306,0,86,168,7,67,114,32232,5363,219,2363,755,30055,1768,2302,263,1101,6888,2070,5361,200,466,0,45,0,41,142,5
5,24,12,1,0,38,23,7,5,8,782,58,95,117,5,526,247,89,0,638,47,123,154,5,5,0,3,0,7,48,2
158,129,23,323,0,86,499,122,2105,1589,2633,1718,2013,294,2270,1131,505,242,316,461,1008,315,659,3,19,0,18,0,37,80,43
45,6615,1331,371,0,77,163,5,56,82,33627,6340,171,2212,898,33892,1731,2965,338,888,7400,2105,5662,224,525,0,48,0,37,129,5
4792,1147,239,5661,27928,813,1452,1731,70876,20629,22813,18653,26102,1618,13983,9078,3188,2056,5472,4123,3285,2435,5475,55,173,54,143,6,587,654,488
206,10257,2223,112,0,1271,1095,23,125,1131,168514,7692,1347,7725,55,97163,5059,4909,70,7073,10815,7765,16035,216,3342,35,476,0,444,661,18
20,1259,163,2,0,167,208,6,163,184,23438,872,142,549,8,6245,284,245,1,360,971,2745,3513,28,439,0,193,0,180,97,1
21,776,145,63,0,13,400,27,426,10,6294,461,411,85,44,4230,2316,914,56,178,631,181,523,6,9,0,1,0,3,19,2
15,48,16,80,154,63,138,33,248,98,1843,271,396,251,145,545,424,129,71,151,90,195,304,1,20,0,4,0,4,24,3
2,15,4,4,0,5,5,1,6,6,257,28,18,3,4,142,51,26,4,15,17,12,26,0,3,0,0,0,4,2,0
28,64,21,10,0,25,9,33,31,123,1056,183,351,40,136,400,121,124,6,69,512,165,269,2,6,0,2,0,2,9,13
160,2685,538,63,0,327,630,82,128,55,32213,5814,394,1888,328,17979,1387,1348,48,1647,2934,1270,3026,14,327,6,7,0,26,118,10
3,17,6,2,0,12,5,1,6,4,219,74,9,8,5,158,23,39,2,16,28,30,47,1,1,0,0,0,1,2,0
51,99,66,7,0,169,102,12,154,112,6696,486,115,648,51,4209,962,1128,3,3649,1483,386,573,752,69,0,12,0,40,183,59
54,650,115,8,0,290,293,77,207,518,17341,927,1845,632,139,3823,285,467,7,1081,1462,2164,2492,66,354,9,116,1,79,93,21
255,4228,1188,429,3,1508,864,230,582,3447,96119,6820,2723,2944,352,38575,3898,4125,355,8386,30299,4983,8891,303,371,33,109,0,451,303,137
2083,436,92,2485,4983,251,1065,650,4839,4475,6797,8184,8595,391,7227,3914,1080,892,2442,955,1293,1634,2612,9,51,0,73,1869,170,214,196
24,1453,421,4,0,98,77,4,8,106,25049,785,115,872,17,13740,1099,811,1,610,1678,1509,2577,98,291,1,30,3,24,50,1
177,696,119,377,2,195,2818,249,153,346,6693,2036,2507,560,1993,3014,709,847,376,1540,1077,1040,2171,9,1123,22,3,3,21,71,4
29,75,21,93,12,137,16,39,4,52,3471,438,962,65,110,565,269,82,13,1603,185,165,224,3,4,0,12,0,22,19,72
0,1,1,0,0,2,2,0,0,1,37,16,3,2,2,18,7,5,0,3,12,2,4,0,0,0,0,0,1,1,0
0,2,1,0,0,1,0,0,0,0,43,9,2,3,1,21,18,3,0,5,7,2,4,0,0,0,0,0,0,0,0
1,0,0,1,0,2,1,1,0,1,29,8,6,3,1,8,6,3,1,4,5,2,3,0,0,0,0,0,0,0,0
490,55170,7367,1117,0,5972,1151,111,172,5250,287757,79292,1313,31283,1515,319388,7707,27769,844,13753,36413,24357,43632,406,716,166,1089,0,404,1866,487
2,33,8,4,0,17,9,7,1,13,406,27,95,14,10,160,38,66,3,18,103,24,37,1,1,0,0,0,0,4,0
24,365,85,66,0,353,206,17,1,136,12746,977,982,128,362,4588,692,88,27,582,1168,503,936,6,114,0,228,6,92,232,7
4497,6496,2545,13256,3517,22220,3389,8687,125,45876,222813,59193,89998,8481,37507,67975,22127,10222,10300,8634,60099,27015,41659,221,271,154,126,97,459,1408,4020
805,152,40,827,4091,173,206,571,933,1623,3478,4043,5123,218,7587,1435,334,459,800,891,754,730,1196,5,22,0,21,17,75,104,110
113,102,28,273,435,60,297,90,2476,1005,2684,1276,1034,176,984,744,501,227,266,391,751,247,534,4,17,0,17,0,24,66,11
48,681,123,136,0,146,658,50,507,213,4065,700,384,208,211,2816,741,750,127,530,626,358,679,13,21,33,1,0,13,19,2
1629,258,83,3429,13976,306,44,1350,16722,9874,8829,7637,7296,658,9379,3679,1106,777,3292,1394,2169,1578,2551,8,54,0,66,13871,222,228,150
515,43,16,510,1385,97,89,201,126,957,1437,1640,1916,94,2067,582,173,218,494,402,358,303,530,2,10,0,12,2,36,48,65
293,66,18,242,872,48,10,279,528,565,1271,1195,1593,70,1084,534,151,161,234,178,240,247,473,1,8,53,9,0,28,34,17
208,4545,1215,54,0,1426,838,83,489,2242,147898,7089,1340,2792,177,40723,1762,1795,42,3326,9963,11332,14907,227,1406,16,402,0,771,570,22
39,4722,1076,99,0,127,133,4,35,155,42250,3210,144,1410,222,23317,1896,1065,78,593,3520,928,3143,220,508,1,85,0,29,110,3
16,49,9,23,54,27,35,10,58,15,894,110,206,104,72,319,111,89,21,94,70,82,159,1,8,0,0,0,4,11,2
700,212,62,1186,321,165,675,871,1574,4807,6045,4490,3341,530,4648,3306,948,602,1141,1061,1063,1441,2301,14,56,0,58,25,144,157,118
1641,253,82,3580,14182,335,46,1355,13971,9865,8888,8001,7637,656,9468,3652,1089,771,3440,1403,2207,1547,2519,8,53,0,67,12765,226,234,144
24432,2330,691,39940,7371,3088,6520,15814,98723,73966,64620,95786,100497,6043,106409,29981,10754,8309,38287,11162,13843,18239,29088,133,585,48,779,37194,3726,2387,2237
44,3696,899,113,0,125,175,3,1020,309,36893,5422,218,1407,63,27013,4178,3349,95,1838,5932,2567,4859,38,180,0,34,0,22,156,6
354,452,140,4962,14,343,4236,927,321,1523,8570,11841,7700,622,7982,5284,1316,1339,4578,1150,1716,2927,5409,89,1710,10,4,309,98,207,9
422,149,46,437,2701,123,177,454,8343,2435,4657,2162,2392,306,3764,1908,700,449,416,1278,820,750,1233,12,33,0,19,235,60,75,42
26,595,204,2,0,88,161,14,4,390,16151,500,424,451,18,6508,724,404,1,253,1320,835,1454,4,321,0,4,9757,144,78,7
5,14,5,8,13,3,11,6,0,21,267,111,48,4,13,138,14,48,8,20,78,47,63,1,2,0,0,0,1,1,2
6863,18292,3696,13328,2298,9782,51801,2530,18234,8945,286928,58595,66907,9715,26598,142403,33084,19670,12590,44659,51461,26864,48882,263,5741,239,111,53,312,2309,325
41,681,116,9,0,269,257,58,177,433,17342,819,1571,576,114,3926,297,454,7,987,1425,2030,2351,54,356,11,102,1,74,79,19
1,0,0,1,0,2,1,1,0,1,28,7,5,3,1,8,6,3,1,4,4,2,3,0,0,0,0,0,0,0,0
138,1725,421,539,66,1065,501,488,1539,6174,29323,12059,4620,784,1777,13998,3490,2127,465,2895,4840,8211,11976,36,130,0,5,8,72,213,318
108,903,360,211,2,217,8119,247,82,529,13586,1100,1865,218,1291,6879,991,2819,193,1066,3316,2704,5278,86,350,0,5,0,53,43,22
0,0,0,0,0,1,1,0,1,1,23,4,3,2,0,7,6,3,0,3,3,2,2,0,0,0,0,0,0,0,0
0,17,5,0,0,2,2,0,11,0,159,13,2,3,0,129,20,12,0,8,12,7,16,1,1,0,0,0,0,0,0
1013,698,141,1207,4225,218,448,842,3363,4003,10783,5630,5878,704,3952,6484,1728,1154,1161,2309,2355,2433,4054,17,114,3,50,37,179,213,181
11,1472,361,9,0,50,30,2,10,27,9616,1475,95,464,54,9537,444,639,5,160,2337,386,1093,180,89,2,6,0,11,32,1
0,17,4,0,0,1,0,0,0,2,202,15,1,5,0,141,3,4,0,3,15,6,14,0,0,0,0,0,1,0,0
818,4031,940,270,0,522,452,830,882,5301,91495,7309,11523,2891,3263,19735,4394,6798,229,10313,7663,3659,6238,299,97,30,118,0,297,946,411
636,193,104,179,828,212,255,547,193,1250,6663,4584,2551,144,2405,2372,1835,324,177,1191,3897,316,716,10,38,42,15,104,76,406,87
61,3889,692,64,0,142,159,7,83,197,46645,4264,278,1894,46,21935,1507,691,47,906,2570,861,2955,102,392,1,52,2,72,125,4
514,23333,5353,163,0,335,535,62,290,531,233119,43359,1965,5785,1020,164840,6660,4784,94,4141,40655,8027,26883,2032,1176,4,205,14,208,550,23
3,19,8,4,0,13,12,2,5,15,424,57,23,24,11,120,97,49,4,29,102,25,47,1,2,0,1,0,1,2,1
21,46,29,19,0,65,38,20,13,44,2063,216,195,80,106,559,1280,229,19,97,383,73,147,2,2,5,1,0,2,26,3
1246,12200,2843,1490,674,6794,1579,367,7891,24034,183787,20893,12807,6573,2699,71515,17533,11508,181,20379,31408,15323,21770,620,669,579,92,5,1146,562,886
2117,331,85,2537,5734,367,271,1056,151,2635,6030,8752,8415,292,7786,2178,554,764,2479,1087,1340,1174,1958,5,32,3,38,0,136,194,211
5699,965,265,8340,28581,845,1357,2789,4916,5853,15797,13508,27135,696,14675,7166,2168,2136,8147,2208,3742,2775,5162,12,76,1,110,35,463,609,408
3098,1381,446,2727,414,2235,3609,4884,140,5203,54080,29406,24229,1303,10356,15724,3130,4461,2675,7484,7310,3366,6494,245,110,382,57,5677,527,496,3870
2177,268,76,2245,9652,309,55,665,363,2664,5431,8677,7193,200,6951,1854,481,631,2203,839,1103,1017,1644,4,26,0,31,640,125,169,201
300,17413,3309,275,0,638,401,20,3218,782,124917,9500,861,3651,305,91886,9773,8581,147,7072,27039,10129,20376,957,346,47,88,17,163,277,17
11044,491,134,3873,21694,848,1227,2716,3560,5474,10813,23644,17986,609,36468,4165,1268,1483,3778,2080,2444,2533,4579,8,67,4,101,2,414,572,375
52,582,108,11,0,129,214,55,105,437,18323,1284,1113,440,75,3636,759,712,6,284,442,2381,2749,66,180,0,136,0,37,116,43
13,710,262,5,0,70,131,2,3,198,17250,379,158,462,9,8481,1733,558,2,246,1299,657,1230,8,124,4,12,0,19,68,6
2593,4810,1750,54820,32357,34519,3920,16960,0,71069,130083,108444,136391,10520,102810,52159,12064,7328,49321,7672,56650,25912,45996,191,235,40,173,325,592,2097,9409
29,3787,749,50,0,54,63,2,64,46,22944,1684,165,1401,124,17213,1448,1386,37,429,2569,1031,2712,215,258,9,12,0,10,41,4
133,117,33,109,615,34,64,135,2060,680,2166,801,789,143,538,1058,476,289,103,492,296,350,547,6,15,0,7,0,23,30,12
28,41,30,5,0,86,48,9,24,49,2756,275,189,223,27,1352,388,398,3,1374,547,138,211,154,19,0,4,0,15,74,21
4317,494,135,4729,18450,526,255,1397,63585,10517,11956,15186,14261,934,17560,6877,1876,1304,4569,1881,2062,3442,5087,20,88,0,84,0,337,354,566
521,58,21,215,374,88,156,206,1582,865,1832,1488,1973,134,2019,759,261,253,205,505,342,378,648,2,12,0,16,0,42,56,69
29,1102,161,2,0,216,260,8,175,280,23998,994,201,680,9,6580,286,249,1,471,1003,3155,3975,28,493,0,269,0,215,136,1
272,2354,635,184,13,738,706,257,2145,2007,43711,14516,1342,1347,1188,21545,2750,4269,177,6638,5686,3587,7839,92,149,4,12,1,186,262,199
35,957,158,4,0,416,425,4,57,337,20116,483,96,1664,6,7634,227,214,2,813,1066,648,1305,85,562,0,219,0,157,164,3
641,10692,2994,282,0,6646,6999,102,5438,6470,454886,8557,1911,16091,85,105904,3195,1593,119,11015,22689,18337,27004,1588,12771,0,4748,0,3668,4392,112
56,659,173,21,0,609,625,11,81,258,23497,584,156,1271,8,6711,291,99,7,1074,753,432,1124,63,536,0,338,1,137,438,16
2163,2225,525,2211,3222,2044,1024,3221,3736,1799,63289,12243,31578,1677,21196,12015,1750,3609,2111,7024,7422,3875,5937,215,81,27,71,2548,860,1534,1727
5,6,4,6,0,14,9,6,7,23,256,57,42,25,26,79,51,27,6,25,67,20,38,1,1,0,1,0,1,2,1
6567,849,233,9005,27492,799,1164,2496,5819,5359,14165,12915,24985,632,17712,6425,1938,1885,8805,2034,3440,2945,5020,10,68,18,99,59,436,561,455
45,4898,1121,133,0,108,193,7,660,264,33379,6944,159,1507,176,29275,4050,3660,98,1167,6080,2222,5089,38,192,0,46,1,23,161,4
7228,291962,71490,16572,0,59354,12523,2083,31031,39553,4378469,179595,57484,121412,6050,2543288,161250,187685,12850,257068,1040384,149472,273724,9499,19627,620,5112,14,28345,10829,4080
101,165,42,20,0,71,38,34,1,44,3887,487,1846,58,69,1117,436,388,19,315,342,206,319,2,3,0,2,482,6,46,16
1,11,4,1,0,4,2,0,12,0,197,12,4,4,1,121,20,10,0,12,11,9,19,1,1,0,0,0,1,0,0
27,72,12,24,0,40,67,14,155,89,677,258,214,60,107,400,69,61,23,38,82,83,132,1,2,0,2,0,3,15,9
16,413,114,26,0,112,111,10,1,155,13310,454,427,156,56,5086,1421,207,10,311,1168,663,1072,6,76,0,152,0,30,74,5
73,1070,179,325,0,168,716,114,692,250,8565,1357,821,365,202,5018,1991,1599,319,1371,965,620,1442,10,232,5,6,12,11,53,2
2,48,12,13,0,26,114,5,80,15,464,112,57,28,11,299,154,112,12,80,74,65,103,1,11,0,0,0,1,4,0
662,2815,710,795,2337,1256,626,2413,5155,1110,74371,7026,21418,2029,6732,17100,2818,4754,725,7349,7191,4100,6314,380,100,0,59,101,612,1110,1083
577,2089,670,74063,5,2220,934,761,169,3693,59858,9276,9817,3009,762,28862,2739,2934,73943,7040,23622,4128,7285,259,284,50,111,0,404,321,396
939,91,33,949,2606,265,217,699,6693,6018,4570,5332,4244,412,7520,1753,597,390,910,1585,1122,772,1482,6,39,0,35,4,113,128,132
15,415,94,4,0,100,172,3,8,88,9615,283,38,397,2,3545,176,131,2,214,295,333,672,65,345,0,180,0,16,161,1
3729,347,98,11580,7475,1226,534,1887,1456,16816,13763,21502,16276,1122,38567,5650,1742,1229,11314,6210,3136,3160,5097,24,113,0,114,267,445,490,638
119,566,167,13,0,490,532,38,78,227,22998,1183,641,815,88,6444,364,119,9,1174,1923,3363,4304,35,363,0,111,16,247,217,35
147,577,169,233,3,222,2678,364,228,508,7712,1034,2387,188,1700,3840,524,1399,215,1038,1991,1690,3615,51,230,10,4,23,49,125,25
90,2464,588,15,0,319,224,21,4,185,67875,2291,669,2234,18,27776,1706,1039,7,1563,2879,2184,4648,27,246,1,91,2,274,134,16
4562,284,88,4244,8268,479,454,972,12705,8082,7826,14094,8507,584,12253,4635,1138,950,4117,1458,1570,2373,3584,13,56,0,71,52,291,313,264
3589,803,251,2790,13601,536,672,2011,4749,4598,12935,15231,11616,623,9314,7093,1752,1694,2721,1952,2634,2357,3816,10,66,0,87,17,267,373,572
132,6785,1746,245,0,379,562,25,1215,196,76383,7239,1147,4334,81,57495,5138,3135,182,3939,10493,3334,7747,611,761,6,144,0,177,413,15
125,2964,617,59,0,304,644,80,131,47,33070,5948,315,1659,273,20350,1488,1764,45,1305,3272,1395,3204,16,341,16,8,0,18,96,8
908,162,50,1451,462,169,593,911,2234,5052,5275,4735,3634,476,5130,2854,814,525,1401,992,990,1319,2066,11,49,0,58,17,138,151,115
1466,42768,9276,456,0,8172,24223,243,20968,10635,1028256,36860,5093,44710,475,301973,18584,11351,234,24602,40186,52409,98930,7565,27643,90,10767,415,6454,7642,66
299,1148,231,441,16,252,1242,196,3686,709,14321,1821,4190,531,1091,6324,1588,1246,427,2154,1226,1810,2523,15,92,21,9,0,34,131,22
100,32,9,173,190,20,34,55,0,425,746,723,723,30,615,307,92,72,165,119,142,104,199,1,3,0,4,0,13,15,10
29,1352,295,5,0,175,180,5,5,65,27783,1757,180,875,15,11017,765,678,3,815,1024,1680,2781,37,138,1,129,0,33,69,3
1016,16083,3145,794,68,4654,4164,352,20839,7552,93587,24439,2385,6689,5478,96260,15059,21975,739,19246,20590,17545,28538,349,611,33,102,281,151,647,220
45,2926,930,13,0,175,178,8,54,137,76808,1951,217,1083,30,22915,2195,1953,4,744,2894,2706,4543,57,95,4,134,1,45,126,10
3,13,4,2,0,10,5,1,4,6,201,43,10,8,6,108,13,28,2,13,28,25,41,1,1,0,0,0,1,2,1
2,4,2,0,0,6,9,0,3,4,116,11,9,48,1,123,6,4,0,4,27,7,20,1,12,0,2,0,1,4,0
265,31857,7745,156,0,301,333,40,239,388,184431,41261,1517,5631,1391,192771,6255,7703,117,2676,51188,10016,32930,2686,1760,0,126,0,134,379,21
3128,448,123,5530,6300,459,453,1693,3548,5594,8416,14907,10613,467,19317,3051,882,1060,5435,1384,1924,1663,3120,6,48,0,73,5,219,291,384
11878,2689,603,16028,101770,3015,1909,10402,41833,57006,67799,59952,54086,4138,68691,24740,8090,6053,15603,26620,17001,11018,18961,103,447,4,309,448,1315,1480,2415
2,23,6,4,0,18,6,8,0,16,362,23,98,11,12,134,30,54,3,16,95,20,31,1,1,0,0,0,0,4,1
1108,127120,26781,4707,0,3647,17577,1090,7973,858,837102,70573,12455,43395,11466,668318,67741,89367,4360,39985,191590,59351,113403,36284,12635,235,1206,326,1485,3416,121
3,96,25,7,0,10,32,2,26,2,835,152,21,14,5,748,284,112,5,30,57,43,104,1,7,1,0,0,0,4,0
764,6918,2439,816,0,972,512,751,56,892,263873,21371,5336,3105,8474,57934,20478,21981,634,29490,22560,62635,69216,82,150,0,42,682,179,1496,1356
1803,8573,1575,872,12,1334,2556,1255,33,3784,124587,22465,32453,3333,2753,57872,13974,11739,758,8035,18940,5391,9553,128,176,0,64,3432,693,577,1721
16,3104,698,12,0,106,82,2,6,53,24362,687,40,826,47,14091,481,698,5,264,1976,1201,2582,278,564,0,100,0,12,72,2
239,17869,4693,153,0,541,1078,32,4429,827,226536,8383,1922,5076,90,159152,17547,8641,49,10312,24348,17105,28827,1069,315,104,182,4,244,449,38
2,90,25,1,0,3,3,0,1,2,689,82,6,35,2,534,20,20,1,16,84,14,53,8,6,1,1,0,1,2,0
230,4964,1271,437,2,1388,836,189,740,3301,100914,6935,2023,2957,305,40278,4022,4269,360,8384,31372,5134,9144,329,381,232,108,0,446,304,128
60,3747,772,116,0,108,217,12,241,151,37514,4004,308,2353,142,30665,1824,1612,94,1835,7173,1865,4737,129,276,6,46,0,79,147,14
232,119,38,125,1827,36,12,268,1047,663,2032,1130,1384,96,560,798,252,240,118,209,340,280,502,2,11,2,10,0,27,38,19
97,65,16,162,53,70,34,64,4042,817,1992,971,853,225,969,905,389,175,158,342,518,275,531,4,16,0,16,0,28,68,12
7,92,21,14,2,26,48,11,125,10,1194,147,161,135,39,605,217,220,13,92,104,111,223,2,14,0,1,0,1,11,1
2,8,5,2,0,7,7,1,2,4,227,23,20,22,3,92,26,16,2,20,32,21,28,1,1,0,0,1,0,1,0
28,70,12,28,1,41,62,15,145,96,662,269,215,56,124,383,64,58,27,36,82,83,131,0,2,0,2,0,3,15,13
1342,1062,336,3443,38,1967,460,2613,554,9640,25111,17959,19952,2720,12298,10939,1286,2148,3026,1995,22768,5689,8293,17,148,144,196,741,566,148,965
8,13,4,4,0,6,1,3,1,6,158,36,22,5,4,114,69,29,4,11,45,19,38,0,1,0,0,0,2,3,6
58,579,94,16,0,113,112,30,31,69,7011,612,1260,223,124,2745,376,670,14,1719,669,479,740,70,14,0,4,1,54,125,38
31,4709,1017,12,0,55,71,3,36,50,32332,1171,120,1428,129,21930,2295,3357,2,485,3356,1795,3188,139,517,0,35,0,31,42,3
678,247,68,504,4786,106,108,918,2165,1095,3888,2333,2879,227,3817,1696,554,572,477,482,521,897,1402,5,26,0,19,14,63,84,78
99,1722,454,17,0,238,471,28,29,408,52964,1305,1967,2193,28,18910,2214,1420,9,1417,3395,1516,3436,33,387,0,81,0,73,128,12
3447,5668,1252,4216,155,4837,16273,2037,2852,27637,106850,39868,30966,2950,14095,47959,14779,13929,3767,8282,23096,9375,20763,222,1012,630,138,1333,213,935,445
185,48763,8036,773,0,351,488,18,621,426,236507,12393,605,4315,1012,192052,21590,16513,565,5273,31345,12450,28523,563,351,0,180,0,84,503,86
13,678,185,5,0,40,64,4,2,11,10446,369,269,158,7,3865,133,265,4,252,639,293,459,23,17,0,9,0,12,16,1
1200,1411,285,539,6,1059,962,643,8,1596,38305,7566,18257,854,2735,8247,3833,3536,501,3989,2178,1542,2349,141,24,20,37,1400,112,892,265
1,28,7,3,0,6,5,1,7,3,362,27,21,29,5,164,37,41,3,18,43,29,38,1,2,0,0,0,0,1,0
109,81,22,336,428,62,244,96,449,918,2307,1229,1060,142,1018,633,408,188,329,340,675,223,480,3,15,0,15,3,25,61,11
401,222,56,348,487,58,170,641,41,662,3031,2266,2640,127,3421,1396,455,484,334,864,453,590,991,3,14,0,14,49,37,57,35
0,2,1,0,0,2,3,0,1,1,52,18,2,3,1,27,17,10,0,4,15,3,5,0,0,0,0,0,1,1,0
16,106,35,50,0,106,17,26,22,24,4143,346,351,78,37,791,417,113,3,1780,198,180,231,7,5,0,9,0,20,18,46
630,1250,471,93,4,2469,755,265,424,4446,98771,16020,7998,2736,447,16084,4091,3953,11,3956,5731,10092,11981,102,584,0,162,0,363,1145,372
50009,6041,1637,12155,202843,3478,8500,16126,71604,69735,138002,209694,157553,5472,272459,41305,15193,13336,11574,14574,19542,28018,48666,122,812,15,857,943,3438,3435,5246
6,15,10,12,2,30,3,8,13,40,742,107,77,48,66,192,105,59,12,61,153,44,82,1,3,12,1,0,2,4,3
11,60,13,18,114,23,39,7,150,12,980,126,209,101,52,390,131,129,17,79,84,89,181,3,10,0,0,0,2,10,1
28,774,212,15,0,70,32,1,54,57,13531,2130,126,446,10,7602,439,447,5,461,2442,227,916,60,64,0,16,1,16,62,1
94,1967,401,29,0,151,90,80,131,132,29934,1690,1624,405,130,8193,1415,2153,23,2555,2336,1186,1901,128,31,0,8,9,91,219,89
1857,423,92,2125,3119,294,408,1206,7305,4970,8066,7829,7212,584,6144,4662,1221,846,2074,2281,1959,1960,3240,11,84,36,52,9,197,225,182
0,3,1,0,0,1,0,0,1,0,44,8,1,2,1,24,22,5,0,5,7,2,4,0,0,0,0,0,0,0,0
3603,814,254,2685,14033,535,696,2023,4763,4628,13162,15138,11528,640,9083,7191,1774,1716,2617,1985,2659,2365,3832,11,68,0,88,45,270,377,496
342,1673,452,89,0,1683,3150,127,225,4439,78193,4546,2393,5502,454,20874,1472,1378,56,2718,6526,4019,6722,540,2554,0,1593,20,787,746,134
78,168,47,14,0,69,46,27,3,32,4306,518,1726,66,47,1300,509,425,12,313,353,212,324,2,3,0,1,163,7,46,8
1,131,33,2,0,3,2,0,1,1,671,89,4,37,5,605,22,30,1,11,99,16,58,11,8,0,1,0,1,2,0
1730,1099,301,548,6706,282,175,1865,2438,3984,14811,7382,10398,1043,7772,7290,2331,2252,514,1678,2616,2205,4137,17,81,0,68,1,224,286,111
1141,121781,25309,4367,0,3684,17329,991,9143,868,820215,68625,12837,41719,10928,648290,69915,82391,4024,40874,182265,55472,108110,31798,11831,177,1184,579,1443,3504,129
267,79,28,100,584,58,182,152,1003,716,2214,1121,1549,163,1218,976,322,293,93,457,386,449,739,4,15,0,15,0,34,47,34
370,11872,2685,205,0,837,445,36,2119,1109,125150,9015,1450,3538,253,83062,9643,7675,117,9336,22694,11525,20287,585,339,10,104,51,208,338,17
3,80,21,8,0,11,33,2,34,2,711,147,28,13,5,616,261,85,5,28,50,37,90,1,6,0,0,0,0,4,0
33,802,135,17,0,119,412,16,138,47,4469,357,334,305,81,4045,314,875,15,653,925,627,1150,14,65,22,2,0,7,16,3
925,6190,2214,875,0,1045,537,870,84,1081,251445,24920,7175,2921,11666,52885,18390,20276,699,29193,21784,57801,64205,68,139,41,157,1125,185,1497,1454
0,28,7,0,0,2,2,0,7,0,193,16,1,3,0,166,22,18,0,7,17,8,18,1,1,0,0,0,0,0,0
